"","r","area","area_ha","model","a","a.std.err","a.tval","a.pval","b","b.std.err","b.tval","b.pval","fraction"
"12",2,1,0.1123,"mod2",NA,NA,NA,NA,3.44575321924345,2.67198579627351,1.28958515574786,0.41990605033405,0.412371134020619
"67",7,1,0.0775,"mod2",NA,NA,NA,NA,2.93878836101296,1.32063396347644,2.22528606887929,0.156016122137258,0.412371134020619
"100",10,1,0.1123,"mod2",NA,NA,NA,NA,10.6255572550902,4.84318851667657,2.19391775036285,0.115828864812325,0.412371134020619
"155",15,1,0.0493,"mod2",NA,NA,NA,NA,3.83321848527757,2.84256516041913,1.34850681301968,0.406213202331808,0.412371134020619
"166",16,1,0.092,"mod2",NA,NA,NA,NA,8.37842563964262,3.84450185167169,2.17932672759657,0.117423189829084,0.412371134020619
"177",17,1,0.0489,"mod2",NA,NA,NA,NA,3.79793669249161,2.82680793488715,1.34354253276964,0.407337173582682,0.412371134020619
"198",19,1,0.0493,"mod2",NA,NA,NA,NA,58.6845129938214,48.7185837823044,1.20456114356791,0.441096741349976,0.412371134020619
"219",21,1,0.0489,"mod2",NA,NA,NA,NA,27.5962459712209,16.311311362349,1.69184717023554,0.232747765934727,0.412371134020619
"252",24,1,0.0493,"mod2",NA,NA,NA,NA,13.7566845779296,7.04873567885235,1.95165277926401,0.146037697879174,0.412371134020619
"285",27,1,0.0493,"mod2",NA,NA,NA,NA,5.6794845612433,1.21050002039563,4.69185003349859,0.00537618042168517,0.412371134020619
"296",28,1,0.0437,"mod2",NA,NA,NA,NA,3.70977826935041,2.78761605212128,1.33080675386676,0.410245281697671,0.412371134020619
"340",32,1,0.0314,"mod2",NA,NA,NA,NA,55.3320551042421,56.1394586391063,0.985617895960583,0.504611044102385,0.412371134020619
"362",34,1,0.1123,"mod2",NA,NA,NA,NA,2.8236666544028,2.41410655691191,1.16965286653079,0.450321522073469,0.412371134020619
"373",35,1,0.0775,"mod2",NA,NA,NA,NA,3.4107735905839,1.37216967503883,2.4856791784787,0.130828326033255,0.412371134020619
"384",36,1,0.0661,"mod2",NA,NA,NA,NA,8.27967387682737,1.42191929953197,5.82288592577137,0.00112808404172168,0.412371134020619
"406",38,1,0.0489,"mod2",NA,NA,NA,NA,3.40181105862305,2.65302016987707,1.28224093327593,0.421668010600539,0.412371134020619
"417",39,1,0.0329,"mod2",NA,NA,NA,NA,19.5034868017514,5.83493455672655,3.3425373690383,0.185064571205837,0.412371134020619
"439",41,1,0.0489,"mod2",NA,NA,NA,NA,11.9407837683463,5.11708652882301,2.33351218532019,0.101821378303262,0.412371134020619
"472",44,1,0.0459,"mod2",NA,NA,NA,NA,3.00987042573073,1.36594640872123,2.20350550103096,0.158417719087395,0.412371134020619
"483",45,1,0.0775,"mod2",NA,NA,NA,NA,3.29938729061397,2.60918854782012,1.26452620427546,0.425970008696098,0.412371134020619
"494",46,1,0.0459,"mod2",NA,NA,NA,NA,3.09500872503556,2.52347100788636,1.22648871945151,0.435462095007091,0.412371134020619
"571",53,1,0.092,"mod2",NA,NA,NA,NA,53.031256822946,56.1590571798178,0.944304614180811,0.518231243308118,0.412371134020619
"593",55,1,0.0493,"mod2",NA,NA,NA,NA,28.1690236056563,13.3260167148156,2.11383673069678,0.168856197713942,0.412371134020619
"626",58,1,0.1123,"mod2",NA,NA,NA,NA,11.0730508745308,4.20167811069621,2.63538771481378,0.0779637157950846,0.412371134020619
"636",59,1,0.0437,"mod2",NA,NA,NA,NA,5.91215808289806,1.6710818385563,3.53792252808262,0.0384207391652875,0.412371134020619
"658",61,1,0.0329,"mod2",NA,NA,NA,NA,4.82424015435829,3.29770244335761,1.46290947628568,0.381725695257264,0.412371134020619
"669",62,1,0.092,"mod2",NA,NA,NA,NA,10.54384196379,3.9172115428249,2.69167029876214,0.114749227924033,0.412371134020619
"680",63,1,0.0329,"mod2",NA,NA,NA,NA,2.95917942307106,2.46802971898614,1.19900477709267,0.442543913741199,0.412371134020619
"691",64,1,0.092,"mod2",NA,NA,NA,NA,10.6255572550902,4.84318851667657,2.19391775036285,0.115828864812325,0.412371134020619
"735",68,1,0.1123,"mod2",NA,NA,NA,NA,6.9358185540137,2.01944639327163,3.43451481412053,0.0264261020830909,0.412371134020619
"756",70,1,0.0329,"mod2",NA,NA,NA,NA,2.54192603072511,2.30786969242868,1.10141661769912,0.469299867719968,0.412371134020619
"767",71,1,0.0775,"mod2",NA,NA,NA,NA,5.78616116269356,1.8516173029223,3.12492281939773,0.0353580908017555,0.412371134020619
"800",74,1,0.092,"mod2",NA,NA,NA,NA,7.3606132730765,1.53043762683993,4.8094826891278,0.00858854912963191,0.412371134020619
"833",77,1,0.0329,"mod2",NA,NA,NA,NA,13.3640646457405,13.4456389297943,0.993933030294819,0.501937046477836,0.412371134020619
"876",81,1,0.0489,"mod2",NA,NA,NA,NA,3.09500872503556,2.52347100788636,1.22648871945151,0.435462095007091,0.412371134020619
"964",89,1,0.0661,"mod2",NA,NA,NA,NA,6.12538817590896,1.52305951768414,4.02176546929881,0.0101031234359561,0.412371134020619
"986",91,1,0.0661,"mod2",NA,NA,NA,NA,6.82897386413806,1.08038734250198,6.32085696998576,0.000732588285093355,0.412371134020619
"1008",93,1,0.0775,"mod2",NA,NA,NA,NA,4.23968812197874,1.63533049059832,2.59255737378661,0.0808947931889854,0.412371134020619
"1030",95,1,0.0661,"mod2",NA,NA,NA,NA,16.1780728482594,4.55070286698551,3.55507123210094,0.0236905125143288,0.412371134020619
"1052",97,1,0.092,"mod2",NA,NA,NA,NA,2.8236666544028,2.41410655691191,1.16965286653079,0.450321522073469,0.412371134020619
"13",2,2,0.1582,"mod3",1.11160621237074,0.196563179498273,5.6552107836682,0.010946537714631,NA,NA,NA,NA,0.55
"24",3,2,0.0766,"mod3",1.08019040651478,0.264164351926071,4.08908468776697,0.0264352688716615,NA,NA,NA,NA,0.55
"46",5,2,0.0952,"mod3",0.894641240010894,0.193849899911437,4.61512355910229,0.0191420114479819,NA,NA,NA,NA,0.55
"57",6,2,0.099,"mod3",1.08719717853944,0.196745948513299,5.52589360418751,0.0052385402008172,NA,NA,NA,NA,0.55
"188",18,2,0.1452,"mod3",1.33275844307253,0.137572591785998,9.6876741636569,0.00233560385539685,NA,NA,NA,NA,0.55
"199",19,2,0.0982,"mod3",0.944699995453999,0.186688204091741,5.06030897908129,0.00717898277234956,NA,NA,NA,NA,0.55
"209",20,2,0.0818,"mod3",0.817966536421769,0.136956436993159,5.97245777109859,0.00394853935688111,NA,NA,NA,NA,0.55
"220",21,2,0.0948,"mod3",0.942117790723237,0.204285059037174,4.61178020146739,0.00994233015500703,NA,NA,NA,NA,0.55
"231",22,2,0.1437,"mod3",1.02788984024809,0.159858227193935,6.43000900417275,0.00135147948501206,NA,NA,NA,NA,0.55
"242",23,2,0.112,"mod3",1.09984966920983,0.15723390458409,6.9949905023291,0.00219801871033243,NA,NA,NA,NA,0.55
"253",24,2,0.093,"mod3",1.09249024165706,0.205480977694717,5.31674636705384,0.00601874929728892,NA,NA,NA,NA,0.55
"297",28,2,0.0751,"mod3",0.913295042683293,0.209180019636368,4.36607207643892,0.0120049165054311,NA,NA,NA,NA,0.55
"308",29,2,0.1409,"mod3",0.845373465223912,0.124815693308374,6.77297415746674,0.00106651991658081,NA,NA,NA,NA,0.55
"330",31,2,0.115,"mod3",1.44096883416487,0.180370427337157,7.98894173195781,0.00049611356404172,NA,NA,NA,NA,0.55
"352",33,2,0.157,"mod3",0.647058173881107,0.181818899554875,3.55880590777539,0.0236112969145202,NA,NA,NA,NA,0.55
"374",35,2,0.1268,"mod3",1.14495197550832,0.159954700302471,7.15797643547353,0.00201601458999559,NA,NA,NA,NA,0.55
"440",41,2,0.1622,"mod3",1.04274395643008,0.179303608120291,5.81552132364525,0.00435205878365311,NA,NA,NA,NA,0.55
"451",42,2,0.0773,"mod3",0.809648191258523,0.178904495059447,4.52558886790122,0.0106129732330608,NA,NA,NA,NA,0.55
"462",43,2,0.1898,"mod3",1.34246335344067,0.168938647451953,7.94645496272528,0.00415651279582735,NA,NA,NA,NA,0.55
"484",45,2,0.1268,"mod3",0.781104658623796,0.182566903957092,4.27845705707632,0.00787506750704918,NA,NA,NA,NA,0.55
"495",46,2,0.0773,"mod3",1.42510880339869,0.150800163797992,9.45031336509506,0.000699235323319451,NA,NA,NA,NA,0.55
"506",47,2,0.112,"mod3",0.832956670777635,0.217050993875775,3.83760818554169,0.0311997695357675,NA,NA,NA,NA,0.55
"517",48,2,0.1612,"mod3",0.937750725116721,0.139593852290899,6.71770790566439,0.00255673334773618,NA,NA,NA,NA,0.55
"528",49,2,0.0751,"mod3",0.908945368294246,0.155522208648537,5.84447312183152,0.00427393982943039,NA,NA,NA,NA,0.55
"539",50,2,0.1212,"mod3",1.38092626852171,0.133718791475933,10.3270920510095,0.00193672361296583,NA,NA,NA,NA,0.55
"550",51,2,0.0773,"mod3",1.08156556476435,0.154429192567676,7.00363413666346,0.000914560355705695,NA,NA,NA,NA,0.55
"561",52,2,0.1264,"mod3",1.05826509967744,0.182536234051808,5.79756181108173,0.00440139864757203,NA,NA,NA,NA,0.55
"572",53,2,0.1409,"mod3",0.676935830490617,0.148907351048667,4.5460202315289,0.01044916055524,NA,NA,NA,NA,0.55
"594",55,2,0.1154,"mod3",1.11005684992628,0.179062744375968,6.19926190562319,0.00159424927282909,NA,NA,NA,NA,0.55
"605",56,2,0.1581,"mod3",1.04934433396075,0.27716655373725,3.78597027603668,0.0323116384557317,NA,NA,NA,NA,0.55
"616",57,2,0.2043,"mod3",1.16353151999419,0.250331096598453,4.64797037125822,0.0187785172188638,NA,NA,NA,NA,0.55
"627",58,2,0.1784,"mod3",0.909912324830503,0.236322522529854,3.85029879966501,0.0182979334783614,NA,NA,NA,NA,0.55
"637",59,2,0.0751,"mod3",0.888102624496849,0.27444321223625,3.23601599493137,0.0479959001090352,NA,NA,NA,NA,0.55
"648",60,2,0.0952,"mod3",0.813716278001773,0.169826465722852,4.79145741235477,0.0049205874594316,NA,NA,NA,NA,0.55
"659",61,2,0.1249,"mod3",0.951888209592278,0.235248236879077,4.04631389472036,0.027175970431412,NA,NA,NA,NA,0.55
"746",69,2,0.115,"mod3",0.940555270932217,0.171138999859417,5.49585583475913,0.0118544252710243,NA,NA,NA,NA,0.55
"757",70,2,0.1462,"mod3",1.29888179304684,0.315283096492182,4.11973178231916,0.0259204647104205,NA,NA,NA,NA,0.55
"768",71,2,0.1695,"mod3",1.21450108901177,0.238817251906633,5.08548306002024,0.0146925594292236,NA,NA,NA,NA,0.55
"779",72,2,0.0751,"mod3",1.32763594291266,0.309275536606614,4.29272860530629,0.0232447368090078,NA,NA,NA,NA,0.55
"801",74,2,0.1413,"mod3",1.22273689612239,0.238789034822585,5.1205738866144,0.00688338839039614,NA,NA,NA,NA,0.55
"812",75,2,0.0975,"mod3",1.09937830545643,0.306397572295131,3.58807772927612,0.0370735403149345,NA,NA,NA,NA,0.55
"845",78,2,0.1104,"mod3",1.17703129963948,0.225902948507811,5.21034057950238,0.0137430456815369,NA,NA,NA,NA,0.55
"855",79,2,0.1447,"mod3",1.26498696493206,0.296267402527776,4.26974737733242,0.0235789562769503,NA,NA,NA,NA,0.55
"866",80,2,0.1695,"mod3",0.762249701924213,0.228242725682047,3.33964510652604,0.0288452999657462,NA,NA,NA,NA,0.55
"888",82,2,0.0822,"mod3",0.899213590877591,0.304185047010178,2.95614001975417,0.059728947593787,NA,NA,NA,NA,0.55
"899",83,2,0.1154,"mod3",1.11518370365899,0.200225652082343,5.56963452015812,0.00509135190900707,NA,NA,NA,NA,0.55
"910",84,2,0.2043,"mod3",1.40490513093,0.180638729262997,7.77743032550099,0.00147365415005938,NA,NA,NA,NA,0.55
"921",85,2,0.1592,"mod3",1.16438075643756,0.118006636011547,9.8670786304223,0.00221347707813948,NA,NA,NA,NA,0.55
"932",86,2,0.0896,"mod3",0.813000425856582,0.168677965961351,4.81983773768568,0.00479912101221685,NA,NA,NA,NA,0.55
"954",88,2,0.0948,"mod3",0.692100573861227,0.113378324463869,6.10434646246497,0.00364445166233195,NA,NA,NA,NA,0.55
"965",89,2,0.112,"mod3",1.38455017416088,0.115472497959552,11.9903024410701,0.00027730368053439,NA,NA,NA,NA,0.55
"976",90,2,0.0818,"mod3",1.52113406576676,0.184448815871915,8.24691694861877,0.0037331252308724,NA,NA,NA,NA,0.55
"998",92,2,0.1437,"mod3",0.988667146943351,0.184196764049997,5.36745122555461,0.00581722854766738,NA,NA,NA,NA,0.55
"1031",95,2,0.1581,"mod3",0.997630294191318,0.290179012251925,3.43798225257312,0.0412967001254968,NA,NA,NA,NA,0.55
"1053",97,2,0.2053,"mod3",0.751233926874365,0.168871660422202,4.44854941910431,0.0112593240411424,NA,NA,NA,NA,0.55
"3",1,3,0.1427,"mod3",1.23656921283426,0.273211269862359,4.52605492246798,0.0106092019980107,NA,NA,NA,NA,0.54
"36",4,3,0.2283,"mod3",0.928432172235159,0.198370026773724,4.68030471808222,0.00543209895500526,NA,NA,NA,NA,0.54
"47",5,3,0.1389,"mod3",1.11543870700989,0.242928073113852,4.59164184983727,0.0100943101707689,NA,NA,NA,NA,0.54
"58",6,3,0.1765,"mod3",0.945226987876208,0.192843050683367,4.90153513194623,0.00803512476384828,NA,NA,NA,NA,0.54
"69",7,3,0.2212,"mod3",1.21961374251395,0.19511114125501,6.25086673507751,0.00333964070714669,NA,NA,NA,NA,0.54
"91",9,3,0.175,"mod3",1.12811224977889,0.178763191491651,6.31065176430112,0.00147114684847709,NA,NA,NA,NA,0.54
"102",10,3,0.2075,"mod3",0.752049966293637,0.194673586638683,3.86313304890946,0.018098907129954,NA,NA,NA,NA,0.54
"113",11,3,0.1925,"mod3",1.36064282443748,0.141006917601132,9.64947569654951,0.000202799445750594,NA,NA,NA,NA,0.54
"124",12,3,0.3176,"mod3",0.616172269617021,0.136688507384591,4.50785718131619,0.00635341159934597,NA,NA,NA,NA,0.54
"135",13,3,0.1951,"mod3",1.14350911261642,0.154016733247358,7.42457711253939,0.00505587304886108,NA,NA,NA,NA,0.54
"146",14,3,0.3176,"mod3",0.697722778552185,0.216632289921233,3.22076999142591,0.0322569087993309,NA,NA,NA,NA,0.54
"168",16,3,0.1671,"mod3",0.645418947649902,0.104649727328594,6.16742120716022,0.00350921342338007,NA,NA,NA,NA,0.54
"179",17,3,0.1419,"mod3",1.07712955221716,0.125444316802295,8.58651535337986,0.00332055398266895,NA,NA,NA,NA,0.54
"189",18,3,0.1889,"mod3",0.646092907510791,0.177899214067304,3.63179180356782,0.0221247557730093,NA,NA,NA,NA,0.54
"210",20,3,0.1132,"mod3",1.17974612798402,0.273319155265729,4.31636826492104,0.0229073036242719,NA,NA,NA,NA,0.54
"254",24,3,0.2063,"mod3",1.09748353185355,0.182909431358545,6.00014730624918,0.00184593546744431,NA,NA,NA,NA,0.54
"265",25,3,0.1911,"mod3",1.20630785397151,0.267834686064707,4.50392692483481,0.020442423663439,NA,NA,NA,NA,0.54
"287",27,3,0.1945,"mod3",1.02585295897539,0.229584675751973,4.4682989211512,0.0110891864433017,NA,NA,NA,NA,0.54
"298",28,3,0.1874,"mod3",1.02862660205378,0.249916705192458,4.11587773318974,0.0146616448045725,NA,NA,NA,NA,0.54
"309",29,3,0.1868,"mod3",0.904650545925498,0.158813589050643,5.69630439897066,0.00126445345053108,NA,NA,NA,NA,0.54
"320",30,3,0.121,"mod3",1.37589949410707,0.270481688038269,5.08684896225729,0.0146817165253329,NA,NA,NA,NA,0.54
"342",32,3,0.2212,"mod3",1.04276919001646,0.212326096213862,4.91116828600355,0.00797975320477725,NA,NA,NA,NA,0.54
"353",33,3,0.1899,"mod3",1.49538432049296,0.189500993925352,7.89116874543684,0.00424123433348956,NA,NA,NA,NA,0.54
"364",34,3,0.2227,"mod3",1.25430604429622,0.299050928005183,4.19428908869488,0.0247209753881262,NA,NA,NA,NA,0.54
"463",43,3,0.2227,"mod3",0.614746429658514,0.146576083834506,4.19404321343859,0.0247248120250051,NA,NA,NA,NA,0.54
"496",46,3,0.1262,"mod3",1.14270761333216,0.204674381617632,5.5830515001479,0.011345946708314,NA,NA,NA,NA,0.54
"507",47,3,0.1609,"mod3",1.40524917408822,0.280352689653514,5.01243335965479,0.00742489775901738,NA,NA,NA,NA,0.54
"518",48,3,0.2105,"mod3",1.21589292609573,0.236147839820872,5.14886321644117,0.0142002299244901,NA,NA,NA,NA,0.54
"540",50,3,0.1526,"mod3",0.783054636800196,0.196895929250556,3.97699759350401,0.0164422804785495,NA,NA,NA,NA,0.54
"551",51,3,0.1896,"mod3",0.839837874600486,0.154242924576467,5.4449037251244,0.00159499839968932,NA,NA,NA,NA,0.54
"562",52,3,0.1593,"mod3",0.949495415140243,0.192497243056559,4.93251435741998,0.00785870174642988,NA,NA,NA,NA,0.54
"573",53,3,0.1868,"mod3",0.856037438957183,0.231014687996242,3.70555416359981,0.0207344460907747,NA,NA,NA,NA,0.54
"660",61,3,0.2372,"mod3",1.57431339866881,0.199947114815241,7.87364899025192,0.00426855730242767,NA,NA,NA,NA,0.54
"682",63,3,0.2372,"mod3",1.24009849817629,0.269554996904781,4.60053982458484,0.0100268139217332,NA,NA,NA,NA,0.54
"704",65,3,0.1874,"mod3",0.894196535050559,0.170317342635126,5.25017899654653,0.00332573234514169,NA,NA,NA,NA,0.54
"715",66,3,0.2154,"mod3",0.986297352669209,0.229590311672582,4.29590144934235,0.0126867073298649,NA,NA,NA,NA,0.54
"726",67,3,0.2231,"mod3",1.00711174479082,0.160450022689188,6.27679403163269,0.00328901477798101,NA,NA,NA,NA,0.54
"737",68,3,0.1926,"mod3",1.20175940809407,0.162777706584479,7.38282553127368,0.000716800788404993,NA,NA,NA,NA,0.54
"747",69,3,0.1479,"mod3",0.72297761865067,0.125131606690975,5.77773783754039,0.00218441685200737,NA,NA,NA,NA,0.54
"758",70,3,0.1776,"mod3",1.23868321539528,0.312653491103746,3.96184034607263,0.0287191802961672,NA,NA,NA,NA,0.54
"769",71,3,0.2818,"mod3",1.24838820248337,0.207379668558652,6.01981964365177,0.00918702782148917,NA,NA,NA,NA,0.54
"780",72,3,0.1671,"mod3",0.944708523241333,0.12766841363119,7.39970440903585,0.00177903320350285,NA,NA,NA,NA,0.54
"802",74,3,0.2536,"mod3",1.24300692435426,0.214761470299302,5.78784882885157,0.010259135684574,NA,NA,NA,NA,0.54
"813",75,3,0.1412,"mod3",0.932819874290658,0.157493719973967,5.92290203345788,0.001955987438453,NA,NA,NA,NA,0.54
"856",79,3,0.1906,"mod3",1.19923788293647,0.209221121062862,5.73191595974741,0.00458768297450579,NA,NA,NA,NA,0.54
"867",80,3,0.2356,"mod3",1.09065760276738,0.199381846605327,5.4701951122276,0.00278057337195916,NA,NA,NA,NA,0.54
"878",81,3,0.1846,"mod3",0.801349984791452,0.131783333489389,6.08081434558624,0.00173870360623289,NA,NA,NA,NA,0.54
"922",85,3,0.1906,"mod3",1.30666222036693,0.230350636835465,5.67249232872865,0.00476470773895666,NA,NA,NA,NA,0.54
"944",87,3,0.1643,"mod3",0.848798250448189,0.211311925800547,4.0168023987882,0.0159065437960015,NA,NA,NA,NA,0.54
"966",89,3,0.1557,"mod3",1.3375127410111,0.222331251154744,6.01585577405031,0.00920408161467157,NA,NA,NA,NA,0.54
"999",92,3,0.2357,"mod3",0.913194744010315,0.137153955180244,6.65817287449145,0.000554920935474095,NA,NA,NA,NA,0.54
"1021",94,3,0.1816,"mod3",0.740689925482146,0.178541052806951,4.14856927209353,0.00892245757272291,NA,NA,NA,NA,0.54
"1032",95,3,0.191,"mod3",0.913252723246037,0.150318943396429,6.0754333593043,0.00370858163035232,NA,NA,NA,NA,0.54
"1087",100,3,0.1304,"mod3",0.845157178946471,0.101636851514785,8.31546005558358,0.000164067863180422,NA,NA,NA,NA,0.54
"4",1,4,0.1886,"mod3",1.15846292680266,0.16016510911552,7.23292940141609,0.00545031791375318,NA,NA,NA,NA,0.535353535353535
"15",2,4,0.2385,"mod3",1.11119601097161,0.234202217638861,4.74460072229151,0.0177598581715353,NA,NA,NA,NA,0.535353535353535
"70",7,4,0.2873,"mod3",1.17709521560693,0.280291964396145,4.19953250583847,0.0137009619131187,NA,NA,NA,NA,0.535353535353535
"81",8,4,0.285,"mod3",0.918771469204098,0.217539277532202,4.22347393825511,0.0083000738496841,NA,NA,NA,NA,0.535353535353535
"103",10,4,0.2995,"mod3",1.25892339921608,0.231934596644159,5.42792415375423,0.00558755804694864,NA,NA,NA,NA,0.535353535353535
"114",11,4,0.2384,"mod3",1.08599035409109,0.139885080015049,7.76344663758462,0.00148374579316402,NA,NA,NA,NA,0.535353535353535
"158",15,4,0.3052,"mod3",0.831983944941359,0.200444871589069,4.15068711085314,0.0142523388521695,NA,NA,NA,NA,0.535353535353535
"169",16,4,0.2,"mod3",0.931867680964684,0.178693730071224,5.21488739752233,0.00644999707574385,NA,NA,NA,NA,0.535353535353535
"180",17,4,0.2552,"mod3",0.797162570332018,0.17794728904088,4.47976799550391,0.010991811723046,NA,NA,NA,NA,0.535353535353535
"201",19,4,0.208,"mod3",0.671246552579199,0.131918345103762,5.08834879675925,0.00380745309655867,NA,NA,NA,NA,0.535353535353535
"211",20,4,0.1907,"mod3",0.843697025324307,0.137606702828042,6.13122041285025,0.00358606209546331,NA,NA,NA,NA,0.535353535353535
"222",21,4,0.2856,"mod3",1.05881904955495,0.171372521615792,6.17846454946127,0.00853722380499205,NA,NA,NA,NA,0.535353535353535
"233",22,4,0.2671,"mod3",0.958022394681001,0.194502114246541,4.92551147010495,0.00789816641516192,NA,NA,NA,NA,0.535353535353535
"255",24,4,0.2522,"mod3",0.92688905318077,0.183382678250513,5.05439805996603,0.00391860894983329,NA,NA,NA,NA,0.535353535353535
"277",26,4,0.3376,"mod3",1.08661627507894,0.210967957052789,5.15062235165432,0.00361300236666941,NA,NA,NA,NA,0.535353535353535
"299",28,4,0.2333,"mod3",1.14642814756552,0.239522931297092,4.78629808577097,0.00873517697179071,NA,NA,NA,NA,0.535353535353535
"321",30,4,0.2333,"mod3",0.933190827800583,0.189351623254022,4.92834870788867,0.00436583379080129,NA,NA,NA,NA,0.535353535353535
"343",32,4,0.3345,"mod3",1.02677879646742,0.215680732870477,4.76064218997269,0.00505655219810698,NA,NA,NA,NA,0.535353535353535
"376",35,4,0.2677,"mod3",0.813168945005181,0.178849741450393,4.54665988561536,0.0104440816698346,NA,NA,NA,NA,0.535353535353535
"398",37,4,0.2034,"mod3",1.27007163289502,0.234227501335206,5.42238475693512,0.0056081291927135,NA,NA,NA,NA,0.535353535353535
"409",38,4,0.203,"mod3",0.815372101376692,0.199649718226416,4.08401328396571,0.00950239139869203,NA,NA,NA,NA,0.535353535353535
"431",40,4,0.2542,"mod3",0.989880814452522,0.182380257997559,5.42756560014172,0.00287748891294498,NA,NA,NA,NA,0.535353535353535
"442",41,4,0.2776,"mod3",0.718578310670187,0.19537693954792,3.67790749682585,0.0143247990148173,NA,NA,NA,NA,0.535353535353535
"453",42,4,0.2681,"mod3",1.05810377403251,0.159237245198176,6.64482591818055,0.00266276026665168,NA,NA,NA,NA,0.535353535353535
"475",44,4,0.2,"mod3",0.96534770041548,0.174681629501537,5.52632639831763,0.00265874017223658,NA,NA,NA,NA,0.535353535353535
"486",45,4,0.2502,"mod3",1.3728916863237,0.156144216301787,8.7924594252678,0.000922903430883286,NA,NA,NA,NA,0.535353535353535
"508",47,4,0.2046,"mod3",0.838029556131044,0.201649677595468,4.1558685643536,0.00885949280376484,NA,NA,NA,NA,0.535353535353535
"519",48,4,0.288,"mod3",0.729873889805789,0.169505132226776,4.30591027078349,0.00767231470875979,NA,NA,NA,NA,0.535353535353535
"574",53,4,0.2361,"mod3",0.991261194799165,0.377545952993388,2.62553786351016,0.0786260220549294,NA,NA,NA,NA,0.535353535353535
"596",55,4,0.3052,"mod3",0.875867664346915,0.187077436298236,4.68184555913317,0.00542459705360741,NA,NA,NA,NA,0.535353535353535
"607",56,4,0.2369,"mod3",0.704481450747519,0.166556972718071,4.22967252136592,0.00825085685343157,NA,NA,NA,NA,0.535353535353535
"650",60,4,0.2736,"mod3",0.826919680739921,0.180307890759627,4.58615359126078,0.00591426215057291,NA,NA,NA,NA,0.535353535353535
"672",62,4,0.2369,"mod3",0.618430200392963,0.140768336627582,4.39324790793748,0.0117528252796418,NA,NA,NA,NA,0.535353535353535
"683",63,4,0.2861,"mod3",0.927632563701564,0.249535153242356,3.7174424190271,0.0338668912448063,NA,NA,NA,NA,0.535353535353535
"694",64,4,0.3043,"mod3",1.3239390293169,0.229254540457994,5.77497408196144,0.0103233363868139,NA,NA,NA,NA,0.535353535353535
"705",65,4,0.2535,"mod3",0.942463083054977,0.227294480673903,4.14644068901576,0.00894091623275596,NA,NA,NA,NA,0.535353535353535
"727",67,4,0.3006,"mod3",0.8690558806663,0.165845086695847,5.2401665794303,0.00193807786584624,NA,NA,NA,NA,0.535353535353535
"781",72,4,0.2332,"mod3",1.02752651623505,0.173485224548204,5.92284742928954,0.0019560679210638,NA,NA,NA,NA,0.535353535353535
"792",73,4,0.2643,"mod3",1.02645981177891,0.202676931951781,5.0645122851135,0.00715786993344512,NA,NA,NA,NA,0.535353535353535
"803",74,4,0.3197,"mod3",1.14559573692204,0.227504627178792,5.03548323886064,0.00730524053173651,NA,NA,NA,NA,0.535353535353535
"879",81,4,0.2175,"mod3",1.07048629707168,0.14127552629541,7.5772947030703,0.0016265888229212,NA,NA,NA,NA,0.535353535353535
"890",82,4,0.1911,"mod3",0.979818598102911,0.234366261666368,4.18071522383939,0.0139102754743574,NA,NA,NA,NA,0.535353535353535
"901",83,4,0.2724,"mod3",1.04480485148605,0.196884815921517,5.30668069345954,0.0130644984114565,NA,NA,NA,NA,0.535353535353535
"934",86,4,0.2343,"mod3",0.796466788496202,0.0702536357983143,11.3370187812445,0.00147211472300584,NA,NA,NA,NA,0.535353535353535
"945",87,4,0.2418,"mod3",0.92961477941442,0.179912591103239,5.16703569057587,0.00208041674011004,NA,NA,NA,NA,0.535353535353535
"956",88,4,0.2102,"mod3",0.871540593489551,0.161860869871011,5.38450456978326,0.00168843999665343,NA,NA,NA,NA,0.535353535353535
"967",89,4,0.1886,"mod3",0.812494799672074,0.164713778535314,4.93276765852275,0.00785727877696046,NA,NA,NA,NA,0.535353535353535
"978",90,4,0.241,"mod3",1.17294472077357,0.195605181049515,5.99649106675071,0.00389087017492539,NA,NA,NA,NA,0.535353535353535
"1000",92,4,0.285,"mod3",0.90433831033573,0.212848080465196,4.24875013370677,0.0238897707849246,NA,NA,NA,NA,0.535353535353535
"1022",94,4,0.213,"mod3",1.03758223264888,0.178677955966392,5.80699631936714,0.00437539434983721,NA,NA,NA,NA,0.535353535353535
"1044",96,4,0.2086,"mod3",0.914943814260191,0.171796549126051,5.32574035342745,0.00598238853060813,NA,NA,NA,NA,0.535353535353535
"1077",99,4,0.2239,"mod3",0.629630024891737,0.128626751539128,4.89501614055926,0.00449388537136639,NA,NA,NA,NA,0.535353535353535
"1088",100,4,0.2079,"mod3",0.870492784433922,0.109551150996128,7.94599396280817,0.00021125360615778,NA,NA,NA,NA,0.535353535353535
"16",2,5,0.3046,"mod3",0.637636117190701,0.148905547706562,4.28215151827149,0.0078474246112628,NA,NA,NA,NA,0.47
"27",3,5,0.3298,"mod3",1.05773813811436,0.242526427842844,4.36133145374067,0.0222827870116297,NA,NA,NA,NA,0.47
"71",7,5,0.3362,"mod3",1.14514486719798,0.238668818052854,4.7980497684636,0.00866047788092478,NA,NA,NA,NA,0.47
"104",10,5,0.377,"mod3",0.862411655844475,0.153984512242345,5.60063894274761,0.00250694683249713,NA,NA,NA,NA,0.47
"181",17,5,0.2866,"mod3",1.03253661864524,0.190393446612755,5.42317310293422,0.00288769829260455,NA,NA,NA,NA,0.47
"191",18,5,0.3123,"mod3",0.916796886204078,0.214721296098695,4.26970637222066,0.0235795581526244,NA,NA,NA,NA,0.47
"278",26,5,0.369,"mod3",0.813809815333402,0.180244154700592,4.5150413708852,0.0106987578882815,NA,NA,NA,NA,0.47
"289",27,5,0.3324,"mod3",1.01474335701392,0.177406385046983,5.71988069507859,0.0022841098146252,NA,NA,NA,NA,0.47
"322",30,5,0.2994,"mod3",0.720527609756708,0.161812665874611,4.45285049759361,0.00668462781617029,NA,NA,NA,NA,0.47
"333",31,5,0.2821,"mod3",1.00312857166598,0.182421827828339,5.4989503372915,0.00271736029964801,NA,NA,NA,NA,0.47
"355",33,5,0.3053,"mod3",1.07908399541043,0.223382637270164,4.83065294866836,0.00845726749730615,NA,NA,NA,NA,0.47
"377",35,5,0.3136,"mod3",0.973995327811531,0.193146426947953,5.04278201363773,0.00395750781742095,NA,NA,NA,NA,0.47
"388",36,5,0.2409,"mod3",1.30612970327273,0.31820446148917,4.10468695869366,0.026171554094588,NA,NA,NA,NA,0.47
"399",37,5,0.3157,"mod3",0.700208658762193,0.142425571729311,4.91631278189977,0.00795037283214689,NA,NA,NA,NA,0.47
"410",38,5,0.2523,"mod3",0.813893238699968,0.208166138263609,3.9098253226435,0.0112969731357301,NA,NA,NA,NA,0.47
"432",40,5,0.3001,"mod3",0.665577829456041,0.131274221761227,5.07013350013725,0.00712975325050412,NA,NA,NA,NA,0.47
"476",44,5,0.2314,"mod3",0.952814313214635,0.223378084141558,4.26547804309585,0.023641728564756,NA,NA,NA,NA,0.47
"520",48,5,0.4013,"mod3",1.03907114210294,0.160857189638078,6.45958781476171,0.00132362366100798,NA,NA,NA,NA,0.47
"531",49,5,0.2474,"mod3",1.23483317588241,0.25086116331233,4.9223768222146,0.00791590984323675,NA,NA,NA,NA,0.47
"542",50,5,0.2905,"mod3",0.0715491259126642,0.0809277564334438,0.884111077161854,0.539108283362739,NA,NA,NA,NA,0.47
"553",51,5,0.3305,"mod3",1.10422673528627,0.252541092890314,4.37246359651207,0.022131578614311,NA,NA,NA,NA,0.47
"575",53,5,0.3022,"mod3",0.812151560154206,0.213193271305038,3.80946150496548,0.0125069372318914,NA,NA,NA,NA,0.47
"597",55,5,0.3366,"mod3",1.14790574225168,0.226571575456257,5.06641550220979,0.00387883524709818,NA,NA,NA,NA,0.47
"619",57,5,0.4072,"mod3",0.950679880251162,0.179171656194836,5.30597249833626,0.00181939752592861,NA,NA,NA,NA,0.47
"629",58,5,0.2916,"mod3",0.0693647954382887,0.0797241888439007,0.870059594762442,0.544164305958781,NA,NA,NA,NA,0.47
"662",61,5,0.3354,"mod3",0.807584099037791,0.20900748127374,3.86390044086549,0.0118331296489492,NA,NA,NA,NA,0.47
"673",62,5,0.2806,"mod3",0.807359036889323,0.159442399593574,5.06364078154443,0.00716224119211175,NA,NA,NA,NA,0.47
"695",64,5,0.348,"mod3",1.08924058840865,0.209167689898387,5.20749925066245,0.00344548367006082,NA,NA,NA,NA,0.47
"728",67,5,0.3465,"mod3",1.04021944393273,0.164518532137597,6.32281014434728,0.00145840063716674,NA,NA,NA,NA,0.47
"739",68,5,0.2714,"mod3",1.13976692148852,0.205424164493062,5.54835855996394,0.00516230428746838,NA,NA,NA,NA,0.47
"782",72,5,0.3465,"mod3",0.880084633596635,0.110727034888125,7.94823625942698,0.000210923442257659,NA,NA,NA,NA,0.47
"793",73,5,0.3136,"mod3",1.05283672276666,0.221953785537302,4.74349522905395,0.00901395861278126,NA,NA,NA,NA,0.47
"804",74,5,0.3686,"mod3",1.12624402263641,0.239438008434989,4.70369775457851,0.0181820625635939,NA,NA,NA,NA,0.47
"815",75,5,0.236,"mod3",0.954450395888383,0.189896415949053,5.02616329601739,0.00401394642386246,NA,NA,NA,NA,0.47
"848",78,5,0.3594,"mod3",1.11336121200206,0.201987240667145,5.5120373362433,0.00528624961555796,NA,NA,NA,NA,0.47
"858",79,5,0.2672,"mod3",1.15326898315183,0.241072970753639,4.7838999932116,0.017366132443694,NA,NA,NA,NA,0.47
"869",80,5,0.3174,"mod3",1.11628084326543,0.195778330862585,5.7017589145192,0.00231642825589185,NA,NA,NA,NA,0.47
"891",82,5,0.237,"mod3",1.00492306852633,0.161887012178369,6.20755831492581,0.0034263602551395,NA,NA,NA,NA,0.47
"902",83,5,0.3644,"mod3",0.801749726900624,0.173211963485349,4.62872027294141,0.00569035621746554,NA,NA,NA,NA,0.47
"935",86,5,0.3263,"mod3",1.08823575156995,0.239707212767767,4.53985401192015,0.0200100711116852,NA,NA,NA,NA,0.47
"946",87,5,0.2855,"mod3",1.05024296889992,0.205092765832122,5.12081917974422,0.00370457731418674,NA,NA,NA,NA,0.47
"957",88,5,0.3235,"mod3",1.16540539953414,0.227545879818798,5.12162822048103,0.0144091101386084,NA,NA,NA,NA,0.47
"979",90,5,0.2724,"mod3",1.26260928345278,0.232884418497316,5.4216133977522,0.00561100105987503,NA,NA,NA,NA,0.47
"990",91,5,0.2843,"mod3",1.17989647235118,0.254695635202579,4.632574372202,0.00978830429022325,NA,NA,NA,NA,0.47
"1001",92,5,0.3309,"mod3",1.13330447907478,0.319701758249316,3.54488034498386,0.0382301585834862,NA,NA,NA,NA,0.47
"1012",93,5,0.292,"mod3",1.12978444743313,0.199965018908603,5.64991043733262,0.0109752432946746,NA,NA,NA,NA,0.47
"1067",98,5,0.2858,"mod3",1.10272656882232,0.170130761048821,6.48164130945067,0.00130329516542462,NA,NA,NA,NA,0.47
"6",1,6,0.3512,"mod3",0.829373796798307,0.159660875725861,5.19459631564561,0.0020254231416163,NA,NA,NA,NA,0.55
"17",2,6,0.3966,"mod3",1.09395835839955,0.197380837013605,5.54237369215407,0.00262506822198381,NA,NA,NA,NA,0.55
"28",3,6,0.3959,"mod3",0.103504822073259,0.126846455535216,0.815985134440935,0.56428962397098,NA,NA,NA,NA,0.55
"39",4,6,0.4302,"mod3",0.849128745288016,0.179283716987342,4.73622903159671,0.00516738227507783,NA,NA,NA,NA,0.55
"50",5,6,0.4207,"mod3",0.806025879617465,0.14592473918188,5.52357252194804,0.00148199332380335,NA,NA,NA,NA,0.55
"72",7,6,0.4495,"mod3",0.795315586170562,0.203374034033946,3.91060535307971,0.0112881106987278,NA,NA,NA,NA,0.55
"94",9,6,0.4495,"mod3",0.835741724885758,0.163420812853648,5.11404704389894,0.0021909822378823,NA,NA,NA,NA,0.55
"116",11,6,0.464,"mod3",0.10424600210168,0.0722456214164669,1.44293868691008,0.28582022961553,NA,NA,NA,NA,0.55
"138",13,6,0.3767,"mod3",0.886392413837769,0.193411611010522,4.58293278881559,0.0037588950483196,NA,NA,NA,NA,0.55
"160",15,6,0.3818,"mod3",0.922013538120036,0.131332070763717,7.02047514181707,0.000416823463528198,NA,NA,NA,NA,0.55
"192",18,6,0.4256,"mod3",0.982007255387065,0.234571012931575,4.18639644819849,0.0248445167586145,NA,NA,NA,NA,0.55
"203",19,6,0.3169,"mod3",1.2288255984425,0.286303159274643,4.29204344637959,0.0127255316694328,NA,NA,NA,NA,0.55
"224",21,6,0.4899,"mod3",1.22166917439365,0.209755419006888,5.82425560291979,0.004328308465823,NA,NA,NA,NA,0.55
"257",24,6,0.4306,"mod3",0.924758494058336,0.192508645128342,4.80372449477174,0.00486765048240351,NA,NA,NA,NA,0.55
"268",25,6,0.4267,"mod3",0.774718640126855,0.16629669521866,4.65865325289955,0.00553880060499617,NA,NA,NA,NA,0.55
"279",26,6,0.4019,"mod3",1.10508877154056,0.171131130526043,6.45755549059722,0.00132551578462132,NA,NA,NA,NA,0.55
"290",27,6,0.3638,"mod3",1.03082742630338,0.258758732688001,3.98373966202062,0.0283085062012454,NA,NA,NA,NA,0.55
"301",28,6,0.3437,"mod3",0.848939174023312,0.173122014147178,4.90370435097639,0.00270077733186612,NA,NA,NA,NA,0.55
"323",30,6,0.3487,"mod3",0.737762512472905,0.117903468404823,6.25734359179146,0.000772915153296111,NA,NA,NA,NA,0.55
"345",32,6,0.4495,"mod3",0.895067470935939,0.199008520640726,4.49763391061945,0.0108421813479343,NA,NA,NA,NA,0.55
"378",35,6,0.4269,"mod3",0.924170807958559,0.18481781380509,5.00044226761168,0.0074880906314305,NA,NA,NA,NA,0.55
"389",36,6,0.3329,"mod3",0.870642471857037,0.153021788006808,5.68966343419214,0.00127211169943073,NA,NA,NA,NA,0.55
"400",37,6,0.4077,"mod3",1.07327038075947,0.189241995738316,5.67141757606271,0.00237175004763373,NA,NA,NA,NA,0.55
"422",39,6,0.4312,"mod3",0.904816903111795,0.175719230774248,5.14921957673627,0.00361725280367363,NA,NA,NA,NA,0.55
"444",41,6,0.4155,"mod3",0.706670032907191,0.171196691558408,4.1278252895798,0.00910423760075189,NA,NA,NA,NA,0.55
"455",42,6,0.3671,"mod3",1.02214520722459,0.27370083175704,3.73453453050493,0.0334701622771467,NA,NA,NA,NA,0.55
"499",46,6,0.3112,"mod3",0.106713990521937,0.0727905955054894,1.4660409051591,0.280286035329439,NA,NA,NA,NA,0.55
"510",47,6,0.3459,"mod3",1.05068931873009,0.227940654964823,4.60948626690678,0.00995950123419498,NA,NA,NA,NA,0.55
"543",50,6,0.4028,"mod3",1.3161139005291,0.242770917776885,5.42121730469649,0.00561247646301544,NA,NA,NA,NA,0.55
"554",51,6,0.3798,"mod3",1.09493803628256,0.210242230934032,5.20798334101638,0.00344409739122429,NA,NA,NA,NA,0.55
"598",55,6,0.4286,"mod3",0.73437780385061,0.15662037137127,4.68890347673714,0.00539038784217516,NA,NA,NA,NA,0.55
"609",56,6,0.312,"mod3",1.03902774266941,0.211065243493659,4.92277992089506,0.00438692781518461,NA,NA,NA,NA,0.55
"620",57,6,0.4565,"mod3",0.87112026312975,0.181740107315997,4.7932197025454,0.0049129414189858,NA,NA,NA,NA,0.55
"630",58,6,0.3353,"mod3",0.969078110978285,0.19893351970525,4.87136663752854,0.00458739812850834,NA,NA,NA,NA,0.55
"641",59,6,0.3752,"mod3",1.17425802466109,0.195657568530523,6.00159775816646,0.00184393977800117,NA,NA,NA,NA,0.55
"663",61,6,0.3668,"mod3",1.12145481843718,0.269276124047093,4.16470202252707,0.0140914415578777,NA,NA,NA,NA,0.55
"674",62,6,0.312,"mod3",1.04563933920939,0.248974954262658,4.19977721175233,0.0246355384013913,NA,NA,NA,NA,0.55
"696",64,6,0.3794,"mod3",0.785356007562179,0.142644935784106,5.505670448412,0.0027028313382957,NA,NA,NA,NA,0.55
"718",66,6,0.408,"mod3",0.913481917052701,0.234438626707082,3.89646505733053,0.0175940165282989,NA,NA,NA,NA,0.55
"729",67,6,0.3794,"mod3",1.06151484958665,0.234120137127391,4.53406042987689,0.0200789847806642,NA,NA,NA,NA,0.55
"772",71,6,0.4739,"mod3",1.06973614109433,0.192889407008053,5.54585219420405,0.00261783544284641,NA,NA,NA,NA,0.55
"805",74,6,0.4819,"mod3",0.994018765703144,0.184648210432416,5.38331112646753,0.00298231619570874,NA,NA,NA,NA,0.55
"827",76,6,0.4941,"mod3",0.921865125865281,0.185631986764439,4.96608985301169,0.00422595300894611,NA,NA,NA,NA,0.55
"849",78,6,0.4053,"mod3",0.97701069615619,0.196433701152627,4.97374274588993,0.00419823076513467,NA,NA,NA,NA,0.55
"870",80,6,0.3633,"mod3",0.807636733407331,0.136963049924952,5.89674904180266,0.00105630183295124,NA,NA,NA,NA,0.55
"892",82,6,0.329,"mod3",0.785433666934878,0.256135037340355,3.06648272368605,0.0547133637023163,NA,NA,NA,NA,0.55
"914",84,6,0.4773,"mod3",0.834991577628915,0.176765646329358,4.72372089808175,0.009146398905647,NA,NA,NA,NA,0.55
"925",85,6,0.3671,"mod3",0.106557448387748,0.0742405446733283,1.43529992750753,0.287680140227761,NA,NA,NA,NA,0.55
"991",91,6,0.3618,"mod3",0.882538483768095,0.151411869890995,5.82872719558548,0.00112220868881993,NA,NA,NA,NA,0.55
"1013",93,6,0.3409,"mod3",1.14835498660295,0.17819546610412,6.44435580606731,0.00298363182225095,NA,NA,NA,NA,0.55
"1024",94,6,0.3756,"mod3",0.877606762339047,0.161034402477282,5.44980916399436,0.0028264339515587,NA,NA,NA,NA,0.55
"1046",96,6,0.332,"mod3",1.03932121938791,0.204173516100568,5.09038213788699,0.00702958176312302,NA,NA,NA,NA,0.55
"1068",98,6,0.3351,"mod3",0.868072358932894,0.152423954877881,5.69511767115856,0.0023284065915972,NA,NA,NA,NA,0.55
"1079",99,6,0.4495,"mod3",0.760908435285213,0.156635809770343,4.857819143661,0.00464198828516404,NA,NA,NA,NA,0.55
"1090",100,6,0.3488,"mod3",0.854248164632935,0.167610524623318,5.09662604154927,0.00378091456546503,NA,NA,NA,NA,0.55
"7",1,7,0.4001,"mod2",NA,NA,NA,NA,18.5483347281508,3.87211948925683,4.79022787897249,0.000987080501032466,0.53
"18",2,7,0.5099,"mod2",NA,NA,NA,NA,16.4482265430039,9.01076005570406,1.82539835056331,0.319056192848412,0.53
"29",3,7,0.4734,"mod2",NA,NA,NA,NA,4.19094216365332,0.905286219463816,4.62941120006834,0.00357990209978901,0.53
"51",5,7,0.4868,"mod2",NA,NA,NA,NA,9.09611049970316,1.71957637444591,5.28973916766807,0.000737471423321964,0.53
"73",7,7,0.5415,"mod2",NA,NA,NA,NA,5.44852850557986,1.00321047060287,5.43109214391036,0.000622530017622557,0.53
"95",9,7,0.4988,"mod2",NA,NA,NA,NA,12.4075331033934,2.49629068887862,4.97038792744411,0.00161846595357723,0.53
"106",10,7,0.4588,"mod2",NA,NA,NA,NA,5.79740866912597,1.28968693150401,4.49520618338369,0.00412494409771552,0.53
"117",11,7,0.5133,"mod2",NA,NA,NA,NA,23.2254056918974,6.91445809370337,3.35896253576944,0.012101477697037,0.53
"128",12,7,0.4767,"mod2",NA,NA,NA,NA,7.9814384735823,2.2691034555552,3.51744141680372,0.0125574665984984,0.53
"139",13,7,0.4542,"mod2",NA,NA,NA,NA,4.23002952066033,0.895457764638512,4.72387385279746,0.00324499228029554,0.53
"150",14,7,0.5054,"mod2",NA,NA,NA,NA,5.31530196581366,1.34949547294002,3.93873271337006,0.00763573538049405,0.53
"161",15,7,0.4132,"mod2",NA,NA,NA,NA,4.38156676826405,0.937236042800061,4.67498748252767,0.00341367354233913,0.53
"204",19,7,0.4089,"mod2",NA,NA,NA,NA,5.68948085092484,1.01439813129675,5.60872568214587,0.000505082486866147,0.53
"214",20,7,0.4621,"mod2",NA,NA,NA,NA,4.50911809566766,0.742975933397177,6.06899617198932,0.000186127489810871,0.53
"225",21,7,0.556,"mod2",NA,NA,NA,NA,10.2218931624345,2.59200664845791,3.94362150595405,0.00557739531456665,0.53
"236",22,7,0.457,"mod2",NA,NA,NA,NA,9.83824772546198,2.43307121004874,4.04355108261089,0.00371735732689944,0.53
"258",24,7,0.4795,"mod2",NA,NA,NA,NA,4.30689221807932,0.919806490177602,4.68238946351392,0.00338750811454559,0.53
"269",25,7,0.4704,"mod2",NA,NA,NA,NA,9.26955163024366,1.86158098905169,4.97939745021013,0.00108030698122889,0.53
"280",26,7,0.4512,"mod2",NA,NA,NA,NA,8.67402584059064,1.61261619450827,5.37885323868745,0.000310596752973309,0.53
"324",30,7,0.4407,"mod2",NA,NA,NA,NA,6.32588899172657,1.11902991105154,5.65301153191,0.00047974582175474,0.53
"357",33,7,0.4432,"mod2",NA,NA,NA,NA,14.0181983807241,3.08323240702527,4.54659154100193,0.0026468208583646,0.53
"368",34,7,0.4626,"mod2",NA,NA,NA,NA,85.8494153630547,51.4093845947767,1.66991719585333,0.236885697523687,0.53
"379",35,7,0.4583,"mod2",NA,NA,NA,NA,5.27799110244215,0.803051541285908,6.57241886864524,0.000102481651089531,0.53
"390",36,7,0.4462,"mod2",NA,NA,NA,NA,9.19914469145281,1.93694491795461,4.74930629476391,0.00144653840010649,0.53
"401",37,7,0.4738,"mod2",NA,NA,NA,NA,4.3354000756327,0.934795558508354,4.63780559949457,0.00354861082741866,0.53
"412",38,7,0.3902,"mod2",NA,NA,NA,NA,6.87410850681217,1.23584979434227,5.56225241795719,0.000533260394801094,0.53
"467",43,7,0.5262,"mod2",NA,NA,NA,NA,4.31166184493206,0.768505356739883,5.61045125725966,0.000807081672534164,0.53
"489",45,7,0.4733,"mod2",NA,NA,NA,NA,4.45103026883372,0.963882566062622,4.61781385570215,0.00362364653498378,0.53
"544",50,7,0.4521,"mod2",NA,NA,NA,NA,5.94646000444232,0.887041725236082,6.70369818607991,8.81649203999532e-05,0.53
"566",52,7,0.4576,"mod2",NA,NA,NA,NA,5.88698844407807,0.991917631972454,5.93495695037867,0.000578742233379473,0.53
"577",53,7,0.3665,"mod2",NA,NA,NA,NA,26.455245290066,5.73918183618366,4.60958478842304,0.00173360555717308,0.53
"642",59,7,0.4081,"mod2",NA,NA,NA,NA,11.2819961361248,6.44524920581489,1.75043598406501,0.330430372410662,0.53
"653",60,7,0.4407,"mod2",NA,NA,NA,NA,6.84287589681278,1.48689810815331,4.60211487208862,0.00175060662364642,0.53
"664",61,7,0.4801,"mod2",NA,NA,NA,NA,4.41250820149062,1.00071677422161,4.40934769472893,0.00452254011685689,0.53
"686",63,7,0.4329,"mod2",NA,NA,NA,NA,4.49328804129107,0.697472115139937,6.44224757342386,0.00019994745097284,0.53
"697",64,7,0.4283,"mod2",NA,NA,NA,NA,16.5810494586767,3.72755925819441,4.4482322909357,0.00214433385676774,0.53
"708",65,7,0.4689,"mod2",NA,NA,NA,NA,7.15740389668567,1.31163157374766,5.45687069443988,0.000603766058283732,0.53
"719",66,7,0.4573,"mod2",NA,NA,NA,NA,6.27377913547645,1.31533035103688,4.7697364624262,0.00203634122439917,0.53
"741",68,7,0.4622,"mod2",NA,NA,NA,NA,11.5303221025711,6.56818767573289,1.75548000023987,0.329641952861677,0.53
"751",69,7,0.3925,"mod2",NA,NA,NA,NA,4.57690894965779,0.868891695872854,5.26752525245394,0.00116375546118933,0.53
"784",72,7,0.4417,"mod2",NA,NA,NA,NA,5.4253152789866,1.13456935250403,4.78182780718761,0.00305710333121065,0.53
"806",74,7,0.5278,"mod2",NA,NA,NA,NA,4.61299554631653,0.890818869114596,5.17837655471025,0.00128318128160871,0.53
"893",82,7,0.3951,"mod2",NA,NA,NA,NA,8.70752142990429,1.57201668510858,5.53907697824649,0.000547953484907515,0.53
"904",83,7,0.4417,"mod2",NA,NA,NA,NA,33.8560463414431,10.3821509699037,3.26098574751866,0.0172275214232246,0.53
"915",84,7,0.5434,"mod2",NA,NA,NA,NA,5.31938705571263,1.05283894248043,5.05242239917575,0.00232804945222217,0.53
"926",85,7,0.4794,"mod2",NA,NA,NA,NA,5.91073820272002,0.831531434467769,7.10825587309667,5.61604315668313e-05,0.53
"970",89,7,0.4418,"mod2",NA,NA,NA,NA,19.0168476620673,6.61005655123154,2.87695687845882,0.0347112427889192,0.53
"981",90,7,0.434,"mod2",NA,NA,NA,NA,4.31498527388525,0.921756390113304,4.68126429083377,0.00339147087071738,0.53
"1003",92,7,0.4521,"mod2",NA,NA,NA,NA,4.94966145515509,1.01028199713895,4.89928700023574,0.00271284001948672,0.53
"1047",96,7,0.4443,"mod2",NA,NA,NA,NA,47.4510048881235,30.1313853275797,1.57480329471247,0.255975828098043,0.53
"1058",97,7,0.489,"mod2",NA,NA,NA,NA,19.0477455475915,5.39547190545933,3.53032058758722,0.00959369074761691,0.53
"1080",99,7,0.4932,"mod2",NA,NA,NA,NA,13.88902852578,3.05956560043813,4.53954264742389,0.00140683464872877,0.53
"1091",100,7,0.3947,"mod2",NA,NA,NA,NA,5.23302994807356,0.973622275244396,5.37480507700995,0.0010361423135911,0.53
"19",2,8,0.5874,"mod2",NA,NA,NA,NA,3.99577033733691,0.925156436225365,4.31902128210839,0.00498804061164964,0.54
"63",6,8,0.5889,"mod2",NA,NA,NA,NA,14.431649672671,3.16388319955858,4.56137245353574,0.0018465782130369,0.54
"74",7,8,0.5908,"mod2",NA,NA,NA,NA,26.8762795214089,6.10007574546603,4.40589275328016,0.00313437793521402,0.54
"85",8,8,0.501,"mod2",NA,NA,NA,NA,13.4324962749784,2.87430335925423,4.67330500509996,0.00116314776493719,0.54
"107",10,8,0.5249,"mod2",NA,NA,NA,NA,12.3142059363816,3.8555134431736,3.19392115158737,0.0187432934864113,0.54
"118",11,8,0.6053,"mod2",NA,NA,NA,NA,5.61208394998715,1.21612806016816,4.61471462899323,0.00172203425782115,0.54
"140",13,8,0.5203,"mod2",NA,NA,NA,NA,43.4467452741941,13.0136277974945,3.33855754523415,0.015639678726785,0.54
"151",14,8,0.5715,"mod2",NA,NA,NA,NA,4.61095793548597,0.783515579943013,5.88496011249876,0.000608656518168113,0.54
"162",15,8,0.5265,"mod2",NA,NA,NA,NA,31.2808935483587,7.75189667468742,4.03525677148167,0.00496260866109784,0.54
"173",16,8,0.4418,"mod2",NA,NA,NA,NA,4.83550721566932,1.01579243484804,4.76033001406702,0.00312532643574565,0.54
"184",17,8,0.4429,"mod2",NA,NA,NA,NA,5.95962736134311,1.35003671679468,4.414418724472,0.00310217084461326,0.54
"205",19,8,0.4418,"mod2",NA,NA,NA,NA,6.55212822839544,1.37624995615389,4.76085626676873,0.00142523455148174,0.54
"248",23,8,0.5193,"mod2",NA,NA,NA,NA,4.48616061291135,0.932802687195067,4.80933500138299,0.00297225284037982,0.54
"259",24,8,0.557,"mod2",NA,NA,NA,NA,36.1210910708727,12.5013707409322,2.88937043940346,0.0277163339730262,0.54
"281",26,8,0.5432,"mod2",NA,NA,NA,NA,20.5709775992091,5.1186359240443,4.01883976599681,0.00384736947654988,0.54
"292",27,8,0.5074,"mod2",NA,NA,NA,NA,4.9605948634407,1.28752933601397,3.8528014272654,0.0119670548089683,0.54
"303",28,8,0.4846,"mod2",NA,NA,NA,NA,5.23376420533943,1.2342415710544,4.24046987889761,0.00543694966100198,0.54
"314",29,8,0.5025,"mod2",NA,NA,NA,NA,49.7790636874274,17.80350969384,2.7960253086868,0.0381722771859963,0.54
"336",31,8,0.4384,"mod2",NA,NA,NA,NA,86.6560264973534,42.2218874094819,2.0523958499755,0.13245890178846,0.54
"347",32,8,0.5261,"mod2",NA,NA,NA,NA,13.8108833309617,3.4304231603703,4.02599990884824,0.00380920232362205,0.54
"369",34,8,0.5115,"mod2",NA,NA,NA,NA,29.2672506608315,7.79377584653641,3.75520816060395,0.00711941224221065,0.54
"380",35,8,0.502,"mod2",NA,NA,NA,NA,23.954184912967,5.92991094453533,4.03955221874652,0.00680617020833551,0.54
"391",36,8,0.4921,"mod2",NA,NA,NA,NA,3.93649723156692,0.993643207373864,3.96168081495855,0.0074374275839925,0.54
"435",40,8,0.4305,"mod2",NA,NA,NA,NA,7.84054385626035,1.57870093640816,4.96645290785667,0.00109797324408249,0.54
"457",42,8,0.5287,"mod2",NA,NA,NA,NA,4.24471171798604,0.720062068332846,5.89492476365794,0.000602559029027734,0.54
"468",43,8,0.5721,"mod2",NA,NA,NA,NA,4.81051851743768,1.03457532206244,4.64975184972309,0.00234255760756576,0.54
"501",46,8,0.4102,"mod2",NA,NA,NA,NA,6.02941141878244,1.04413882324143,5.77453044037259,0.000267900207125814,0.54
"556",51,8,0.4896,"mod2",NA,NA,NA,NA,5.65971407049798,1.19987824518265,4.7169069805382,0.00326844559207181,0.54
"567",52,8,0.5699,"mod2",NA,NA,NA,NA,3.92874472131677,0.86494320285622,4.54219965928774,0.00392409634309436,0.54
"578",53,8,0.4788,"mod2",NA,NA,NA,NA,6.0122814611075,1.12299661384735,5.35378414055016,0.00105986628758751,0.54
"600",55,8,0.5856,"mod2",NA,NA,NA,NA,17.8763451439705,9.7218180137232,1.83878623511944,0.317099821627194,0.54
"611",56,8,0.5376,"mod2",NA,NA,NA,NA,13.7829030536255,4.1414104181867,3.32806982691184,0.0126244501444684,0.54
"632",58,8,0.4621,"mod2",NA,NA,NA,NA,15.3066652611158,3.20527781440504,4.77545665225186,0.00100765119033369,0.54
"665",61,8,0.5462,"mod2",NA,NA,NA,NA,55.626747229653,18.8836542955618,2.94576178736374,0.0320421554864544,0.54
"676",62,8,0.4384,"mod2",NA,NA,NA,NA,5.46853339733888,0.959677854197267,5.69830112617644,0.000736642957555359,0.54
"709",65,8,0.5178,"mod2",NA,NA,NA,NA,13.337413804349,2.96407967907327,4.49968126650327,0.00200293609959254,0.54
"752",69,8,0.4384,"mod2",NA,NA,NA,NA,11.4773935375777,2.01805112221245,5.6873651074779,0.000299058962387626,0.54
"774",71,8,0.5665,"mod2",NA,NA,NA,NA,4.9517430889702,0.911288004997288,5.43378499641827,0.000972677342151099,0.54
"796",73,8,0.5367,"mod2",NA,NA,NA,NA,19.7958651708074,5.21610387640254,3.79514396949861,0.00527302004197635,0.54
"807",74,8,0.5715,"mod2",NA,NA,NA,NA,4.94136319778848,1.22190930700198,4.04396886861627,0.00988395891448184,0.54
"851",78,8,0.5035,"mod2",NA,NA,NA,NA,5.42007092974128,0.938385005032726,5.77595645782113,0.000416436971183583,0.54
"861",79,8,0.4856,"mod2",NA,NA,NA,NA,4.33603745616975,0.799453006077612,5.42375527167485,0.000983157032010869,0.54
"872",80,8,0.507,"mod2",NA,NA,NA,NA,5.73010967076808,1.05165375710467,5.4486656202739,0.000609670288494915,0.54
"883",81,8,0.5203,"mod2",NA,NA,NA,NA,4.39814724649197,0.909012422475095,4.8383796939942,0.00288553957560275,0.54
"894",82,8,0.5074,"mod2",NA,NA,NA,NA,8.0442443641465,1.29122611699992,6.22992693397249,0.000251118584485231,0.54
"905",83,8,0.4906,"mod2",NA,NA,NA,NA,4.07692621074593,0.907090248596698,4.49451001932066,0.00412800531819225,0.54
"916",84,8,0.5871,"mod2",NA,NA,NA,NA,18.5615907528565,3.87491753429375,4.79018987851559,0.0013726484212869,0.54
"938",86,8,0.502,"mod2",NA,NA,NA,NA,6.83562864539534,1.25613825881566,5.44178047075828,0.000614673593486951,0.54
"949",87,8,0.5367,"mod2",NA,NA,NA,NA,9.47744817276821,2.01468508724889,4.70418341444615,0.00111359132506801,0.54
"993",91,8,0.5178,"mod2",NA,NA,NA,NA,37.5189797235633,12.7957889694245,2.93213492448296,0.0427227317955258,0.54
"1015",93,8,0.5665,"mod2",NA,NA,NA,NA,5.28966329005379,1.0983409096671,4.81604868169487,0.00295195002942848,0.54
"1037",95,8,0.5607,"mod2",NA,NA,NA,NA,27.6817235824938,8.06900566762964,3.43062388635372,0.0109759130933604,0.54
"1070",98,8,0.5259,"mod2",NA,NA,NA,NA,4.90148027909645,0.868060321706341,5.64647427895523,0.00132322761330947,0.54
"1092",100,8,0.4384,"mod2",NA,NA,NA,NA,9.86459359953394,2.24597153344816,4.39212761721392,0.00231095825196047,0.54
"31",3,9,0.6181,"mod2",NA,NA,NA,NA,7.7409340573074,1.86316547230432,4.15472172084296,0.00426981972516451,0.52
"53",5,9,0.6315,"mod2",NA,NA,NA,NA,10.4658059391808,2.04423451500867,5.1196699118136,0.000628257955451882,0.52
"64",6,9,0.6326,"mod2",NA,NA,NA,NA,5.12628936702428,0.885542999333582,5.78886555580258,0.000410341661316574,0.52
"86",8,9,0.6143,"mod2",NA,NA,NA,NA,4.83756320726949,0.875708783660336,5.52416887615216,0.000557639671928746,0.52
"130",12,9,0.6203,"mod2",NA,NA,NA,NA,4.14896029092191,0.865170112494034,4.79554278517743,0.00301445947203596,0.52
"141",13,9,0.5696,"mod2",NA,NA,NA,NA,10.1355641454896,1.74983815428736,5.79228662985545,0.000174783838893808,0.52
"152",14,9,0.6044,"mod2",NA,NA,NA,NA,4.66246945477009,0.914698988025734,5.09727190672142,0.00222736435777765,0.52
"185",17,9,0.509,"mod2",NA,NA,NA,NA,41.1003057915577,13.5945086767067,3.02330203826934,0.0232978531315721,0.52
"216",20,9,0.6181,"mod2",NA,NA,NA,NA,4.09252471195621,0.903346203614179,4.53040561368666,0.00397344682102318,0.52
"227",21,9,0.6382,"mod2",NA,NA,NA,NA,4.83833269795617,0.695621298116422,6.9554119620219,6.64458935086642e-05,0.52
"238",22,9,0.572,"mod2",NA,NA,NA,NA,5.51012749702615,1.17686293861185,4.68204692003093,0.00225541165299206,0.52
"260",24,9,0.5899,"mod2",NA,NA,NA,NA,4.47773145412251,0.862199121271615,5.19338438610158,0.00202780638684237,0.52
"293",27,9,0.5511,"mod2",NA,NA,NA,NA,18.4633696209763,4.5194483576682,4.08531487911557,0.00273615282787525,0.52
"304",28,9,0.5339,"mod2",NA,NA,NA,NA,20.0411868855799,4.54904071192222,4.40558529912813,0.00226975020653963,0.52
"315",29,9,0.5339,"mod2",NA,NA,NA,NA,5.61417523837093,0.995475246101586,5.63969346335511,0.000487215350309165,0.52
"326",30,9,0.6315,"mod2",NA,NA,NA,NA,28.9885168432697,7.45557292150482,3.88816756920925,0.00598952946147956,0.52
"370",34,9,0.5552,"mod2",NA,NA,NA,NA,7.37642109627606,1.97612430569577,3.73277180742885,0.00970486687435615,0.52
"392",36,9,0.6044,"mod2",NA,NA,NA,NA,19.1260366622494,10.3444295082823,1.84892135877924,0.31563333428207,0.52
"425",39,9,0.5776,"mod2",NA,NA,NA,NA,12.1797285562192,2.27842356055179,5.34568232487447,0.000325599511848918,0.52
"447",41,9,0.5696,"mod2",NA,NA,NA,NA,5.51859748682664,1.16457799580014,4.73871007929787,0.00146638810745455,0.52
"469",43,9,0.6035,"mod2",NA,NA,NA,NA,6.37001362686446,1.70289081019552,3.74070585660927,0.00961447171549607,0.52
"480",44,9,0.5511,"mod2",NA,NA,NA,NA,6.4586226546115,0.92832400343367,6.95729360732078,3.91241849599797e-05,0.52
"491",45,9,0.5551,"mod2",NA,NA,NA,NA,14.4774467840023,3.81422777809071,3.7956429522018,0.00526927169108069,0.52
"513",47,9,0.6044,"mod2",NA,NA,NA,NA,5.5482097957347,0.907915206639721,6.11093387924313,0.000485821988683634,0.52
"524",48,9,0.6237,"mod2",NA,NA,NA,NA,5.15567307998383,0.851437966562059,6.05525391450588,0.00030413924921648,0.52
"579",53,9,0.5921,"mod2",NA,NA,NA,NA,20.2702937052953,4.45102589655856,4.55407229173118,0.00105168546326787,0.52
"601",55,9,0.6315,"mod2",NA,NA,NA,NA,5.21661110440027,0.981704526928323,5.31383014064592,0.00110664399299733,0.52
"644",59,9,0.5979,"mod2",NA,NA,NA,NA,73.0441821137432,29.1134196866839,2.50895232850824,0.0661312582523659,0.52
"655",60,9,0.5225,"mod2",NA,NA,NA,NA,14.849956783093,4.10245114475862,3.6197766308724,0.00851272443193303,0.52
"666",61,9,0.5921,"mod2",NA,NA,NA,NA,28.2356223578597,9.82310042290643,2.87441043481722,0.0282635471238107,0.52
"677",62,9,0.5507,"mod2",NA,NA,NA,NA,3.92800764982606,0.778655410047328,5.04460329837985,0.00148878707410414,0.52
"688",63,9,0.5541,"mod2",NA,NA,NA,NA,5.42573383078897,1.30782348104788,4.14867442695068,0.00601999317454397,0.52
"710",65,9,0.5671,"mod2",NA,NA,NA,NA,9.52400650093491,1.69239785117525,5.62752221312569,0.000494153499916694,0.52
"721",66,9,0.5339,"mod2",NA,NA,NA,NA,92.5496533244875,43.8305320156731,2.11153387988522,0.125184513350802,0.52
"732",67,9,0.6151,"mod2",NA,NA,NA,NA,5.83355921151067,1.1494064347635,5.07527975751325,0.000958717212700187,0.52
"753",69,9,0.5507,"mod2",NA,NA,NA,NA,55.6549475322646,17.9693831143074,3.09720969151978,0.0269382484484623,0.52
"764",70,9,0.6035,"mod2",NA,NA,NA,NA,32.6048509324976,8.95065828780822,3.64273217500762,0.00825711320246637,0.52
"830",76,9,0.6181,"mod2",NA,NA,NA,NA,5.90776358617905,1.23802715980712,4.77191759435994,0.00203120105444469,0.52
"841",77,9,0.5697,"mod2",NA,NA,NA,NA,9.47862545601115,1.97610447800542,4.79662161667605,0.00136140295910573,0.52
"852",78,9,0.6158,"mod2",NA,NA,NA,NA,4.49445072268209,0.748676568023842,6.00319405553903,0.000540534220072887,0.52
"862",79,9,0.5349,"mod2",NA,NA,NA,NA,3.81895232143519,0.749098913758382,5.09806148599887,0.00140252789154508,0.52
"873",80,9,0.5563,"mod2",NA,NA,NA,NA,13.008255164834,3.23274279819535,4.02390662569746,0.00382031828260388,0.52
"895",82,9,0.5563,"mod2",NA,NA,NA,NA,14.9665079317436,2.97615111312685,5.0288131760955,0.000515022007719262,0.52
"906",83,9,0.6029,"mod2",NA,NA,NA,NA,5.05609967748751,1.06050485852465,4.76763461934673,0.00204130816177028,0.52
"917",84,9,0.6185,"mod2",NA,NA,NA,NA,6.39581833042551,1.12531141365796,5.68359856018446,0.000463062627767651,0.52
"928",85,9,0.5776,"mod2",NA,NA,NA,NA,5.82615258576125,1.20710687868365,4.82654244511859,0.00131039111080048,0.52
"939",86,9,0.5349,"mod2",NA,NA,NA,NA,4.11595496231895,0.838462783769764,4.90892982013279,0.00268658624715333,0.52
"972",89,9,0.5225,"mod2",NA,NA,NA,NA,4.90294352242827,0.716894175671751,6.83914542593971,0.000244376622653273,0.52
"994",91,9,0.5671,"mod2",NA,NA,NA,NA,3.73846979943333,0.720419539418878,5.18929539646988,0.00126784634403143,0.52
"1027",94,9,0.5697,"mod2",NA,NA,NA,NA,5.3170871962717,1.10913995693806,4.79388301089638,0.0030195842323425,0.52
"1038",95,9,0.5921,"mod2",NA,NA,NA,NA,8.4749444443497,1.73657155389995,4.88027367793563,0.00122393411501963,0.52
"1093",100,9,0.4877,"mod2",NA,NA,NA,NA,5.21910014352578,1.02575683972355,5.08804810400522,0.00224766099485409,0.52
"10",1,10,0.6358,"mod2",NA,NA,NA,NA,79.6505949980334,38.9970071316214,2.04247968899765,0.133727250031152,0.555555555555556
"32",3,10,0.664,"mod2",NA,NA,NA,NA,24.878118204715,5.26295305558541,4.72702643211164,0.00107839089994554,0.555555555555556
"65",6,10,0.664,"mod2",NA,NA,NA,NA,5.35224513220023,1.09497570992198,4.88800352711166,0.00121201638173637,0.555555555555556
"76",7,10,0.6674,"mod2",NA,NA,NA,NA,33.8979104064698,8.65308731832778,3.91743537993335,0.00576801964767704,0.555555555555556
"120",11,10,0.6696,"mod2",NA,NA,NA,NA,4.58350606216541,0.940816571053155,4.8718381491034,0.00181044281651492,0.555555555555556
"131",12,10,0.664,"mod2",NA,NA,NA,NA,18.915584141641,5.30980734925781,3.5623861465115,0.0118928688283996,0.555555555555556
"142",13,10,0.6819,"mod2",NA,NA,NA,NA,4.31631278597713,0.745729335737714,5.78804209399542,0.000671700379301507,0.555555555555556
"164",15,10,0.6644,"mod2",NA,NA,NA,NA,20.2857840891857,5.36469882460438,3.78134630711196,0.00688016977521646,0.555555555555556
"186",17,10,0.601,"mod2",NA,NA,NA,NA,36.3655551234505,8.15180560768508,4.46104297300306,0.00210814217176603,0.555555555555556
"228",21,10,0.6696,"mod2",NA,NA,NA,NA,21.796545406535,5.94738999002563,3.6648925735642,0.00801823136072677,0.555555555555556
"283",26,10,0.6358,"mod2",NA,NA,NA,NA,4.1620960577822,0.744074654098186,5.59365385564253,0.000821389300666436,0.555555555555556
"294",27,10,0.6,"mod2",NA,NA,NA,NA,4.43639844009045,0.833473110488225,5.32278532356219,0.00109596281371167,0.555555555555556
"316",29,10,0.6472,"mod2",NA,NA,NA,NA,10.0842302192235,2.04757044475417,4.92497351925499,0.0011567397931633,0.555555555555556
"338",31,10,0.6,"mod2",NA,NA,NA,NA,4.29062001636597,0.84522083660003,5.0763301501479,0.001436905043597,0.555555555555556
"349",32,10,0.664,"mod2",NA,NA,NA,NA,5.26296085514864,1.01439820635946,5.18825922813557,0.000834283596473757,0.555555555555556
"360",33,10,0.601,"mod2",NA,NA,NA,NA,13.5983465622868,2.19834152269349,6.18572975213861,4.68629712358684e-05,0.555555555555556
"371",34,10,0.6213,"mod2",NA,NA,NA,NA,4.32751052821957,0.834436640538493,5.18614633871647,0.00127224801532615,0.555555555555556
"382",35,10,0.601,"mod2",NA,NA,NA,NA,17.5170219285948,4.3467425739947,4.02991933163792,0.00499630917602369,0.555555555555556
"415",38,10,0.6472,"mod2",NA,NA,NA,NA,4.81780570167936,0.952394345542961,5.05862484823209,0.000978717382341444,0.555555555555556
"426",39,10,0.6696,"mod2",NA,NA,NA,NA,5.77341047214662,0.900187389351261,6.41356515370355,0.000362575976744638,0.555555555555556
"437",40,10,0.6358,"mod2",NA,NA,NA,NA,9.07469999450934,1.72588500528964,5.25799805125858,0.000369118991965524,0.555555555555556
"448",41,10,0.601,"mod2",NA,NA,NA,NA,28.9168628773381,6.86375193239423,4.21298193206282,0.00397102228891735,0.555555555555556
"492",45,10,0.6674,"mod2",NA,NA,NA,NA,5.85908311614482,1.07667519683765,5.44182974898447,0.00061463762438663,0.555555555555556
"503",46,10,0.601,"mod2",NA,NA,NA,NA,6.53154528712638,1.30533352847284,5.00373670380463,0.00155870518566955,0.555555555555556
"514",47,10,0.6819,"mod2",NA,NA,NA,NA,9.89439410910851,1.92351558934138,5.14391157728874,0.000608090214898469,0.555555555555556
"525",48,10,0.6674,"mod2",NA,NA,NA,NA,5.53128382037997,1.04085722379083,5.31416191764985,0.000716054235646981,0.555555555555556
"536",49,10,0.6213,"mod2",NA,NA,NA,NA,80.6548488233583,33.495626558221,2.40792178295774,0.0737205617990967,0.555555555555556
"547",50,10,0.6644,"mod2",NA,NA,NA,NA,51.1409429500846,14.9096027818509,3.43006743360978,0.0139700260433717,0.555555555555556
"558",51,10,0.6,"mod2",NA,NA,NA,NA,4.71916137451333,0.691468546328756,6.82483881525628,0.000134380219416855,0.555555555555556
"580",53,10,0.6358,"mod2",NA,NA,NA,NA,16.5113350812603,4.0426024980046,4.08433307242306,0.00351301710216289,0.555555555555556
"591",54,10,0.6674,"mod2",NA,NA,NA,NA,8.73931795131263,2.14581700781138,4.07272284612297,0.00473293240793318,0.555555555555556
"602",55,10,0.6804,"mod2",NA,NA,NA,NA,4.6321405859284,0.912516289837667,5.07622783013818,0.00143706910326246,0.555555555555556
"645",59,10,0.6472,"mod2",NA,NA,NA,NA,11.4567314992966,2.06792240386409,5.54021344219139,0.000175312547997561,0.555555555555556
"656",60,10,0.6358,"mod2",NA,NA,NA,NA,11.5409334699636,2.69273024100539,4.28595976463447,0.00266590600162544,0.555555555555556
"667",61,10,0.6696,"mod2",NA,NA,NA,NA,12.1458600199395,2.67247353904707,4.54480085302186,0.00188723492604039,0.555555555555556
"722",66,10,0.6,"mod2",NA,NA,NA,NA,39.7168745281831,12.3851517761615,3.20681371096548,0.0184409302125898,0.555555555555556
"733",67,10,0.664,"mod2",NA,NA,NA,NA,4.23625468236015,0.968934497769504,4.3720754004652,0.00470843248757845,0.555555555555556
"744",68,10,0.6696,"mod2",NA,NA,NA,NA,9.97368949574022,1.94745980164158,5.12138401384874,0.000626808463103229,0.555555555555556
"754",69,10,0.664,"mod2",NA,NA,NA,NA,4.83594757654233,0.752028761920776,6.43053540158585,0.000356783818009445,0.555555555555556
"765",70,10,0.6696,"mod2",NA,NA,NA,NA,8.39039009801151,1.47332504873724,5.69486693055465,0.000296228431051472,0.555555555555556
"776",71,10,0.664,"mod2",NA,NA,NA,NA,38.5822550596123,10.9691762695182,3.51733385548985,0.00976258673413971,0.555555555555556
"787",72,10,0.6358,"mod2",NA,NA,NA,NA,6.79831723684492,1.39712303170085,4.86594028055544,0.00124637252554826,0.555555555555556
"798",73,10,0.6804,"mod2",NA,NA,NA,NA,13.1853574051665,2.62326058976388,5.02632390263344,0.000516910029444263,0.555555555555556
"809",74,10,0.6804,"mod2",NA,NA,NA,NA,5.06991156783048,0.863729924304643,5.86978802652007,0.000374297240771642,0.555555555555556
"831",76,10,0.664,"mod2",NA,NA,NA,NA,4.79213690962858,0.873542713903309,5.48586443840343,0.000583399616188814,0.555555555555556
"885",81,10,0.6819,"mod2",NA,NA,NA,NA,5.72780384732723,1.08045733003075,5.30127723522801,0.00112181192384821,0.555555555555556
"896",82,10,0.6,"mod2",NA,NA,NA,NA,13.1123029037529,2.95819196107316,4.43253956345554,0.00164111240155021,0.555555555555556
"907",83,10,0.6358,"mod2",NA,NA,NA,NA,17.2774894493027,3.59162560859782,4.81049288877519,0.000544108981912759,0.555555555555556
"973",89,10,0.6358,"mod2",NA,NA,NA,NA,4.68859868328766,0.986058705045579,4.75488797907924,0.00314286868641166,0.555555555555556
"984",90,10,0.6696,"mod2",NA,NA,NA,NA,35.8494458491163,11.8110778600674,3.03523914361122,0.0289076635208129,0.555555555555556
"1017",93,10,0.6819,"mod2",NA,NA,NA,NA,5.29053345129261,1.01778620273314,5.19807935800811,0.00125565758896478,0.555555555555556
"1039",95,10,0.6358,"mod2",NA,NA,NA,NA,54.6449536742361,19.1853655483048,2.84826231413999,0.0358967883481918,0.555555555555556
"1050",96,10,0.6674,"mod2",NA,NA,NA,NA,3.96557491313221,0.658435851474975,6.02272021526296,0.000530126664832174,0.555555555555556
"1061",97,10,0.6358,"mod2",NA,NA,NA,NA,4.22630474849161,0.846320166838612,4.99374221965993,0.00157635422802205,0.555555555555556
"1083",99,10,0.6804,"mod2",NA,NA,NA,NA,5.89448195052699,1.05259585707077,5.59994789161581,0.000334295011230208,0.555555555555556
"22",2,11,0.7133,"mod2",NA,NA,NA,NA,15.7580415876445,3.01502460048642,5.22650514529872,0.000282650683359757,0.53
"33",3,11,0.7133,"mod2",NA,NA,NA,NA,66.6185152474594,22.2576734188555,2.99305834863333,0.0303404007819601,0.53
"44",4,11,0.7133,"mod2",NA,NA,NA,NA,4.73396341391666,0.792259288018984,5.97527032564524,0.000332442256963706,0.53
"55",5,11,0.7133,"mod2",NA,NA,NA,NA,3.98444198534851,0.706868231581332,5.63675350982308,0.000785233496812468,0.53
"110",10,11,0.7133,"mod2",NA,NA,NA,NA,4.51290310049752,1.08991421030504,4.14060396481523,0.00607451713033548,0.53
"121",11,11,0.7133,"mod2",NA,NA,NA,NA,26.5250108962824,6.18815028377981,4.28641996071249,0.00203071709034004,0.53
"132",12,11,0.7133,"mod2",NA,NA,NA,NA,4.5490664180485,0.916509005887647,4.96347159583303,0.00254340007860709,0.53
"143",13,11,0.7133,"mod2",NA,NA,NA,NA,4.82914637847958,1.183723677228,4.07962303312906,0.00650484896874027,0.53
"154",14,11,0.7133,"mod2",NA,NA,NA,NA,5.94029693152364,1.05711797372318,5.61933207000713,0.00049888328997412,0.53
"187",17,11,0.7133,"mod2",NA,NA,NA,NA,10.2909884766979,2.093836325768,4.91489633170024,0.000609462797424609,0.53
"197",18,11,0.7133,"mod2",NA,NA,NA,NA,10.3697422088261,1.7421215963294,5.95236419241622,9.55963541412783e-05,0.53
"229",21,11,0.7133,"mod2",NA,NA,NA,NA,5.24923249477863,0.89615013640349,5.85753690318603,0.000379522973504241,0.53
"240",22,11,0.7133,"mod2",NA,NA,NA,NA,5.58456810087094,1.1102217690903,5.03013745212982,0.00101399131116671,0.53
"262",24,11,0.7133,"mod2",NA,NA,NA,NA,3.92877383355831,0.613177252499219,6.40724002324811,0.000207526079635556,0.53
"295",27,11,0.7133,"mod2",NA,NA,NA,NA,12.0507523646873,2.57992890674423,4.67096296071775,0.0016005170478018,0.53
"394",36,11,0.7133,"mod2",NA,NA,NA,NA,6.09605951195162,1.458975047144,4.17831649957611,0.00582438666959349,0.53
"416",38,11,0.7133,"mod2",NA,NA,NA,NA,39.37737752921,16.4398718976822,2.39523627521463,0.0619848477734432,0.53
"460",42,11,0.7133,"mod2",NA,NA,NA,NA,10.3992140409134,2.17011766710203,4.79200469106383,0.000984636649706183,0.53
"482",44,11,0.7133,"mod2",NA,NA,NA,NA,4.58879238791879,1.21763970232918,3.76859622689787,0.0130417206141211,0.53
"493",45,11,0.7133,"mod2",NA,NA,NA,NA,12.6543139290838,2.81342580700973,4.49783104198276,0.00149359949054866,0.53
"504",46,11,0.7133,"mod2",NA,NA,NA,NA,4.10547564480403,0.764879672269614,5.36747908677181,0.00104434252061052,0.53
"515",47,11,0.7133,"mod2",NA,NA,NA,NA,6.13719507361222,1.1915586554933,5.15056060842546,0.000602681471651986,0.53
"537",49,11,0.7133,"mod2",NA,NA,NA,NA,6.60326984946287,1.44647183366008,4.5650870592857,0.00258920469498276,0.53
"548",50,11,0.7133,"mod2",NA,NA,NA,NA,56.0398862638801,18.1816977375848,3.08221416243412,0.0216017638152971,0.53
"570",52,11,0.7133,"mod2",NA,NA,NA,NA,25.8172693387714,6.87341197289169,3.75610678373319,0.00557529297964194,0.53
"592",54,11,0.7133,"mod2",NA,NA,NA,NA,9.09239016607535,1.21912348951886,7.45813713232921,1.2643360691208e-05,0.53
"614",56,11,0.7133,"mod2",NA,NA,NA,NA,5.25653635104577,0.865051163998145,6.07656121373307,0.000297054793179613,0.53
"625",57,11,0.7133,"mod2",NA,NA,NA,NA,18.9885381690887,4.63360755940799,4.09800310570858,0.00344725555462701,0.53
"635",58,11,0.7133,"mod2",NA,NA,NA,NA,5.338145842402,0.939147699692369,5.68403228177058,0.000462830692310255,0.53
"657",60,11,0.7133,"mod2",NA,NA,NA,NA,5.04765798387858,0.992749097406375,5.08452538215943,0.00142383213890967,0.53
"679",62,11,0.7133,"mod2",NA,NA,NA,NA,18.0022921015665,4.54969384996455,3.95681395171386,0.00419573054861209,0.53
"723",66,11,0.7133,"mod2",NA,NA,NA,NA,26.904487906607,6.65109514701195,4.04512148930752,0.00370925628696466,0.53
"745",68,11,0.7133,"mod2",NA,NA,NA,NA,11.9184598038592,2.12203521252925,5.61652310644442,0.000222528229322097,0.53
"755",69,11,0.7133,"mod2",NA,NA,NA,NA,4.92166411453423,0.801921314596703,6.13734044095012,0.000277826065344697,0.53
"766",70,11,0.7133,"mod2",NA,NA,NA,NA,5.43947774588164,0.91220181996301,5.96302005416105,0.000211913473882593,0.53
"777",71,11,0.7133,"mod2",NA,NA,NA,NA,10.0307826246897,1.77302098468282,5.65745285100736,0.000210278293290502,0.53
"788",72,11,0.7133,"mod2",NA,NA,NA,NA,15.5282290389002,3.7580363994406,4.13200602346791,0.00203765598195477,0.53
"810",74,11,0.7133,"mod2",NA,NA,NA,NA,4.92565505491162,0.888363423392005,5.54463964320387,0.000544386700108601,0.53
"864",79,11,0.7133,"mod2",NA,NA,NA,NA,4.29832991634871,0.8445030751816,5.08977414371689,0.00141552882189043,0.53
"875",80,11,0.7133,"mod2",NA,NA,NA,NA,4.95843980169027,0.817196881006124,6.06761958707612,0.000507035459205438,0.53
"886",81,11,0.7133,"mod2",NA,NA,NA,NA,6.9224640049762,1.41773599540693,4.88275957399902,0.0017879715312645,0.53
"897",82,11,0.7133,"mod2",NA,NA,NA,NA,10.8674195671459,2.33761849771324,4.64892777746963,0.000909528215819847,0.53
"908",83,11,0.7133,"mod2",NA,NA,NA,NA,10.6260962548746,2.06309906597461,5.15055065950251,0.000431101084558065,0.53
"930",85,11,0.7133,"mod2",NA,NA,NA,NA,18.1714951484181,4.65739184700673,3.90164618854152,0.00453411639771674,0.53
"963",88,11,0.7133,"mod2",NA,NA,NA,NA,4.35882309787228,1.15760130852451,3.76539233825512,0.00933914101623434,0.53
"985",90,11,0.7133,"mod2",NA,NA,NA,NA,4.97941616916312,0.735483239965501,6.77026463498568,8.17523911628396e-05,0.53
"996",91,11,0.7133,"mod2",NA,NA,NA,NA,4.52027755247212,0.965041396818963,4.68402450648457,0.00157365337991121,0.53
"1007",92,11,0.7133,"mod2",NA,NA,NA,NA,4.16677705941778,0.827181632430449,5.03731816091568,0.0023631127482097,0.53
"1029",94,11,0.7133,"mod2",NA,NA,NA,NA,5.95416364969697,1.05544232706111,5.64139176251948,0.000486255780293795,0.53
"1040",95,11,0.7133,"mod2",NA,NA,NA,NA,9.55689392500995,1.92543455036869,4.96349975810912,0.000776789164362324,0.53
"1062",97,11,0.7133,"mod2",NA,NA,NA,NA,4.8371283390911,0.939317480545871,5.14962027139117,0.000874731221055588,0.53
"1084",99,11,0.7133,"mod2",NA,NA,NA,NA,3.86801816215331,0.615106382402067,6.28837266660803,0.000408717251807023,0.53
"1095",100,11,0.7133,"mod2",NA,NA,NA,NA,4.53048571871192,0.758195719654235,5.97535122036561,0.000985584928351687,0.53
