"","r","area","model","a","a.std.err","a.tval","a.pval","b","b.std.err","b.tval","b.pval"
"1",1,6,"mod3",0.783136851522153,0.189673872112382,4.12885993627074,0.0090950703039801,NA,NA,NA,NA
"2",1,7,"mod3",0.722769467340158,0.207980599699285,3.47517734050769,0.0401953127313144,NA,NA,NA,NA
"3",1,8,"mod3",0.52741282973884,0.135438942175293,3.89410033235664,0.0176292742259179,NA,NA,NA,NA
"4",1,9,"mod3",0.881370494303048,0.201631379059279,4.37119707465735,0.00721395054033028,NA,NA,NA,NA
"5",1,10,"mod3",0.788474010207854,0.20043849524298,3.93374540779721,0.0170491993467541,NA,NA,NA,NA
"6",1,12,"mod2",NA,NA,NA,NA,6.20242119478396,1.28650564240939,4.82113796498238,0.00191894123743669
"7",1,13,"mod2",NA,NA,NA,NA,4.66845414089576,0.85914040451429,5.43386635800821,0.000972592841070861
"8",1,14,"mod3",0.930142218234635,0.232519586758647,4.00027469169775,0.0161264050303562,NA,NA,NA,NA
"9",2,2,"mod3",1.17889532879895,0.130376665333987,9.04222642739761,0.00285657481434791,NA,NA,NA,NA
"10",2,3,"mod2",NA,NA,NA,NA,8.30862730244005,2.35669688038827,3.5255392289021,0.024328181881852
"11",2,4,"mod2",NA,NA,NA,NA,6.73576715019652,2.21506568218832,3.04088822483227,0.03836883882843
"12",2,5,"mod3",1.07685138715161,0.148244031335445,7.26404548939256,0.00190750816416492,NA,NA,NA,NA
"13",2,8,"mod2",NA,NA,NA,NA,4.84328553918861,1.4290498145763,3.38916494707681,0.0194789868314854
"14",2,10,"mod1",-1.77497182116604,0.495392230501577,-3.58296257365383,0.0158252373989878,1.4551891254451,0.345864140295996,4.20740098756616,0.00842928256942615
"15",2,12,"mod2",NA,NA,NA,NA,6.223297451786,1.46452957739813,4.24934910692773,0.00538399866206534
"16",2,14,"mod2",NA,NA,NA,NA,8.05491414291054,1.20210769709415,6.70065931894591,0.000277269996233696
"17",3,3,"mod3",0.762586477836404,0.219957997090067,3.46696409280426,0.0256544352462414,NA,NA,NA,NA
"18",3,4,"mod3",0.877742729872741,0.159519190730788,5.50242717413269,0.00531965151271158,NA,NA,NA,NA
"19",3,6,"mod3",0.739016137577499,0.128742420766984,5.7402690828307,0.00224838044228404,NA,NA,NA,NA
"20",3,12,"mod2",NA,NA,NA,NA,4.51634106968671,0.75284852698189,5.99900366119114,0.000965376020028211
"21",3,13,"mod2",NA,NA,NA,NA,4.86260068410709,0.918173204511641,5.29595141767769,0.003202680224429
"22",3,14,"mod1",-2.63830568747324,0.254358291008418,-10.372399016417,0.000143417396479551,1.04472715612293,0.0928746165286412,11.2487910601574,9.69810216864717e-05
"23",4,1,"mod2",NA,NA,NA,NA,6.43201568045073,2.6730383339686,2.40625643063684,0.0953369273529188
"24",4,2,"mod2",NA,NA,NA,NA,7.11426369574337,2.0415861764955,3.48467469933374,0.0252445635536538
"25",4,5,"mod2",NA,NA,NA,NA,6.2090239619368,1.6464558542993,3.77114512103287,0.0130076081412066
"26",4,8,"mod2",NA,NA,NA,NA,8.08721939242509,1.80102943399722,4.49033160689454,0.00414643279939465
"27",4,11,"mod3",0.808042690461983,0.189459509669973,4.26498881935009,0.00797679861948638,NA,NA,NA,NA
"28",4,12,"mod1",-1.97785997961342,0.262661220955337,-7.53007989690925,0.000653966209598808,1.39409040940736,0.166969476111907,8.34937284269253,0.000403181163960111
"29",4,13,"mod3",0.916305211935087,0.197479689248265,4.63999723426311,0.00563269966599869,NA,NA,NA,NA
"30",4,14,"mod3",0.948071886411338,0.21153895863749,4.48178384028084,0.00650797562357256,NA,NA,NA,NA
"31",5,3,"mod3",0.628274015551329,0.115376892535684,5.44540593652248,0.00283645567186554,NA,NA,NA,NA
"32",5,6,"mod3",0.906301100135594,0.165235902630287,5.48489211913849,0.00274805169982609,NA,NA,NA,NA
"33",5,8,"mod2",NA,NA,NA,NA,6.82346547749898,1.54968783823677,4.4031225574195,0.00455300469700918
"34",5,9,"mod3",0.795934238308856,0.1462062976259,5.44391213807647,0.00283986501007435,NA,NA,NA,NA
"35",5,10,"mod2",NA,NA,NA,NA,6.56140478368641,1.59233286026869,4.12062386414562,0.00916834072706217
"36",5,11,"mod2",NA,NA,NA,NA,7.3272785097029,2.12729142919827,3.44441688107792,0.0261877371818193
"37",5,12,"mod3",0.821981663611429,0.20497147455467,4.01022466856573,0.0278218752856427,NA,NA,NA,NA
"38",5,13,"mod3",0.90008872280654,0.18944440685969,4.75120241197292,0.0176929131205185,NA,NA,NA,NA
"39",5,14,"mod3",1.03376838783687,0.23289181856856,4.43883513895336,0.0113441695976204,NA,NA,NA,NA
"40",6,3,"mod3",0.838368315477036,0.241506650521811,3.4714088148944,0.0403051871724828,NA,NA,NA,NA
"41",6,6,"mod3",0.803443796951286,0.172687934132406,4.65257634233585,0.00349429770138846,NA,NA,NA,NA
"42",6,9,"mod3",0.802514647930676,0.169082521263295,4.74628981123959,0.00512136940725472,NA,NA,NA,NA
"43",6,10,"mod2",NA,NA,NA,NA,5.54142096526247,1.26291441577048,4.38780403174173,0.00462895859509745
"44",6,14,"mod2",NA,NA,NA,NA,5.01785312462583,1.02062195565743,4.91646598117088,0.00266626840260992
"45",7,1,"mod3",0.56315456031289,0.153980185460169,3.65731836619047,0.0216313725193854,NA,NA,NA,NA
"46",7,4,"mod3",0.760439832132008,0.181928244045389,4.17988881342847,0.00865588361088652,NA,NA,NA,NA
"47",7,5,"mod3",0.742649604348599,0.211207426955898,3.51620970461267,0.0245338614465666,NA,NA,NA,NA
"48",7,8,"mod3",0.69681511201143,0.128022095916533,5.44292848060958,0.00553229964427409,NA,NA,NA,NA
"49",7,9,"mod2",NA,NA,NA,NA,8.34706760116132,2.37570965643342,3.51350493464446,0.0245938774443157
"50",7,10,"mod1",-1.08833888107112,0.193622809653707,-5.6209228810263,0.00246729729874472,2.45034915915549,0.359772255122275,6.81083414373546,0.00103963882913627
"51",7,11,"mod2",NA,NA,NA,NA,6.9206343832469,1.43819600152261,4.81202449173831,0.00296410065386991
"52",7,12,"mod3",0.677741201939674,0.165910443927925,4.08498214997301,0.00949337211197287,NA,NA,NA,NA
"53",7,13,"mod3",0.866334211878397,0.163440785922664,5.30059988997071,0.00319048432081886,NA,NA,NA,NA
"54",8,5,"mod1",-2.0991234290994,0.191732740735813,-10.948174114883,0.000395373309620383,1.31686105594982,0.110228193100733,11.9466809616156,0.000281283089340773
"55",8,6,"mod3",0.755582176524823,0.194921648324381,3.87633791844102,0.0178968365516855,NA,NA,NA,NA
"56",8,8,"mod3",0.820227747238049,0.154175818903767,5.32008036714252,0.00313996265185569,NA,NA,NA,NA
"57",8,11,"mod3",0.713580902681522,0.156399956951231,4.56253899675964,0.006042888131099,NA,NA,NA,NA
"58",8,12,"mod3",1.11246881295444,0.27871902363605,3.99136305244489,0.0162464687835301,NA,NA,NA,NA
"59",9,4,"mod3",0.734912860031006,0.155231600763192,4.73429930773003,0.0178649797686085,NA,NA,NA,NA
"60",9,6,"mod2",NA,NA,NA,NA,4.20954378109825,1.31385937265304,3.20395307802085,0.0327770997794101
"61",9,8,"mod2",NA,NA,NA,NA,7.34186129277221,2.45876131878184,2.98599999792157,0.0404978666352556
"62",9,9,"mod2",NA,NA,NA,NA,7.90987159453272,0.993574253227767,7.96102713897464,4.52298797591293e-05
"63",9,10,"mod3",0.834314791141558,0.191250708065004,4.36241412950996,0.0222680224092006,NA,NA,NA,NA
"64",9,11,"mod3",0.788597553783021,0.222717450427815,3.54079822783627,0.0239961853029431,NA,NA,NA,NA
"65",9,12,"mod2",NA,NA,NA,NA,6.11081369689081,0.968513941095599,6.30947417233681,0.000400498492070226
"66",10,5,"mod3",1.23724852206424,0.190977347538945,6.47850929970602,0.00292573183945317,NA,NA,NA,NA
"67",10,6,"mod3",0.771897919975457,0.136359259631181,5.66076643466133,0.00480062221908089,NA,NA,NA,NA
"68",10,7,"mod3",0.771399698411222,0.195896718828281,3.93778774358857,0.0169913497981382,NA,NA,NA,NA
"69",10,8,"mod2",NA,NA,NA,NA,7.14599730833436,1.68315302145521,4.24560168757331,0.00812591856043244
"70",10,9,"mod2",NA,NA,NA,NA,6.75369195733622,1.2219378270721,5.52703403373545,0.000880988796999649
"71",10,11,"mod3",0.999006998716533,0.260121231392782,3.8405438624425,0.0184509642865042,NA,NA,NA,NA
"72",11,1,"mod3",0.72730276387426,0.202945919553102,3.58372696270917,0.02309070246058,NA,NA,NA,NA
"73",11,2,"mod3",0.980275708770764,0.0999859365732497,9.80413588517635,0.000187943312214646,NA,NA,NA,NA
"74",11,4,"mod2",NA,NA,NA,NA,7.63462483389032,2.18899849363901,3.48772502862643,0.017513085164325
"75",11,5,"mod2",NA,NA,NA,NA,7.27695928033903,2.22172812165831,3.27535993688889,0.0306341743163531
"76",11,6,"mod3",0.621253101854517,0.158723156031117,3.91406721860246,0.0173342131594797,NA,NA,NA,NA
"77",11,7,"mod3",0.959817378201735,0.158289054318366,6.06370024974223,0.00176082699726915,NA,NA,NA,NA
"78",11,8,"mod2",NA,NA,NA,NA,4.83753042896288,1.50845595020485,3.20694179257005,0.0238098691409944
"79",11,10,"mod3",0.934663118733769,0.210051129206261,4.44969337830111,0.0112493832242874,NA,NA,NA,NA
"80",11,11,"mod3",0.880787982599081,0.176659902231812,4.98578325625539,0.00415504320455076,NA,NA,NA,NA
"81",11,12,"mod3",0.641637938740026,0.174221264468048,3.68289106785643,0.0211502107882147,NA,NA,NA,NA
"82",11,14,"mod2",NA,NA,NA,NA,5.72864653739814,0.935620720462234,6.12282991613093,0.000867010892730984
"83",12,4,"mod3",0.714333264175021,0.115361167017126,6.1921466525124,0.00345788646715722,NA,NA,NA,NA
"84",12,6,"mod3",0.761098919651647,0.174754000389807,4.35525892370953,0.00732285258082845,NA,NA,NA,NA
"85",12,10,"mod2",NA,NA,NA,NA,4.42193631799469,0.748124088096319,5.9106990248727,0.00104333860165702
"86",12,12,"mod3",1.11054305456971,0.134857243836705,8.23495292484571,0.00118569900555425,NA,NA,NA,NA
"87",13,1,"mod3",0.813305049475121,0.0898522935306881,9.05157806792483,0.00284798046684784,NA,NA,NA,NA
"88",13,5,"mod3",1.06809193310871,0.150977776704631,7.07449769377842,0.0008731210727282,NA,NA,NA,NA
"89",13,7,"mod3",1.12444902810571,0.157713815522764,7.12967994832014,0.00204623969002167,NA,NA,NA,NA
"90",13,8,"mod3",0.924227963409577,0.183806692324723,5.02826067821723,0.00400677193178165,NA,NA,NA,NA
"91",13,9,"mod2",NA,NA,NA,NA,7.73037925506333,1.7635944350028,4.38330894089663,0.00465151638860517
"92",13,11,"mod2",NA,NA,NA,NA,4.09195412751417,0.910592847141486,4.49372531352464,0.00413145894979764
"93",13,12,"mod2",NA,NA,NA,NA,7.48031151588533,1.4835983069172,5.04200596685016,0.00149312567222612
"94",13,14,"mod3",0.813569709663638,0.176073258369506,4.62063187333245,0.00573213317842751,NA,NA,NA,NA
"95",14,6,"mod3",0.687673525650354,0.170687161680048,4.02885324755351,0.0157485064053837,NA,NA,NA,NA
"96",14,7,"mod3",0.95364336100036,0.237502109217153,4.01530480779194,0.0277297672414662,NA,NA,NA,NA
"97",14,9,"mod3",0.773259951330348,0.189563037371088,4.07917050736329,0.0151087084254317,NA,NA,NA,NA
"98",14,10,"mod3",0.682877073323209,0.156420349288056,4.3656536788935,0.0120088485315665,NA,NA,NA,NA
"99",14,13,"mod2",NA,NA,NA,NA,4.46049267078821,0.971928592249842,4.58932138261615,0.00373370342002029
"100",14,14,"mod2",NA,NA,NA,NA,5.57003063952726,0.885446702139978,6.29064474018077,0.000235146784296713
"101",15,3,"mod3",1.20649322353314,0.15554024037272,7.75679155851904,0.00148857858824526,NA,NA,NA,NA
"102",15,9,"mod3",1.03301795096582,0.219077071990022,4.71531749800301,0.00526456983069328,NA,NA,NA,NA
"103",15,10,"mod3",0.755672608363077,0.145377001239469,5.19802033279194,0.00652500445669075,NA,NA,NA,NA
"104",15,11,"mod2",NA,NA,NA,NA,4.7755038788703,0.835105581705798,5.71844325254753,0.00123930073745048
"105",15,13,"mod3",0.899504549898898,0.189839459690888,4.73823804262584,0.00904894037490727,NA,NA,NA,NA
"106",15,14,"mod3",0.915583473443254,0.193045602201426,4.74283517988626,0.00513711513393183,NA,NA,NA,NA
"107",16,6,"mod3",0.665427226630526,0.177324001746565,3.75260664138163,0.0199020223598578,NA,NA,NA,NA
"108",16,7,"mod3",0.747987435723241,0.166932466446151,4.48077867443795,0.0109832806091977,NA,NA,NA,NA
"109",16,8,"mod3",1.11009765612804,0.274538228244722,4.04350848778154,0.015558851955422,NA,NA,NA,NA
"110",16,9,"mod2",NA,NA,NA,NA,5.16993415417213,1.26359216881499,4.09145789421957,0.00943334152916018
"111",16,10,"mod1",-2.0949791711019,0.591861894777347,-3.53964191577161,0.0165688812134607,1.27613657370198,0.321115094212665,3.97407844321647,0.0105930237360594
"112",16,11,"mod3",0.818187349394299,0.203865003622725,4.01337814168658,0.0159517977625787,NA,NA,NA,NA
"113",16,14,"mod2",NA,NA,NA,NA,5.36575876678818,0.973594866441479,5.51128498283912,0.00149902725183694
"114",17,2,"mod3",0.610528913148687,0.0902293454384479,6.76641186059777,0.0024887714682033,NA,NA,NA,NA
"115",17,3,"mod2",NA,NA,NA,NA,8.03852192052059,3.4130464037732,2.35523370313214,0.0998304477785121
"116",17,7,"mod3",0.71702888175755,0.116396541615004,6.16022496724354,0.0016402374855506,NA,NA,NA,NA
"117",17,8,"mod3",0.953417593036594,0.217673647161664,4.38003224307856,0.0118746095580777,NA,NA,NA,NA
"118",17,9,"mod3",1.26378804833039,0.242558689064369,5.21023614204564,0.0064705754886861,NA,NA,NA,NA
"119",17,11,"mod2",NA,NA,NA,NA,6.22244194732474,1.91324775701464,3.25229282225006,0.022638238041867
"120",17,12,"mod2",NA,NA,NA,NA,4.62694475024981,1.15817333051602,3.99503651857385,0.00715935503137797
"121",17,13,"mod3",1.02011855673008,0.198569631595144,5.13733418617586,0.00365350143273683,NA,NA,NA,NA
"122",17,14,"mod2",NA,NA,NA,NA,4.96451499169137,1.2918357644997,3.84299237420015,0.00852917887185068
"123",18,6,"mod2",NA,NA,NA,NA,5.08517854173062,1.20252206129468,4.22876112248264,0.00825807219752072
"124",18,7,"mod2",NA,NA,NA,NA,7.68707154293693,1.56119433999222,4.92384025871835,0.00170617297662709
"125",18,8,"mod2",NA,NA,NA,NA,5.61060218179272,1.13413859034884,4.94701637836606,0.00258566746057581
"126",18,9,"mod3",0.931623041399584,0.23158446720993,4.02282179208104,0.0158273669472909,NA,NA,NA,NA
"127",18,10,"mod3",0.754537181069946,0.149794720182942,5.03714136351695,0.00397655939318827,NA,NA,NA,NA
"128",18,11,"mod3",0.732475553546344,0.183789891718094,3.98539629518827,0.0163274578531367,NA,NA,NA,NA
"129",18,12,"mod3",0.722445265378293,0.133616405519398,5.40686050167253,0.0029259868310239,NA,NA,NA,NA
"130",18,13,"mod2",NA,NA,NA,NA,5.64194634154792,1.50030631794123,3.76052961590537,0.00939267478771979
"131",18,14,"mod2",NA,NA,NA,NA,6.41917535164039,1.53939568550591,4.16993201428311,0.00873962023380108
"132",19,5,"mod2",NA,NA,NA,NA,5.99817196579819,1.72969625487869,3.46776027807198,0.0256358403875766
"133",19,7,"mod2",NA,NA,NA,NA,5.11997168210932,0.950420676939694,5.38705839039126,0.00102258662475575
"134",19,8,"mod3",1.01172890735209,0.278649920972053,3.63082431110238,0.0221437183204119,NA,NA,NA,NA
"135",19,9,"mod3",0.757355080671224,0.177944837906454,4.25612279390408,0.013093989422759,NA,NA,NA,NA
"136",19,11,"mod2",NA,NA,NA,NA,6.91385091290274,1.43920096372776,4.80395100278059,0.00298864876493253
"137",19,12,"mod1",-1.34765299828961,0.1684654281354,-7.99958195106041,9.11796309799358e-05,2.00292243546258,0.212093994670362,9.44356033548019,3.11636997292119e-05
"138",19,14,"mod1",-2.41092564384544,0.506705259693186,-4.75804345371365,0.00506821727160262,1.0967879005647,0.206487572746025,5.31164120909943,0.00316173329307222
"139",20,4,"mod3",0.86865812338514,0.233522909677687,3.71979830408965,0.0338118517936212,NA,NA,NA,NA
"140",20,6,"mod2",NA,NA,NA,NA,5.74410238387565,1.22449399505726,4.69100085999774,0.00538027040934138
"141",20,7,"mod2",NA,NA,NA,NA,4.70470954529469,1.18847649293804,3.95860546948147,0.0107578167036572
"142",20,8,"mod3",0.895285544894525,0.208710165893295,4.28961158198805,0.00779194803978442,NA,NA,NA,NA
"143",20,9,"mod1",-2.34203214222886,0.762755426922139,-3.07048899236207,0.0277683490598997,1.08988511281727,0.306136560128933,3.5601272594108,0.0162123751259743
"144",20,11,"mod3",0.767011333193574,0.173884720561893,4.41103353253262,0.00694986482691804,NA,NA,NA,NA
"145",20,12,"mod3",1.07236636646038,0.209007758589221,5.13074908653506,0.00367376780772692,NA,NA,NA,NA
"146",20,13,"mod3",1.05215119636778,0.234104179356863,4.49437169066474,0.010869318013502,NA,NA,NA,NA
"147",20,14,"mod2",NA,NA,NA,NA,7.64553411578903,1.56860227929379,4.87410621335524,0.00180575055405434
"148",21,7,"mod3",0.81604930252374,0.151718228696972,5.37871625270318,0.00577358248529384,NA,NA,NA,NA
"149",21,10,"mod3",0.917495393161787,0.147477771253651,6.22124531285303,0.00156902052151956,NA,NA,NA,NA
"150",21,11,"mod3",0.909623645642893,0.180700662130209,5.03387001973152,0.00731353826605016,NA,NA,NA,NA
"151",21,12,"mod2",NA,NA,NA,NA,6.38039830633835,1.72119707775872,3.7069539501233,0.0100056147728679
"152",21,14,"mod1",-2.54182938543829,0.550813091180311,-4.61468586375011,0.00992063156889065,1.05857263511699,0.209600697290633,5.05042515984177,0.0072289282715278
"153",22,1,"mod3",1.22987077213373,0.0608723003668857,20.2041119642454,3.54268504111898e-05,NA,NA,NA,NA
"154",22,4,"mod3",1.0477886703403,0.13433021102573,7.80009695763522,0.00145747589279004,NA,NA,NA,NA
"155",22,5,"mod3",0.773473776372549,0.20027034798904,3.862148261783,0.0306885750982917,NA,NA,NA,NA
"156",22,8,"mod3",0.78363059678195,0.132810970066955,5.90034540359798,0.00198956848639809,NA,NA,NA,NA
"157",22,9,"mod3",0.648523683586207,0.148609129107239,4.36395588536302,0.00726319381711779,NA,NA,NA,NA
"158",22,10,"mod3",0.661071712129231,0.179696011846682,3.67883352187727,0.0212256956334495,NA,NA,NA,NA
"159",22,13,"mod3",0.973122735672262,0.305484115856221,3.18551009745551,0.0498825611815106,NA,NA,NA,NA
"160",22,14,"mod1",-1.42432855100426,0.225690423575731,-6.31098355188441,0.000399917749508711,1.79827733121317,0.233399190120345,7.70472823957075,0.000115795765729515
"161",23,2,"mod3",0.795662625594564,0.131226416291647,6.06328091613983,0.00373594940277699,NA,NA,NA,NA
"162",23,3,"mod3",0.813780499010885,0.187587384608984,4.33814086542743,0.0122708621376749,NA,NA,NA,NA
"163",23,4,"mod2",NA,NA,NA,NA,6.43710758269563,1.52917587769525,4.20952728629066,0.00841205675710736
"164",23,6,"mod3",1.19814381326175,0.246283289365217,4.86490096973247,0.00825001630162663,NA,NA,NA,NA
"165",23,8,"mod3",0.916083702084319,0.231272851991813,3.96105160720181,0.0107315691956515,NA,NA,NA,NA
"166",23,10,"mod1",-1.73704844219489,0.366651861462186,-4.73759613620301,0.00516110166091181,1.63548372601679,0.312930309807163,5.2263512825735,0.00339197655036072
"167",23,11,"mod1",-1.64405971992064,0.314621303769223,-5.22551937909001,0.00640325759451176,1.6805110645068,0.286209750890621,5.8716066076625,0.00420228298155746
"168",23,12,"mod3",1.06016383719351,0.219724893719535,4.8249600636819,0.0084923290185556,NA,NA,NA,NA
"169",24,4,"mod3",0.997049168465063,0.246852107035859,4.03905472162013,0.0156161963674666,NA,NA,NA,NA
"170",24,6,"mod2",NA,NA,NA,NA,5.23329130362367,1.10998360506795,4.71474648790268,0.00327575755820606
"171",24,7,"mod3",0.716701512030474,0.197131609464289,3.63564987866803,0.0220493311281426,NA,NA,NA,NA
"172",24,8,"mod2",NA,NA,NA,NA,4.96124369742369,0.986010188879269,5.03163532525237,0.00237645980834579
"173",24,9,"mod3",0.973775159568632,0.170302154516618,5.71792624898127,0.0106142288210342,NA,NA,NA,NA
"174",24,11,"mod1",-1.98784172724975,0.280029784622398,-7.09867962770541,0.000859491285798815,1.34924136107842,0.170828166136391,7.89823710921987,0.000523374096857638
"175",24,14,"mod2",NA,NA,NA,NA,4.70799127007357,1.54253922900401,3.0521047254749,0.0283561376680159
"176",25,2,"mod3",0.897467701633992,0.162076896180993,5.53729570827775,0.0116091315162713,NA,NA,NA,NA
"177",25,7,"mod2",NA,NA,NA,NA,6.96942282501571,1.72923948639092,4.03033985741415,0.00687763163146619
"178",25,8,"mod3",0.739859017549798,0.176433355922075,4.19341917339355,0.00854357429814319,NA,NA,NA,NA
"179",25,9,"mod3",1.00882914607628,0.170749918649259,5.90822621794942,0.00410789572080294,NA,NA,NA,NA
"180",25,10,"mod3",0.82413021685399,0.206626297674548,3.9885059458988,0.0162851889799811,NA,NA,NA,NA
"181",25,11,"mod3",0.64247155003597,0.122887836962027,5.22811342374344,0.00338702500206,NA,NA,NA,NA
"182",25,14,"mod1",-3.21353370300203,0.774022059292612,-4.15173400347131,0.00889509490481589,0.831836116099491,0.183867910994456,4.52409619275314,0.00625929983981287
"183",26,3,"mod3",0.541683025691098,0.123260645391557,4.39461455008902,0.0218346293373865,NA,NA,NA,NA
"184",26,7,"mod3",0.915942349584408,0.225757238514643,4.05720036093105,0.0153841423756413,NA,NA,NA,NA
"185",26,8,"mod3",1.00774550767678,0.206956638184398,4.86935580572624,0.00822351437123401,NA,NA,NA,NA
"186",26,9,"mod3",1.04178703903666,0.268036437514449,3.88673662692035,0.0177396102802768,NA,NA,NA,NA
"187",26,12,"mod2",NA,NA,NA,NA,4.65919402750346,1.08558998618186,4.29185427906382,0.00513840897110923
"188",26,13,"mod3",0.815142069417888,0.220501880157418,3.69675790898451,0.0208946474494303,NA,NA,NA,NA
"189",27,7,"mod1",-2.58612549733135,0.329497073231966,-7.84870551948944,0.0014235157584696,1.05483888919772,0.122927309142895,8.58099714825398,0.00101313750855714
"190",27,11,"mod2",NA,NA,NA,NA,6.05599344240512,1.098642129919,5.51225305992188,0.00149767716295988
"191",27,12,"mod3",0.708271808911901,0.126612069951329,5.59403072064273,0.00501145750729908,NA,NA,NA,NA
"192",27,13,"mod3",0.913755371509693,0.163487996412586,5.58912820243817,0.00252977977498601,NA,NA,NA,NA
"193",28,3,"mod2",NA,NA,NA,NA,6.84125672780325,1.54745889717089,4.42096183640848,0.0115023083566247
"194",28,6,"mod3",0.820576790415048,0.262394150245779,3.12726785123232,0.0521760755194555,NA,NA,NA,NA
"195",28,7,"mod2",NA,NA,NA,NA,5.88970869234296,1.46816245457383,4.01161920058266,0.0102051349234884
"196",28,8,"mod2",NA,NA,NA,NA,6.18925077073701,1.29358132494181,4.78458574764553,0.0030484735645014
"197",28,11,"mod3",0.879390734115873,0.245002331745942,3.58931577446278,0.0229758380139693,NA,NA,NA,NA
"198",28,12,"mod3",0.845658345197112,0.105293796612453,8.03141659246708,0.00403062064514567,NA,NA,NA,NA
"199",28,14,"mod3",0.847831119129151,0.199922806622599,4.24079240108723,0.00816340758739983,NA,NA,NA,NA
"200",29,1,"mod3",1.27474271165107,0.11760745966065,10.8389613663051,0.00168018608688093,NA,NA,NA,NA
"201",29,2,"mod3",0.7628052003469,0.210939228051074,3.61623206548478,0.0363436775592644,NA,NA,NA,NA
"202",29,3,"mod1",-1.02180880799458,0.1091985417474,-9.35734847410543,0.000234862432589594,2.57079047704451,0.223199021167479,11.5179289926881,8.64930784643276e-05
"203",29,4,"mod3",0.712418930499161,0.204466001937036,3.48429041380947,0.0252533739929056,NA,NA,NA,NA
"204",29,5,"mod3",1.2346980014737,0.213035271283295,5.79574449825163,0.00440642944772727,NA,NA,NA,NA
"205",29,10,"mod2",NA,NA,NA,NA,5.0597153605515,1.43131909275236,3.53500165418872,0.0166508713663249
"206",29,11,"mod2",NA,NA,NA,NA,4.49942859031987,0.775062915717898,5.80524303133804,0.00114604431383192
"207",29,14,"mod3",0.661750119371884,0.138235913755784,4.78710706496267,0.00873000968427137,NA,NA,NA,NA
"208",30,3,"mod3",0.704883302258569,0.17601129540866,4.00476174339824,0.0160663562344549,NA,NA,NA,NA
"209",30,6,"mod3",0.766256484449626,0.206300926884142,3.71426583497588,0.0205772299145258,NA,NA,NA,NA
"210",30,7,"mod2",NA,NA,NA,NA,6.72635161869065,1.55598407647598,4.32289232286016,0.0034678833698621
"211",30,8,"mod1",-1.78677894379124,0.205124923738353,-8.71068669388205,0.000126515701829838,1.51533960378167,0.153058500926083,9.9003949118349,6.13205447371811e-05
"212",30,10,"mod3",0.904974314412199,0.177303749496099,5.10409011080789,0.00696274082877911,NA,NA,NA,NA
"213",30,11,"mod1",-1.51399034321826,0.146882462510266,-10.307495648859,4.87206116173315e-05,1.85736247735852,0.159148282531722,11.6706410387326,2.38541397010127e-05
"214",30,13,"mod2",NA,NA,NA,NA,5.47155545013584,1.33661846064295,4.09358063744224,0.00640342036370054
"215",30,14,"mod2",NA,NA,NA,NA,4.27942173987149,1.11784705744272,3.82827123923505,0.00867662083242643
"216",31,1,"mod1",1.1797107390102,0.0644465107730116,18.3052693599702,0.0347434170790581,1710.99313959915,51647.9897577455,0.0331279716330597,0.978917788296484
"217",31,3,"mod3",0.690655216379933,0.171294157889886,4.03198348903359,0.0274301125736692,NA,NA,NA,NA
"218",31,6,"mod2",NA,NA,NA,NA,5.05456666672543,1.39403427089022,3.62585538409872,0.0151262165023278
"219",31,8,"mod2",NA,NA,NA,NA,8.87365966748669,2.02429526885767,4.38357970993737,0.0118417698417749
"220",31,9,"mod3",1.06119817411171,0.203765551563819,5.20793709224862,0.00648077670722032,NA,NA,NA,NA
"221",31,10,"mod3",0.540187048620284,0.101232039509448,5.33612728971904,0.0030990486155678,NA,NA,NA,NA
"222",31,11,"mod1",-1.70722164815351,0.299416649775931,-5.70182603215657,0.00231630757065668,1.55936194085517,0.241702694673016,6.45157035987838,0.00133110660076311
"223",32,4,"mod2",NA,NA,NA,NA,6.48117099939636,1.62585781949516,3.98630859456629,0.0104648216167284
"224",32,5,"mod3",0.784725451175296,0.154906573495191,5.06579826452398,0.00388086656899953,NA,NA,NA,NA
"225",32,6,"mod3",0.535542854421227,0.0781286296501737,6.85463007375345,0.00100953593949576,NA,NA,NA,NA
"226",32,7,"mod2",NA,NA,NA,NA,4.86210225942479,1.37966716280159,3.52411247474474,0.0168450967380826
"227",32,8,"mod3",0.868576977259605,0.324152785208118,2.67952958263785,0.0750789429253474,NA,NA,NA,NA
"228",32,9,"mod2",NA,NA,NA,NA,5.2178387726532,1.24815594441445,4.18043818643276,0.00865129042974314
"229",32,11,"mod1",-0.962306423324758,0.332486717510951,-2.89427027500147,0.0340170315851019,2.70207886896206,0.741512244156349,3.64401112760631,0.0148410020703538
"230",32,12,"mod2",NA,NA,NA,NA,7.28478529765062,2.3310616570556,3.12509335632595,0.0261016145104922
"231",33,4,"mod3",0.988981732360029,0.182346714561199,5.42363340485692,0.00560348412897676,NA,NA,NA,NA
"232",33,6,"mod2",NA,NA,NA,NA,5.37928030174106,0.785461792272883,6.8485575678673,0.000476722556378716
"233",33,7,"mod3",0.843690715700408,0.216797880508992,3.89160038704998,0.0176666402665226,NA,NA,NA,NA
"234",33,14,"mod1",-1.95361599899486,0.661256768301974,-2.95439849184682,0.0317236037711211,1.31509173831245,0.381668761016394,3.44563630203932,0.0183236284722423
"235",34,4,"mod3",0.777325983529523,0.195619249617424,3.97366815919064,0.0164880672026518,NA,NA,NA,NA
"236",34,7,"mod3",0.962140027705548,0.139114043559796,6.91619625945231,0.00229326428731942,NA,NA,NA,NA
"237",34,8,"mod3",0.708051107612734,0.146429087387541,4.83545394050566,0.0084278357782623,NA,NA,NA,NA
"238",34,9,"mod2",NA,NA,NA,NA,4.67068911079437,0.989679411544162,4.71939605524062,0.00326004443173524
"239",34,10,"mod3",0.795529627328436,0.206850818603269,3.84590997850595,0.0183665941977926,NA,NA,NA,NA
"240",34,13,"mod3",0.867434135729507,0.192691725930219,4.50166778849466,0.00638971336036938,NA,NA,NA,NA
"241",35,1,"mod1",-0.541604401194186,3.26729671986125,-0.165765293951382,0.895421490783591,4.00446421798998,18.5138041208295,0.216296131894614,0.8643906334604
"242",35,3,"mod3",0.672581716162204,0.164413583823097,4.09079165189828,0.00943949739550896,NA,NA,NA,NA
"243",35,5,"mod2",NA,NA,NA,NA,7.31420619985222,1.39245117202701,5.25275596501157,0.00331865918628178
"244",35,6,"mod3",0.91342161048318,0.244331049131666,3.73845900359128,0.0201480418834237,NA,NA,NA,NA
"245",35,7,"mod3",0.923015931935932,0.099787641135322,9.24980209407125,0.000248163667077199,NA,NA,NA,NA
"246",35,9,"mod3",0.919575848590236,0.219892637068686,4.18193105894216,0.0138966351336723,NA,NA,NA,NA
"247",35,14,"mod2",NA,NA,NA,NA,5.55737417896094,0.986171200987955,5.635303660656,0.000786420481494414
"248",36,2,"mod3",0.682892616508145,0.160589046210295,4.25242339140543,0.0131326634519661,NA,NA,NA,NA
"249",36,3,"mod3",0.768844985114878,0.188530276747818,4.07809821519172,0.0266230235906495,NA,NA,NA,NA
"250",36,4,"mod3",0.802574764082767,0.264957469958758,3.02907015306151,0.0563524799768556,NA,NA,NA,NA
"251",36,5,"mod3",0.487854136635374,0.0836153805726924,5.83450237616572,0.00430064765883317,NA,NA,NA,NA
"252",36,6,"mod3",0.708546570408546,0.153569977825441,4.61383520686532,0.00576751419945588,NA,NA,NA,NA
"253",36,7,"mod3",0.814757837349994,0.160515906219311,5.07586977851777,0.00710119974130692,NA,NA,NA,NA
"254",36,8,"mod2",NA,NA,NA,NA,7.39459415870977,1.9396848099886,3.81226584887945,0.0189033228238731
"255",36,9,"mod3",0.701020903189287,0.180085180358163,3.89271844465525,0.0114933607377912,NA,NA,NA,NA
"256",36,10,"mod2",NA,NA,NA,NA,5.25509182060276,1.14610660309299,4.58516843583387,0.00375005765320732
"257",36,13,"mod3",0.819575253269345,0.208738493667273,3.92632541737003,0.0111111968771957,NA,NA,NA,NA
"258",37,2,"mod3",0.75794297811435,0.109082144179121,6.9483688995859,0.00094849950336969,NA,NA,NA,NA
"259",37,3,"mod2",NA,NA,NA,NA,6.2219318276786,1.77043665349384,3.51434874294996,0.024575135501302
"260",37,5,"mod2",NA,NA,NA,NA,7.27235710889692,1.87377275116044,3.88113078514622,0.00816001003032565
"261",37,6,"mod2",NA,NA,NA,NA,4.86967562382367,1.041477719301,4.67573672828257,0.00545441019531287
"262",37,7,"mod2",NA,NA,NA,NA,5.30567906921508,1.26216708722137,4.20362654273879,0.00566299527015508
"263",37,8,"mod2",NA,NA,NA,NA,4.89846228685632,0.897887648084737,5.4555403421632,0.00157915994100811
"264",37,9,"mod3",0.908778668367763,0.214035367632258,4.24592756991999,0.0132009058458919,NA,NA,NA,NA
"265",37,10,"mod3",0.836601864515472,0.189011884119542,4.42618657769877,0.00685236603841356,NA,NA,NA,NA
"266",37,11,"mod2",NA,NA,NA,NA,8.92909559404251,1.51708971782826,5.88567405678859,0.000608217359314156
"267",37,13,"mod1",-1.60834636304688,0.599665382342661,-2.68207305341471,0.0364353606691972,1.47650251236828,0.43211238710045,3.4169409543565,0.0141969883252358
"268",38,3,"mod2",NA,NA,NA,NA,5.27467698426459,0.701201895980449,7.52233702518633,0.000285856931730802
"269",38,5,"mod3",0.876747019587644,0.154906343532836,5.65985226681046,0.00480343607785068,NA,NA,NA,NA
"270",38,7,"mod3",0.950059862205504,0.13284272989641,7.15176406677547,0.000830444238890786,NA,NA,NA,NA
"271",38,9,"mod3",0.767874914821836,0.0849827647791902,9.03565466264833,0.000277419219024653,NA,NA,NA,NA
"272",38,11,"mod3",0.658019316130909,0.156060738092705,4.21643088564675,0.00835640835928873,NA,NA,NA,NA
"273",38,13,"mod3",0.892433763516259,0.208453469253594,4.28121329288393,0.0128352885174797,NA,NA,NA,NA
"274",38,14,"mod2",NA,NA,NA,NA,5.20540433687045,1.03765561165911,5.01650478095282,0.00153647655354333
"275",39,4,"mod3",0.972465340533587,0.180416252131498,5.39012050768463,0.00296589875118662,NA,NA,NA,NA
"276",39,5,"mod2",NA,NA,NA,NA,8.14890002458131,2.5127881875645,3.24297131963182,0.0315850008491214
"277",39,10,"mod2",NA,NA,NA,NA,4.74054095980882,1.23271745865679,3.84560219093049,0.0120548539805932
"278",39,12,"mod3",1.05482938831542,0.172157220643904,6.12712835610457,0.00359487841174372,NA,NA,NA,NA
"279",39,13,"mod1",-2.89858659678794,0.472486011680899,-6.13475642691734,0.00167108435195063,0.948446510916095,0.144208205765957,6.57692470326814,0.00121959336641888
"280",39,14,"mod2",NA,NA,NA,NA,6.66215781807974,1.67562641787502,3.97592073448477,0.00731726610991501
"281",40,1,"mod3",0.826669516115115,0.0326274716179536,25.3366097684453,0.000134832652600027,NA,NA,NA,NA
"282",40,5,"mod3",1.17546918900874,0.193091988706264,6.08761242185397,0.00368140055736927,NA,NA,NA,NA
"283",40,8,"mod2",NA,NA,NA,NA,4.94045091361461,1.08398087016525,4.55769197556177,0.00386031781120349
"284",40,9,"mod3",0.75734728691973,0.104914566294182,7.21870483452331,0.000358208506778796,NA,NA,NA,NA
"285",41,1,"mod3",0.865845786869318,0.190417239850351,4.54709766589299,0.0104406073975993,NA,NA,NA,NA
"286",41,2,"mod3",0.743033528235458,0.128625913569653,5.77670165843442,0.00445957141932457,NA,NA,NA,NA
"287",41,3,"mod3",0.502079754431237,0.128717776744166,3.90062481757395,0.0175322002243029,NA,NA,NA,NA
"288",41,5,"mod2",NA,NA,NA,NA,4.97510543870078,1.33128535806933,3.73706914790666,0.0134722412366594
"289",41,7,"mod2",NA,NA,NA,NA,8.29120502481505,2.06298782496425,4.01902760863785,0.00696653212079414
"290",41,8,"mod3",1.05377416735933,0.193545646804338,5.4445769499772,0.00552626944671321,NA,NA,NA,NA
"291",41,9,"mod3",0.996283955435612,0.273981047218157,3.63632435729148,0.0358340074392331,NA,NA,NA,NA
"292",41,10,"mod2",NA,NA,NA,NA,5.17419108657921,1.25887460938798,4.11017193292564,0.00926230682809281
"293",41,13,"mod3",0.800161521926251,0.206215663481719,3.88021699426914,0.0178379910326411,NA,NA,NA,NA
"294",41,14,"mod3",0.966503130213454,0.250874006221576,3.85254393139408,0.0182629285921884,NA,NA,NA,NA
"295",42,2,"mod2",NA,NA,NA,NA,7.26299109208757,3.67518894666043,1.97622250107366,0.142580433372227
"296",42,3,"mod3",1.08590343548305,0.282044868945473,3.8501088126265,0.0183008993437116,NA,NA,NA,NA
"297",42,4,"mod2",NA,NA,NA,NA,7.15119045389634,1.40569853549059,5.0872859815569,0.00381087644781998
"298",42,5,"mod3",0.775817638005682,0.206374315198865,3.75927419678215,0.01978732397366,NA,NA,NA,NA
"299",42,6,"mod3",0.997060234683703,0.238457720036762,4.18128729290034,0.0139038554744882,NA,NA,NA,NA
"300",42,7,"mod2",NA,NA,NA,NA,6.53521180610171,1.32822831436,4.92024732152369,0.0026561393557301
"301",42,8,"mod3",0.728544273142678,0.16293150065315,4.47147586698788,0.00657028242935618,NA,NA,NA,NA
"302",42,9,"mod1",-1.53701336673727,0.292501738850283,-5.2547153147831,0.00331329302594754,1.8203606397519,0.309482406251023,5.88195193970219,0.00201745450885036
"303",42,11,"mod3",0.810711891160107,0.164723190398269,4.92166214848049,0.00439117614668447,NA,NA,NA,NA
"304",42,14,"mod1",-0.742219866349661,0.120244387584168,-6.17259467374413,0.000457317227487053,3.31180514069923,0.391789639664927,8.45301867484705,6.40170736204746e-05
"305",43,3,"mod2",NA,NA,NA,NA,9.58823558349661,2.38772305461576,4.01563973885555,0.0159218918327469
"306",43,5,"mod2",NA,NA,NA,NA,6.37151828069151,1.17828426130324,5.40745428751147,0.00100045884187434
"307",43,6,"mod3",0.954073499680799,0.145918468069104,6.53840128878661,0.0012526467344992,NA,NA,NA,NA
"308",43,7,"mod3",0.772869566739099,0.16930463641366,4.56496397919521,0.00602953082251105,NA,NA,NA,NA
"309",43,8,"mod3",0.925544285341867,0.133468481685124,6.93455318930945,0.00227062698831443,NA,NA,NA,NA
"310",43,9,"mod3",0.711640212758344,0.187911680672117,3.78709939804153,0.019317119382538,NA,NA,NA,NA
"311",43,11,"mod3",0.972067749691538,0.185507966610926,5.24003236869228,0.00634012238260271,NA,NA,NA,NA
"312",43,12,"mod3",0.839812481702152,0.221338248296194,3.79424924596998,0.0191984652500639,NA,NA,NA,NA
"313",43,14,"mod3",0.740467512549407,0.162873601565461,4.54627088387805,0.0104471700063638,NA,NA,NA,NA
"314",44,1,"mod3",1.07330822496994,0.16119817994188,6.65831478591704,0.00690541318860724,NA,NA,NA,NA
"315",44,8,"mod3",0.95156512412784,0.19020181865044,5.00292337307595,0.00747496163254522,NA,NA,NA,NA
"316",44,10,"mod1",-1.69593882007282,0.586975199646969,-2.88928530727164,0.0277194154285806,1.41884051739043,0.391590364591316,3.62327739823528,0.0110537127759492
"317",44,11,"mod3",0.766952249313558,0.156374776265901,4.90457775625799,0.0044567101760824,NA,NA,NA,NA
"318",44,12,"mod1",-1.81631003044964,0.246672238955324,-7.36325270383833,0.000154175626266559,1.51771697959815,0.183558963467481,8.26828039845097,7.37947139815544e-05
"319",45,3,"mod3",0.933846461469755,0.201418550219418,4.63634784607701,0.00976066482013889,NA,NA,NA,NA
"320",45,4,"mod2",NA,NA,NA,NA,4.8179639124245,0.820003021038976,5.87554410021557,0.00107636096454068
"321",45,8,"mod1",-3.0461465764079,0.587112684935191,-5.18835081334369,0.00656848484215677,0.884369467001544,0.156356529133541,5.65610833076387,0.00481498122310346
"322",45,9,"mod3",0.611258663993376,0.206814726404002,2.95558577777151,0.04173699907617,NA,NA,NA,NA
"323",45,12,"mod3",0.744584009185266,0.189635398430208,3.92639778938369,0.0171549573574838,NA,NA,NA,NA
"324",45,13,"mod2",NA,NA,NA,NA,4.95295861117281,1.47188464467751,3.36504537164869,0.0199974825213679
"325",45,14,"mod3",0.930996706464975,0.228980206756336,4.06583922537756,0.0152751240105719,NA,NA,NA,NA
"326",46,2,"mod3",0.844352553655386,0.265366400211132,3.18183670948393,0.0500234081746024,NA,NA,NA,NA
"327",46,7,"mod2",NA,NA,NA,NA,7.54344815450462,1.25886180669293,5.99227660605695,0.000326189881544091
"328",46,8,"mod1",-3.06172670537449,0.168004799753545,-18.2240430622571,5.33217633436526e-05,0.888495502346519,0.0450934296950731,19.7034359185945,3.91347161071042e-05
"329",46,9,"mod3",0.966362875525469,0.135746144774192,7.11889738845232,0.000848288795833596,NA,NA,NA,NA
"330",46,10,"mod3",0.849017492187785,0.200343837119024,4.23780189296956,0.00818681983196288,NA,NA,NA,NA
"331",46,11,"mod2",NA,NA,NA,NA,6.80039408493663,1.29513200087512,5.25073435012155,0.00118526936086367
"332",46,12,"mod2",NA,NA,NA,NA,6.7328608913039,1.47633890134303,4.5605117396683,0.00384883564058417
"333",46,14,"mod2",NA,NA,NA,NA,7.82989076468407,1.43110504825423,5.47122014155114,0.00155613748224813
"334",47,3,"mod3",0.747254470046387,0.224634517037907,3.32653449656753,0.0291998798256172,NA,NA,NA,NA
"335",47,4,"mod3",0.752196448108702,0.165182294259727,4.55373532302423,0.0103881015113893,NA,NA,NA,NA
"336",47,6,"mod3",0.687620551486938,0.181924589994374,3.77970098219379,0.0194408240904916,NA,NA,NA,NA
"337",47,7,"mod3",0.987798769986857,0.228017774235859,4.33211302626385,0.0123291870840313,NA,NA,NA,NA
"338",47,11,"mod3",1.13140223532251,0.181489159663014,6.23399346508233,0.00155460601519156,NA,NA,NA,NA
"339",47,12,"mod3",0.822254515759687,0.246404531929509,3.3370105221722,0.0444863150648354,NA,NA,NA,NA
"340",47,13,"mod3",0.842103440711621,0.19831254446782,4.24634479362584,0.00812014372412065,NA,NA,NA,NA
"341",47,14,"mod2",NA,NA,NA,NA,5.31433110974058,1.34516126817464,3.95070184926752,0.00753157662301117
"342",48,3,"mod3",0.92726384559935,0.123835054693692,7.48789466676418,0.00493385852463854,NA,NA,NA,NA
"343",48,8,"mod3",0.662306603124525,0.152250012027713,4.35012512842344,0.00735833539360171,NA,NA,NA,NA
"344",48,10,"mod2",NA,NA,NA,NA,6.75918220226021,1.47130061409731,4.59401847419687,0.00371530325618754
"345",48,13,"mod3",0.676536820280042,0.120087414727252,5.63370293062453,0.00244269387509113,NA,NA,NA,NA
"346",49,6,"mod3",0.983340672054369,0.237026565059023,4.14865174209272,0.0142758895319104,NA,NA,NA,NA
"347",49,9,"mod2",NA,NA,NA,NA,4.42854111025111,1.42429053335313,3.10929617697118,0.0358963422226573
"348",49,10,"mod3",0.904164787779317,0.16512778610531,5.47554599443783,0.00276868090238453,NA,NA,NA,NA
"349",49,11,"mod3",0.8708175735829,0.187366368995118,4.64767278275852,0.00967828023789895,NA,NA,NA,NA
"350",49,12,"mod3",0.908703278087825,0.208635245435021,4.35546389198577,0.0121050929856612,NA,NA,NA,NA
"351",49,13,"mod2",NA,NA,NA,NA,6.02426747751238,1.29227066261775,4.66176912606609,0.0023097024631978
"352",49,14,"mod3",0.615780590804342,0.111249602966264,5.53512618819033,0.00520704329575843,NA,NA,NA,NA
"353",50,4,"mod1",-1.73170468801847,0.608987482854197,-2.8435801010266,0.0360944783590704,1.4180379097188,0.406632413323196,3.48727219783073,0.0175215859104937
"354",50,8,"mod3",0.816610977278583,0.25067285976794,3.2576760724498,0.0311490598298151,NA,NA,NA,NA
"355",50,11,"mod2",NA,NA,NA,NA,6.78081387585882,1.36394455901931,4.97147323989057,0.00109108452121999
"356",50,12,"mod2",NA,NA,NA,NA,4.63565036609036,1.14851106630529,4.03622612100993,0.00683187495466243
"357",51,1,"mod3",0.692050330008969,0.222682625378303,3.1077877262911,0.0529727610777201,NA,NA,NA,NA
"358",51,3,"mod2",NA,NA,NA,NA,4.95281066134016,0.999115583649009,4.95719488555199,0.00425844357672807
"359",51,5,"mod3",0.94307254872511,0.190094828944061,4.96106366471772,0.00770027677869155,NA,NA,NA,NA
"360",51,6,"mod2",NA,NA,NA,NA,4.61236630197887,1.13601934488931,4.06011246439493,0.00972804628104432
"361",51,8,"mod2",NA,NA,NA,NA,6.47725459615224,1.4978976743961,4.32423035756673,0.00495977703540334
"362",51,9,"mod2",NA,NA,NA,NA,5.54974572301538,1.36185813533836,4.07512763554959,0.00958557140831034
"363",51,10,"mod2",NA,NA,NA,NA,4.9226165303536,1.09366056718721,4.50104600828215,0.00409936531034258
"364",51,11,"mod1",-1.8849560648965,0.477618488539086,-3.94657265187138,0.0108880110247216,1.46876209780684,0.338293829150887,4.34167570095327,0.0074171690997233
"365",51,12,"mod3",0.817573838425084,0.210726185829454,3.8797923248455,0.017844421936,NA,NA,NA,NA
"366",51,13,"mod2",NA,NA,NA,NA,4.65434181386983,1.10430953547977,4.21470761985924,0.00559391945681087
"367",52,3,"mod3",0.93480978778024,0.123649585604696,7.56015301797125,0.00164058055215111,NA,NA,NA,NA
"368",52,5,"mod3",1.11565333030204,0.286649054627691,3.89205306032173,0.0300800705796169,NA,NA,NA,NA
"369",52,9,"mod2",NA,NA,NA,NA,9.88678470626746,3.02774636424902,3.2653939652966,0.0223119957679941
"370",52,10,"mod2",NA,NA,NA,NA,8.28305531417849,2.05019700919313,4.04012652298149,0.00680174282821939
"371",52,11,"mod3",0.884579453231057,0.171378765719653,5.16154641163701,0.0066908769138276,NA,NA,NA,NA
"372",52,12,"mod3",0.834539544682372,0.197760167481826,4.21995771599993,0.0134780471956811,NA,NA,NA,NA
"373",53,2,"mod2",NA,NA,NA,NA,5.79948263639546,1.17847556393056,4.92117343277997,0.00439303512269274
"374",53,5,"mod3",0.9286566952014,0.20549160537332,4.51919529031025,0.0106648733828194,NA,NA,NA,NA
"375",53,6,"mod2",NA,NA,NA,NA,6.63300475091019,1.42221448295336,4.66385684466954,0.0055129356044969
"376",53,8,"mod3",0.761888255426918,0.145116410537045,5.250186747366,0.00332571104456128,NA,NA,NA,NA
"377",53,9,"mod3",0.807642504328353,0.184588156305755,4.37537554137852,0.011917885100365,NA,NA,NA,NA
"378",53,11,"mod2",NA,NA,NA,NA,5.19563778507237,1.03843890168939,5.00331582014102,0.0024442607162923
"379",53,12,"mod1",-1.38793253000083,0.295702931235111,-4.69367186927645,0.00536741787308751,1.93293773551449,0.348927710590702,5.53965098456125,0.00263074585767969
"380",53,13,"mod3",1.0139989005963,0.183588875783473,5.52320447668205,0.00524775796454377,NA,NA,NA,NA
"381",53,14,"mod3",0.738156442897631,0.181038847037307,4.07733729515809,0.00956480826038906,NA,NA,NA,NA
"382",54,1,"mod2",NA,NA,NA,NA,6.85436555250516,3.13552009186215,2.18603783477415,0.11668663540323
"383",54,4,"mod2",NA,NA,NA,NA,4.80932532771543,1.36968718344398,3.51125818058889,0.0170777018449779
"384",54,5,"mod3",0.929770532226138,0.24606077547297,3.77862148259495,0.0194589529694995,NA,NA,NA,NA
"385",54,7,"mod2",NA,NA,NA,NA,4.81963819538105,1.20802194286724,3.98969424673003,0.0104296478697769
"386",54,8,"mod2",NA,NA,NA,NA,5.64571927706786,0.955721636795736,5.90728415022219,0.0010464950391293
"387",54,12,"mod2",NA,NA,NA,NA,5.2992187315282,1.18867384633174,4.45809314967402,0.00429176668783179
"388",54,14,"mod1",-2.69438348341964,0.493604756896534,-5.45858492199339,0.00280658395101395,0.995142458554613,0.16543048994731,6.01547186901017,0.00182497806040644
"389",55,2,"mod3",0.476955423598746,0.0638038096659191,7.47534396607532,0.00171203474692855,NA,NA,NA,NA
"390",55,3,"mod3",0.722979118230503,0.177650055575326,4.06968135128981,0.00963696988725195,NA,NA,NA,NA
"391",55,4,"mod3",0.908337705087747,0.152620485710385,5.95161062985621,0.00948636833353826,NA,NA,NA,NA
"392",55,5,"mod2",NA,NA,NA,NA,5.65552394133646,1.62605739375545,3.47805923890226,0.017695559164576
"393",55,6,"mod2",NA,NA,NA,NA,4.64926634625291,1.36978410367323,3.39415995103563,0.0193735257512739
"394",55,7,"mod1",-1.85984688491134,0.285607583426243,-6.51189601690546,0.00127600332098171,1.41780156086704,0.187953741973653,7.54335373150368,0.000648629635675698
"395",55,9,"mod3",0.924486788437909,0.154967833456963,5.9656689250589,0.00189413168013427,NA,NA,NA,NA
"396",55,10,"mod2",NA,NA,NA,NA,6.54000248819653,1.14055508665361,5.7340522739545,0.000709965562691216
"397",55,11,"mod2",NA,NA,NA,NA,6.65337636307348,1.65901996015904,4.01042574703904,0.0102172118000911
"398",55,13,"mod2",NA,NA,NA,NA,4.57378944790977,1.21340795835502,3.76937485568358,0.013031289173089
"399",56,4,"mod3",0.565002993771412,0.165475057606547,3.41442995665746,0.0269175463850242,NA,NA,NA,NA
"400",56,7,"mod3",1.00436521096821,0.203415829112588,4.9374978110101,0.00783076374698897,NA,NA,NA,NA
"401",56,8,"mod3",0.658395445528546,0.152347999052713,4.32165469597495,0.0124311783345815,NA,NA,NA,NA
"402",56,10,"mod2",NA,NA,NA,NA,5.76187970029746,1.15063867362268,5.00754913978055,0.00243398746812787
"403",56,12,"mod2",NA,NA,NA,NA,4.6235820035212,0.91606763406081,5.04720593939714,0.00234009189430721
"404",56,13,"mod3",0.887460693484451,0.197749362112638,4.48780559392629,0.0109241877899262,NA,NA,NA,NA
"405",57,1,"mod3",0.838835160866549,0.184168042406456,4.55472703030231,0.019834558061889,NA,NA,NA,NA
"406",57,2,"mod3",0.629078180406993,0.142757691330364,4.40661497495925,0.0116311796150675,NA,NA,NA,NA
"407",57,4,"mod3",0.698322607943132,0.213745482525818,3.26707540057032,0.0308741260829023,NA,NA,NA,NA
"408",57,5,"mod3",0.758389105206833,0.158961407085872,4.77090080611292,0.0174950993224434,NA,NA,NA,NA
"409",57,7,"mod2",NA,NA,NA,NA,4.62693224073221,0.810854486978363,5.70624238385164,0.00125309119458675
"410",57,8,"mod1",-1.39642124000152,0.350876909745021,-3.97980374660814,0.0105327847549994,1.77862971985372,0.361328665431153,4.92247056493949,0.00438810310803555
"411",57,14,"mod2",NA,NA,NA,NA,4.1450044633321,0.988735423732676,4.19222813691035,0.00573504901750133
"412",58,3,"mod1",-2.68317500629957,0.655857608904167,-4.09109381346162,0.0149617147799261,0.986724828011714,0.217190972666104,4.54312081160319,0.0104722196754239
"413",58,4,"mod3",0.739014125664854,0.112272212456025,6.58234223320673,0.00713463966329478,NA,NA,NA,NA
"414",58,9,"mod2",NA,NA,NA,NA,8.33010537435461,2.62338495672399,3.17532711049659,0.0246670885826118
"415",58,10,"mod3",0.836739649997629,0.211970753408042,3.94742971162118,0.0108786779727157,NA,NA,NA,NA
"416",58,11,"mod2",NA,NA,NA,NA,4.38484887607759,0.92101296284773,4.76089811213931,0.00312350157836119
"417",58,12,"mod1",-2.72237751565779,0.415918181483329,-6.54546407648905,0.00124650837975352,0.990764225149289,0.138123038038715,7.17305555407482,0.000819121342460206
"418",58,13,"mod3",0.89554618189119,0.197012359599752,4.54563451608099,0.0104522246023617,NA,NA,NA,NA
"419",58,14,"mod1",-1.83198247935754,0.387158526729576,-4.7318665427125,0.00212792154181561,1.41656242953568,0.254825717732538,5.55894609908444,0.000851858084675046
"420",59,3,"mod3",0.850945670677452,0.199392000475317,4.26770215780442,0.0129738229863475,NA,NA,NA,NA
"421",59,5,"mod2",NA,NA,NA,NA,5.53828259229465,1.30631345520539,4.23962761022307,0.00817251734632173
"422",59,6,"mod2",NA,NA,NA,NA,5.35326823765468,1.34181164365523,3.98958248944079,0.0104308067490288
"423",59,7,"mod2",NA,NA,NA,NA,5.46654329673603,1.35869515298829,4.02337734458904,0.0158200833367025
"424",59,8,"mod2",NA,NA,NA,NA,5.02550415128249,0.908954740574586,5.52888271214217,0.00147470026924347
"425",59,10,"mod3",1.12694430897222,0.214931682777838,5.24326750903952,0.0135060659910499,NA,NA,NA,NA
"426",59,11,"mod2",NA,NA,NA,NA,5.74759088880796,1.29311123967953,4.44477683933239,0.00299041749555302
"427",59,12,"mod2",NA,NA,NA,NA,5.10021106824816,1.36485636169541,3.73681158793351,0.0134758247803709
"428",59,13,"mod2",NA,NA,NA,NA,6.89136334516369,1.7216329708166,4.00280632514549,0.00709626162379355
"429",60,7,"mod1",-1.12573648760464,0.134787500905725,-8.351935305871,0.000160108258732635,2.43578339214619,0.244275082524869,9.97147710265621,5.88708224345633e-05
"430",60,12,"mod1",-1.93577463440022,0.351020365337339,-5.51470748011984,0.00149426041182121,1.3393390394334,0.208149514709868,6.43450474194114,0.000666295426439456
"431",61,1,"mod3",1.07833558071891,0.0708040307535103,15.2298614816566,0.00061472815032836,NA,NA,NA,NA
"432",61,4,"mod3",0.613741618899671,0.147903204919759,4.14961676613188,0.00891339006171167,NA,NA,NA,NA
"433",61,5,"mod2",NA,NA,NA,NA,6.62275694571525,1.74813743166263,3.7884646972043,0.019294394108717
"434",61,6,"mod3",0.829151704437779,0.186349816861492,4.44943664771113,0.0112516132456514,NA,NA,NA,NA
"435",61,8,"mod3",0.831540922443534,0.166910879486273,4.98194560476162,0.00416875174038786,NA,NA,NA,NA
"436",61,13,"mod3",0.901071046513513,0.194137740974502,4.64140069823858,0.00562557171775051,NA,NA,NA,NA
"437",62,2,"mod3",0.584942370267841,0.0958898806055881,6.10014702879662,0.00885019352361487,NA,NA,NA,NA
"438",62,3,"mod3",0.693701691572931,0.172048832427478,4.03200464534009,0.0157074902756925,NA,NA,NA,NA
"439",62,4,"mod3",0.853692813888261,0.205812733434513,4.14791057697067,0.0142844769939116,NA,NA,NA,NA
"440",62,5,"mod3",0.780396593652345,0.146423981499829,5.32970477689992,0.00596644647817152,NA,NA,NA,NA
"441",62,7,"mod3",0.789377630988026,0.204839282134561,3.85364380680398,0.0308645056764155,NA,NA,NA,NA
"442",62,8,"mod3",0.757295372882445,0.156220425971169,4.84760791154294,0.00468363582536313,NA,NA,NA,NA
"443",62,9,"mod3",0.975716724429644,0.21776892190657,4.48051409671881,0.0207307103276578,NA,NA,NA,NA
"444",62,11,"mod3",0.820287584028668,0.192062666085976,4.2709371932881,0.00793168180637945,NA,NA,NA,NA
"445",62,12,"mod2",NA,NA,NA,NA,5.85809276150379,1.46105528554161,4.00949424670962,0.00704245076459654
"446",62,13,"mod1",-1.87645830197167,0.203766845968763,-9.20884991398124,3.67355494977463e-05,1.43982200118862,0.137912565725463,10.440107423241,1.60948207514409e-05
"447",63,2,"mod3",0.851722805107157,0.116175731978785,7.33133151476672,0.000740444334255916,NA,NA,NA,NA
"448",63,4,"mod3",0.699452342310006,0.181436498610128,3.85508069031356,0.0119394109221075,NA,NA,NA,NA
"449",63,6,"mod3",1.08719342679452,0.242661130809157,4.48029490000833,0.0109873631351098,NA,NA,NA,NA
"450",63,10,"mod3",0.998711103706294,0.279489349670701,3.57334225752428,0.0374630026342123,NA,NA,NA,NA
"451",63,12,"mod3",0.808812971919084,0.165683548714761,4.88167339602033,0.0164346540859442,NA,NA,NA,NA
"452",63,14,"mod2",NA,NA,NA,NA,5.02349951555994,1.01597282670099,4.94452153004128,0.00259214504705773
"453",64,2,"mod2",NA,NA,NA,NA,5.72680594229566,2.4098037210162,2.3764615733437,0.097930280436426
"454",64,3,"mod3",1.55121850973102,0.132135516664208,11.7396030143288,0.0013282534500704,NA,NA,NA,NA
"455",64,6,"mod3",0.775279904956167,0.169424561557462,4.57595934042434,0.00596939485828446,NA,NA,NA,NA
"456",64,7,"mod1",-3.16748433463946,0.652610018964997,-4.85356375567589,0.00465929161941397,0.84410346570187,0.15925346505476,5.30037739154763,0.00319106683508843
"457",64,8,"mod2",NA,NA,NA,NA,5.71322186032319,1.26330210744166,4.52245098513543,0.00400712688455972
"458",64,9,"mod3",0.828102152665176,0.10657518418682,7.77012171251389,0.000239108860745766,NA,NA,NA,NA
"459",64,12,"mod2",NA,NA,NA,NA,8.40016027629279,1.98809174535833,4.22523774162081,0.00391113264237528
"460",64,14,"mod3",0.887805551114844,0.193334323285855,4.59207416472126,0.00372290736285724,NA,NA,NA,NA
"461",65,3,"mod1",-2.00747936871711,0.594588764410679,-3.37624840709327,0.0278820163094804,1.27929590849486,0.329154363662841,3.88661384968077,0.0177414569566147
"462",65,4,"mod3",0.949875646065619,0.2368899451635,4.00977612371863,0.0278300267650913,NA,NA,NA,NA
"463",65,5,"mod3",0.70788393635031,0.160050290708632,4.42288441474309,0.0214630990791292,NA,NA,NA,NA
"464",65,7,"mod3",0.710437303694029,0.197855302563272,3.59069125007068,0.037005004786208,NA,NA,NA,NA
"465",65,8,"mod3",0.660594138916577,0.206540010680975,3.19838338701813,0.0329515606947832,NA,NA,NA,NA
"466",65,9,"mod2",NA,NA,NA,NA,4.81968676261537,0.934963488354379,5.15494650074353,0.00210507284928715
"467",65,10,"mod3",0.673661117855723,0.166023630715612,4.05762188763154,0.0153788012217448,NA,NA,NA,NA
"468",65,11,"mod1",-1.54896608427381,0.320373869267846,-4.83487023399781,0.00473619989139303,1.81913001866784,0.337245541189885,5.39408174901142,0.00295639692133949
"469",65,12,"mod3",0.804665925222028,0.177642732800204,4.52968670622198,0.00397647753644375,NA,NA,NA,NA
"470",65,13,"mod1",-3.59667518229199,0.854043625139737,-4.21134831572978,0.00839733636108361,0.746247209460381,0.164210972924297,4.54444180051481,0.00614366407705353
"471",65,14,"mod3",0.784542507297676,0.141820353447405,5.53194579076146,0.00147051201869653,NA,NA,NA,NA
"472",66,3,"mod2",NA,NA,NA,NA,5.17019032042328,0.956283757828566,5.40654411214014,0.0029267353154952
"473",66,6,"mod2",NA,NA,NA,NA,5.7906392765776,1.20345372177078,4.81168421504167,0.0029651306763868
"474",66,12,"mod2",NA,NA,NA,NA,6.32304747374988,0.934139704309904,6.76884564972113,8.18836485484677e-05
"475",66,13,"mod3",0.914259704616139,0.174652472103721,5.23473669512785,0.00336848937039606,NA,NA,NA,NA
"476",66,14,"mod2",NA,NA,NA,NA,5.43662021501776,1.09201850298798,4.97850558405565,0.00250546686130216
"477",67,2,"mod3",1.07336558336747,0.207882793289856,5.16332095783826,0.014090949300432,NA,NA,NA,NA
"478",67,6,"mod3",0.844916742166666,0.175086426670132,4.82571241092556,0.00292300091718191,NA,NA,NA,NA
"479",67,9,"mod1",-1.82716824324714,0.392259059881949,-4.65806511593902,0.00960342157601632,1.53005120066429,0.300664544724014,5.08889800115524,0.0070368653641409
"480",67,12,"mod3",1.07873223728863,0.248773482802148,4.33620265768661,0.012289579645455,NA,NA,NA,NA
"481",67,13,"mod3",0.915363497667118,0.199868659764628,4.57982506484549,0.0101848013826044,NA,NA,NA,NA
"482",68,2,"mod2",NA,NA,NA,NA,6.21765096889174,1.83545361904116,3.38752824064268,0.0275928831289939
"483",68,3,"mod3",0.954104407978399,0.159583926794396,5.97869990508282,0.00936597514963011,NA,NA,NA,NA
"484",68,4,"mod3",0.834295588368226,0.197881485613233,4.21613768353695,0.0135194032905102,NA,NA,NA,NA
"485",68,6,"mod3",0.952078441545515,0.198029102089063,4.80777033022813,0.00859927583180595,NA,NA,NA,NA
"486",68,7,"mod2",NA,NA,NA,NA,9.98081358265776,1.59780048474024,6.24659566571627,0.000779988061570241
"487",68,9,"mod2",NA,NA,NA,NA,6.79361715388124,1.10129997807748,6.16872540553461,0.000833504466186023
"488",68,10,"mod2",NA,NA,NA,NA,5.64173887596607,1.18691374734276,4.7532846330213,0.00314805824248711
"489",68,11,"mod3",1.07353266945604,0.219755662237121,4.88511949374789,0.0045327446919393,NA,NA,NA,NA
"490",68,13,"mod1",-1.67949809335769,0.533703041672443,-3.14687749969481,0.0254683007278335,1.49931321022392,0.397048579219659,3.77614551138956,0.0129409832904539
"491",69,3,"mod3",0.650267893073289,0.218593810361027,2.97477724551904,0.0588424807774551,NA,NA,NA,NA
"492",69,4,"mod2",NA,NA,NA,NA,7.40553693396343,2.42093046659389,3.0589630871896,0.0376966384677847
"493",69,6,"mod3",0.568691881990031,0.21780721073433,2.61098739602194,0.0796171603467924,NA,NA,NA,NA
"494",69,12,"mod3",0.675723315984971,0.10933665268992,6.18020855185067,0.00348255245321846,NA,NA,NA,NA
"495",69,13,"mod3",0.85573360554811,0.212224380212694,4.03221158987711,0.0157048013464595,NA,NA,NA,NA
"496",69,14,"mod2",NA,NA,NA,NA,4.98330868678015,1.19342399839558,4.17563975039853,0.00869150434882761
"497",70,5,"mod2",NA,NA,NA,NA,6.96472691302978,2.21688515224783,3.14167240732694,0.051596662947678
"498",70,6,"mod2",NA,NA,NA,NA,4.41789259833919,0.760704662084513,5.8076318163124,0.000658390646103594
"499",70,7,"mod2",NA,NA,NA,NA,4.60220613190755,1.37749835991401,3.3409884656377,0.0205302708712647
"500",70,8,"mod3",0.926820519101568,0.184290450911359,5.02912936898371,0.00400380479864234,NA,NA,NA,NA
"501",70,9,"mod3",0.986145553871454,0.179451644353828,5.49532748737066,0.00272523094859697,NA,NA,NA,NA
"502",70,10,"mod2",NA,NA,NA,NA,4.95154742998184,0.710879628745065,6.96538095869048,0.000435023733658605
"503",70,11,"mod3",0.880696521980338,0.212229242848485,4.1497416197686,0.0142632730346734,NA,NA,NA,NA
"504",70,12,"mod2",NA,NA,NA,NA,6.70852233953236,1.56276884935487,4.29271567724281,0.00359865847907819
"505",70,13,"mod3",0.864272330315983,0.177068879116597,4.88099509426991,0.00454905481589667,NA,NA,NA,NA
"506",70,14,"mod3",0.852960312158277,0.167930053043604,5.07925946963646,0.00708439239304265,NA,NA,NA,NA
"507",71,1,"mod1",1.35773061083665,0.0314277434851214,43.2016575252828,0.0147333724213102,4423.14658325271,156765.503727408,0.0282150503655696,0.982042505302802
"508",71,2,"mod3",0.825948842869717,0.161157129192898,5.12511514077104,0.00686172103283565,NA,NA,NA,NA
"509",71,3,"mod3",1.25425172787194,0.206040734487925,6.08739689745887,0.00890256343909127,NA,NA,NA,NA
"510",71,4,"mod3",0.797895203229768,0.162223230205154,4.91850151313544,0.00440321481533003,NA,NA,NA,NA
"511",71,6,"mod3",1.01318709722779,0.186490294392833,5.43292132454657,0.0055690796449125,NA,NA,NA,NA
"512",71,8,"mod3",0.917929304863113,0.198732964714679,4.61890812216777,0.00988920337010091,NA,NA,NA,NA
"513",71,9,"mod2",NA,NA,NA,NA,8.02838081395941,1.62306773325105,4.94642376869778,0.00166297890484794
"514",71,10,"mod3",0.685918040470625,0.144870090820264,4.73471119253747,0.00517436580613134,NA,NA,NA,NA
"515",71,11,"mod2",NA,NA,NA,NA,6.46207739733603,1.42408087674926,4.53771797855118,0.00267496427554837
"516",71,12,"mod3",0.726466802369698,0.156057535260082,4.65512159447465,0.00555643550804506,NA,NA,NA,NA
"517",71,13,"mod2",NA,NA,NA,NA,7.60651760126403,1.1316345745381,6.72170837866878,0.000149330177845519
"518",72,1,"mod2",NA,NA,NA,NA,6.93846890192811,2.5721713020316,2.69751431269287,0.0739415536167223
"519",72,3,"mod3",1.00486721506219,0.121812096692401,8.24932204885749,0.00117784076861192,NA,NA,NA,NA
"520",72,5,"mod2",NA,NA,NA,NA,6.31838053163035,1.24345530931008,5.08130890135172,0.00383019589802459
"521",72,7,"mod3",0.71569223735101,0.13775920181659,5.19524088346468,0.00653746657414098,NA,NA,NA,NA
"522",72,8,"mod3",0.974537378660529,0.164273851098535,5.93239503514153,0.00404702351677517,NA,NA,NA,NA
"523",72,12,"mod3",0.866366425877957,0.182439156473154,4.74879648988864,0.00510997949665385,NA,NA,NA,NA
"524",72,13,"mod3",1.00559745711655,0.223550315467333,4.49830480003729,0.00640953874965128,NA,NA,NA,NA
"525",72,14,"mod2",NA,NA,NA,NA,6.33706457606995,1.35548607048184,4.67512334805277,0.00227378826494356
"526",73,2,"mod3",0.450835430011324,0.0826861316534009,5.45237056077446,0.00549786858621839,NA,NA,NA,NA
"527",73,5,"mod1",-0.624374502055859,0.126463385760635,-4.93719583973223,0.007832453198055,4.08735529747892,0.624899557352706,6.54081963955039,0.00282361783567711
"528",73,6,"mod3",0.875202369033944,0.215439509925881,4.06240419566052,0.0153183607387571,NA,NA,NA,NA
"529",73,8,"mod1",-1.50416974447901,0.160273671156593,-9.38500836490722,0.000231579819011166,1.7635030540182,0.160260942161568,11.0039478754612,0.000107865104266423
"530",73,13,"mod2",NA,NA,NA,NA,5.92876508225828,1.82658317116402,3.24582267911735,0.0228013417111103
"531",73,14,"mod2",NA,NA,NA,NA,4.52942454767157,0.753893419545522,6.00804361762713,0.000537928190087236
"532",74,4,"mod3",0.693701691572931,0.172048832427478,4.03200464534009,0.0157074902756925,NA,NA,NA,NA
"533",74,6,"mod3",1.00800547559087,0.148229858120326,6.80028631460074,0.00104704662340464,NA,NA,NA,NA
"534",74,7,"mod1",-1.73796181506807,0.320266149682459,-5.42661725814996,0.00287968953559182,1.51833389971357,0.243957295557491,6.22376918978331,0.00156615427393808
"535",74,13,"mod3",0.715826610479878,0.180299032098123,3.97021882008944,0.0106338566285829,NA,NA,NA,NA
"536",74,14,"mod3",0.697921322479364,0.0970456768516375,7.19167865196447,0.000809367093214482,NA,NA,NA,NA
"537",75,1,"mod3",0.853829537990196,0.0582480515643858,14.6585081399057,0.000688608925669041,NA,NA,NA,NA
"538",75,5,"mod3",0.878999011581624,0.186215247018369,4.72033856333426,0.00916928855761063,NA,NA,NA,NA
"539",75,6,"mod2",NA,NA,NA,NA,8.16941345350981,2.35871168567099,3.46350658418256,0.0257353712732119
"540",75,7,"mod3",0.802344978440412,0.173598720394443,4.62183693875947,0.00572588640796107,NA,NA,NA,NA
"541",75,8,"mod3",0.785408153185041,0.117250359901367,6.69855643808463,0.000537173136506698,NA,NA,NA,NA
"542",75,10,"mod3",0.743290526565848,0.154605048154315,4.80767307044175,0.00859988558354539,NA,NA,NA,NA
"543",75,11,"mod2",NA,NA,NA,NA,5.7326134386069,1.22251823225931,4.68918441241778,0.00538903137116996
"544",75,13,"mod3",0.836893448978072,0.156453059004389,5.3491664164559,0.0017459936837044,NA,NA,NA,NA
"545",75,14,"mod1",-1.89944298581128,0.15730878664281,-12.0746146883977,0.000269808791382789,1.43692583161668,0.106110238521608,13.5418207671268,0.000172114427447313
"546",76,4,"mod2",NA,NA,NA,NA,9.50114222985222,3.53381321326767,2.68863736039592,0.0745002614955669
"547",76,5,"mod3",0.406727227051012,0.112857646551136,3.60389605383737,0.022679367015938,NA,NA,NA,NA
"548",76,7,"mod2",NA,NA,NA,NA,5.27601975178971,1.7937430981485,2.94134637074596,0.0423323311080961
"549",76,8,"mod3",0.815195944306178,0.177808737804727,4.58467876422047,0.0101475138720088,NA,NA,NA,NA
"550",76,10,"mod2",NA,NA,NA,NA,4.08008767434169,0.941090355174142,4.33548984102244,0.00489929783737285
"551",76,13,"mod3",0.765542977020287,0.238594488060202,3.2085526503325,0.0326338465737949,NA,NA,NA,NA
"552",77,5,"mod3",1.05828843110423,0.141427405520708,7.48290918021028,0.00170550660804347,NA,NA,NA,NA
"553",77,6,"mod2",NA,NA,NA,NA,8.26975008027155,1.55149249465932,5.33019019346752,0.0031141129244434
"554",77,7,"mod3",0.969307132774265,0.222171736754964,4.36287327511566,0.0120350178780321,NA,NA,NA,NA
"555",77,8,"mod2",NA,NA,NA,NA,8.64545485434024,2.93749799797199,2.94313557330386,0.0422569846929055
"556",77,10,"mod3",0.723802499645359,0.158128130671083,4.57731648741815,0.00596202076021184,NA,NA,NA,NA
"557",77,11,"mod3",0.883983340604762,0.26200617786151,3.37390266069228,0.0432857986607205,NA,NA,NA,NA
"558",78,2,"mod3",0.939310143537173,0.147088846171968,6.38600524773295,0.00308585264604079,NA,NA,NA,NA
"559",78,5,"mod2",NA,NA,NA,NA,6.11571231461473,1.03091371175595,5.93232221559828,0.0010236025895542
"560",78,8,"mod3",0.876496021229995,0.167579434896344,5.2303316440478,0.00338080391177981,NA,NA,NA,NA
"561",78,9,"mod1",-1.65041148904722,0.152685165281763,-10.8092458491405,0.000117572124682775,1.61779329828782,0.129653814752251,12.4777917362415,5.86386504366095e-05
"562",78,11,"mod3",0.807213691310803,0.215044132449053,3.75371177124325,0.0330320919225236,NA,NA,NA,NA
"563",78,12,"mod1",-1.17851312197524,0.127833005976833,-9.21916145966883,9.19016576545375e-05,2.31072602989418,0.213267891116023,10.8348519685839,3.6601927942947e-05
"564",78,14,"mod2",NA,NA,NA,NA,4.90062288524137,1.05756448052542,4.63387620848106,0.00238675587218849
"565",79,5,"mod2",NA,NA,NA,NA,5.69429656317792,1.09101271499775,5.21927607708005,0.00341194309034855
"566",79,6,"mod3",1.28278491341708,0.221172154993519,5.79993857479332,0.010199324905475,NA,NA,NA,NA
"567",79,8,"mod3",1.18887279489153,0.140929220508199,8.43595664975925,0.000384037273235699,NA,NA,NA,NA
"568",79,9,"mod3",0.895502060276343,0.176949652025274,5.06077322010464,0.00717664720381847,NA,NA,NA,NA
"569",79,11,"mod2",NA,NA,NA,NA,5.84341754897896,1.23023948991976,4.74982115015677,0.00208394622209988
"570",79,13,"mod3",1.02842635006127,0.254118396991989,4.04703619350191,0.0155136107723615,NA,NA,NA,NA
"571",79,14,"mod3",0.949177787898288,0.163191160182284,5.81635541311221,0.00113469429663648,NA,NA,NA,NA
"572",80,7,"mod3",0.689921959926635,0.122395350268235,5.63683145164124,0.00243671499272717,NA,NA,NA,NA
"573",80,9,"mod3",0.75406734369634,0.129123557605687,5.83988977440572,0.00208297052307718,NA,NA,NA,NA
"574",80,12,"mod2",NA,NA,NA,NA,9.22165073618928,1.69147926050917,5.45182607406809,0.00158467023183157
"575",80,13,"mod2",NA,NA,NA,NA,4.90131988873671,0.934230890974413,5.24636889669167,0.00119093497518326
"576",80,14,"mod2",NA,NA,NA,NA,6.85775746800607,1.17779369520714,5.82254557475788,0.000394895815793427
"577",81,4,"mod3",0.734979587106946,0.107338938769272,6.84727830863694,0.00101451642181166,NA,NA,NA,NA
"578",81,8,"mod2",NA,NA,NA,NA,5.12968775133383,1.21664310608,4.21626336079901,0.00835775369348516
"579",81,10,"mod3",0.696623419515703,0.137924786561791,5.0507485774039,0.00393078171243829,NA,NA,NA,NA
"580",81,12,"mod3",0.970812670299225,0.211160418681743,4.59751252796299,0.0100497160811242,NA,NA,NA,NA
"581",81,13,"mod1",-2.24945983072214,0.30151765531323,-7.46045808954471,0.000682824155105116,1.20804510649501,0.146475175454581,8.24743921791443,0.000427191573888175
"582",82,4,"mod3",0.858783540190363,0.180893436197163,4.74745550885739,0.0177308686110214,NA,NA,NA,NA
"583",82,6,"mod2",NA,NA,NA,NA,4.71332083409412,0.698206558510486,6.75061094262599,0.000515249095335132
"584",82,8,"mod3",1.04607318788447,0.16504145615376,6.33824502196524,0.00317274322639188,NA,NA,NA,NA
"585",82,11,"mod3",0.923251394012933,0.246449298138879,3.74621230810998,0.0200127686038694,NA,NA,NA,NA
"586",82,13,"mod3",0.809023071521195,0.161156053733006,5.02012212871343,0.00403469538913283,NA,NA,NA,NA
"587",83,1,"mod2",NA,NA,NA,NA,4.58424813521893,1.65763830610884,2.76552980123875,0.0698287239936727
"588",83,2,"mod3",1.07195425683272,0.233700097864717,4.58687979434755,0.0194619006721427,NA,NA,NA,NA
"589",83,4,"mod2",NA,NA,NA,NA,6.93837440711885,1.97745859480922,3.50873309071143,0.0171238231952792
"590",83,8,"mod1",-1.88461194211061,0.273634779433251,-6.88732604098791,0.00232943219638224,1.44276170272966,0.186090062611877,7.75302927238401,0.00149131930328488
"591",83,9,"mod2",NA,NA,NA,NA,4.49418687923744,1.21796401986858,3.68991760505567,0.0141468464905209
"592",83,12,"mod3",0.76570957974238,0.170165324215995,4.49979796571508,0.00640072748330057,NA,NA,NA,NA
"593",83,13,"mod3",0.942272538482575,0.20424082770209,4.61353662283917,0.00992920686845599,NA,NA,NA,NA
"594",83,14,"mod1",-1.46417746822722,0.172834868124784,-8.47153982360848,0.000147877444503341,1.87424209358268,0.190532335360755,9.83687146874035,6.36101062086992e-05
"595",84,2,"mod3",0.70936918656923,0.167923264843523,4.22436514219901,0.01343052143223,NA,NA,NA,NA
"596",84,4,"mod2",NA,NA,NA,NA,6.54469713699705,2.35771882893954,2.77585989332779,0.0500299507861767
"597",84,5,"mod3",0.762326368896142,0.184389726529337,4.13432127290918,0.0144430377530646,NA,NA,NA,NA
"598",84,8,"mod2",NA,NA,NA,NA,6.00040266837005,1.77650360748385,3.37764733102271,0.0197246532307997
"599",84,10,"mod1",-2.53516542586605,0.675912314436613,-3.75073122906358,0.0132837095262699,1.02748419720712,0.242165708457373,4.24289716224615,0.00814697613798074
"600",84,11,"mod3",0.661765089009521,0.166047152347577,3.98540462545414,0.0163273444454317,NA,NA,NA,NA
"601",84,14,"mod1",-2.54264685282443,0.292785553262518,-8.6843316703698,0.000128686111653692,1.08431439760859,0.115141283600804,9.41725125601275,8.14827553641733e-05
"602",85,1,"mod2",NA,NA,NA,NA,5.93287043629986,1.84088502973416,3.22283594057834,0.0321936774164221
"603",85,2,"mod3",0.821794786278909,0.210569615009103,3.90272255682941,0.0298667219143111,NA,NA,NA,NA
"604",85,3,"mod3",0.684695048146521,0.167271767694516,4.0933090956327,0.0149345942257767,NA,NA,NA,NA
"605",85,5,"mod2",NA,NA,NA,NA,8.73500889075502,1.07483912656174,8.1268058399559,0.000186442823431854
"606",85,7,"mod3",0.861936848400617,0.181076532633197,4.76006932464642,0.00505912095730992,NA,NA,NA,NA
"607",85,8,"mod3",0.698875248358343,0.243008121095744,2.87593371450738,0.0451976847605716,NA,NA,NA,NA
"608",85,10,"mod2",NA,NA,NA,NA,5.65361529598449,1.32124766917599,4.27899736580836,0.00521134163607538
"609",85,12,"mod3",0.86349954406462,0.187472947944199,4.60599544378873,0.00998570062976921,NA,NA,NA,NA
"610",86,1,"mod3",0.842358360446494,0.129152524391843,6.52219818708937,0.00732325437603535,NA,NA,NA,NA
"611",86,2,"mod2",NA,NA,NA,NA,6.83469687608193,1.71545103452282,3.98419817210528,0.016343778889361
"612",86,3,"mod3",0.709498641610493,0.128577675341103,5.51805466795281,0.00267629453365178,NA,NA,NA,NA
"613",86,5,"mod3",0.616491724783498,0.112077962939343,5.50056147181357,0.00271386867462863,NA,NA,NA,NA
"614",86,6,"mod3",0.908394893816076,0.230045034178461,3.94876984439219,0.016835371926894,NA,NA,NA,NA
"615",86,8,"mod3",0.693512632138423,0.177633465936173,3.90417778814051,0.011361377541714,NA,NA,NA,NA
"616",86,9,"mod3",0.886594669733552,0.214450569705098,4.13426120039109,0.0144437433780223,NA,NA,NA,NA
"617",86,12,"mod3",0.607360921956911,0.140155408539425,4.33348187049139,0.0123159128853074,NA,NA,NA,NA
"618",86,13,"mod3",0.688292262372592,0.138077852257361,4.98481292343463,0.00415850436764486,NA,NA,NA,NA
"619",87,2,"mod3",0.610684769030571,0.184766849505921,3.30516416047351,0.0455567971091983,NA,NA,NA,NA
"620",87,8,"mod3",0.863007361443352,0.208164019056837,4.14580466573197,0.0143089110004215,NA,NA,NA,NA
"621",87,9,"mod1",-2.77009739796067,0.53202758973407,-5.20667997564803,0.00648636302002494,0.970132269133709,0.170234530542725,5.6987983932568,0.00468532695988156
"622",87,10,"mod3",0.924895925616645,0.18376308892483,5.03308869603832,0.00731756120247554,NA,NA,NA,NA
"623",87,11,"mod3",0.918342609858725,0.134814972607374,6.81187402331967,0.000490750733293913,NA,NA,NA,NA
"624",87,13,"mod1",-2.42684854575897,0.414393987755561,-5.85637971946277,0.00424231259279712,1.12784438812131,0.175696245909779,6.41928563858137,0.0030270322023295
"625",88,2,"mod2",NA,NA,NA,NA,9.03418552516395,4.27327394380425,2.1141133575727,0.124878191533135
"626",88,4,"mod3",0.673493952269288,0.175276598632804,3.84246361192931,0.0120933621646832,NA,NA,NA,NA
"627",88,6,"mod3",0.999806001545683,0.197958803878705,5.05057608934784,0.00722816240644048,NA,NA,NA,NA
"628",88,8,"mod3",1.00220105046178,0.182880271927807,5.4800938335077,0.00539827814731508,NA,NA,NA,NA
"629",88,12,"mod3",0.697831102647878,0.160577100924987,4.34576971827301,0.0121975233567786,NA,NA,NA,NA
"630",88,13,"mod3",0.794031651922551,0.206652020352047,3.84236094362812,0.0184223428590181,NA,NA,NA,NA
"631",89,2,"mod3",0.813928301675729,0.276108293808734,2.94785893769477,0.0601282002407346,NA,NA,NA,NA
"632",89,3,"mod3",0.792617497644524,0.213213477377692,3.71748309437522,0.033865939992766,NA,NA,NA,NA
"633",89,6,"mod2",NA,NA,NA,NA,5.49926388958748,1.26300167249988,4.35412241276189,0.00733069059367525
"634",89,11,"mod2",NA,NA,NA,NA,5.01705404771168,1.12686226729593,4.45223359883265,0.00431879368334476
"635",89,12,"mod3",0.719572429133511,0.20431000264361,3.52196377966233,0.0168837261376253,NA,NA,NA,NA
"636",89,13,"mod2",NA,NA,NA,NA,6.28618061273987,1.63723806626493,3.83950308893116,0.0121298151630029
"637",90,7,"mod3",0.744149111251266,0.21600148253859,3.44511112843089,0.0261711210643499,NA,NA,NA,NA
"638",90,8,"mod3",0.84333193961832,0.228918882998277,3.68397717380382,0.0211300597696851,NA,NA,NA,NA
"639",90,10,"mod3",0.917816230181794,0.186476029709731,4.92189924683868,0.00791861737980109,NA,NA,NA,NA
"640",90,12,"mod3",0.671601880854427,0.125221136466926,5.36332682966678,0.00583330922731443,NA,NA,NA,NA
"641",91,4,"mod3",0.880844916502151,0.17182092115067,5.12652889184396,0.00368682504837086,NA,NA,NA,NA
"642",91,6,"mod3",0.959508881955465,0.22779814933116,4.21210130447806,0.0135632680749442,NA,NA,NA,NA
"643",91,7,"mod3",0.820475375867781,0.150119270293461,5.46549003511588,0.00279108005047601,NA,NA,NA,NA
"644",91,8,"mod2",NA,NA,NA,NA,5.36253561669639,1.50365634650044,3.56633058423022,0.0161061493339052
"645",91,10,"mod3",0.732953997725442,0.155669788216801,4.70838950911053,0.00529723617304315,NA,NA,NA,NA
"646",91,12,"mod3",1.01847863988988,0.182957677697448,5.56674446630277,0.00257488336717859,NA,NA,NA,NA
"647",91,13,"mod1",-1.31469663999602,0.260626827759493,-5.04436420186654,0.001489185876837,2.00902102270212,0.330862142273602,6.07207886915267,0.00050480427791991
"648",91,14,"mod3",0.895007461669976,0.250912180037659,3.56701480787281,0.0376318410523381,NA,NA,NA,NA
"649",92,4,"mod2",NA,NA,NA,NA,7.13804868983583,1.54975655707538,4.60591610807983,0.00580905891551857
"650",92,6,"mod1",-2.0087662166515,0.267193272720752,-7.51802691810618,0.000658857090442063,1.33934924950752,0.159706261727384,8.38632897058076,0.000394874516105411
"651",92,7,"mod3",0.995241459961868,0.199686256609448,4.98402582561498,0.00416131440723262,NA,NA,NA,NA
"652",92,9,"mod3",0.882104463081235,0.184123521699135,4.79082984586092,0.00492331362647767,NA,NA,NA,NA
"653",92,10,"mod3",0.827575676197883,0.149464715155461,5.53693007300823,0.00263643414948413,NA,NA,NA,NA
"654",92,11,"mod3",0.910687944447532,0.197442876733172,4.6124122557141,0.00577495368113414,NA,NA,NA,NA
"655",92,12,"mod3",0.939054132289587,0.178477920197988,5.26145828709727,0.00329490321562789,NA,NA,NA,NA
"656",92,14,"mod1",-0.984358905447143,0.41134170153397,-2.39304427870135,0.0479537795085972,2.51335815093602,0.793478199018834,3.16752010835822,0.0157622141964067
"657",93,1,"mod3",0.576704803380232,0.225801051789458,2.55403949100274,0.0836475689177597,NA,NA,NA,NA
"658",93,2,"mod2",NA,NA,NA,NA,6.76479164991022,2.77316259397761,2.43937793788259,0.0712562020226276
"659",93,3,"mod3",0.938222692103233,0.157468176070748,5.95817336248122,0.00398331295506104,NA,NA,NA,NA
"660",93,5,"mod3",0.760629614245244,0.308841876429205,2.46284481573405,0.0906381796787729,NA,NA,NA,NA
"661",93,7,"mod3",1.05997356257717,0.109839856505891,9.65017249927233,0.000202729441731796,NA,NA,NA,NA
"662",93,9,"mod3",0.770674722210304,0.124637863609455,6.18331139424184,0.000823168012178472,NA,NA,NA,NA
"663",93,10,"mod2",NA,NA,NA,NA,4.40101951500749,0.995759641654089,4.41976088496297,0.00447209146431768
"664",93,11,"mod3",0.957760685424923,0.220471563367801,4.34414611478552,0.0122130871280488,NA,NA,NA,NA
"665",93,13,"mod2",NA,NA,NA,NA,6.64513370162832,1.97414483649712,3.36608215302952,0.0199748756554526
"666",93,14,"mod3",0.98216662054194,0.174651401316538,5.62358282348883,0.00246215263781765,NA,NA,NA,NA
"667",94,1,"mod3",0.939538327132383,0.117554803819531,7.99234311661778,0.00132872715997423,NA,NA,NA,NA
"668",94,2,"mod3",0.811097952693872,0.158274962338697,5.12461314606526,0.00686411206942008,NA,NA,NA,NA
"669",94,4,"mod3",0.922844863334729,0.176806637753119,5.21951480477406,0.00642960340999419,NA,NA,NA,NA
"670",94,5,"mod3",0.979339473387953,0.184696834283221,5.30241613067497,0.00607724303337718,NA,NA,NA,NA
"671",94,8,"mod3",0.721396767875232,0.138710696938181,5.20072917084928,0.0138132423468613,NA,NA,NA,NA
"672",94,9,"mod2",NA,NA,NA,NA,5.98977606452378,1.04738361106576,5.71879872974993,0.000721213406811189
"673",94,10,"mod2",NA,NA,NA,NA,5.13371310017087,0.816517521343046,6.28732754163891,0.000753568665764784
"674",94,13,"mod2",NA,NA,NA,NA,4.80640711007847,1.11561888100522,4.30828770641431,0.00765504245189421
"675",95,2,"mod3",0.66865969002716,0.205413170883136,3.25519384736811,0.0312221477476491,NA,NA,NA,NA
"676",95,3,"mod3",0.802487031021649,0.224547093774893,3.57380279357406,0.0232963607157469,NA,NA,NA,NA
"677",95,5,"mod3",0.806497002614539,0.236263921351037,3.41354277878194,0.0269395031460639,NA,NA,NA,NA
"678",95,6,"mod3",0.780481237745357,0.172972793653538,4.51216183343058,0.00632830528436027,NA,NA,NA,NA
"679",95,7,"mod3",0.822931748853576,0.202365435682182,4.06656278074089,0.0152660353554829,NA,NA,NA,NA
"680",95,8,"mod3",1.07629512081484,0.191453709716658,5.62169896006564,0.00492269714435506,NA,NA,NA,NA
"681",95,9,"mod3",0.641761664931157,0.146861409382572,4.36984547287965,0.0119695250459642,NA,NA,NA,NA
"682",95,11,"mod2",NA,NA,NA,NA,6.76355114516323,1.69836351053623,3.98239311148869,0.00726336779395049
"683",95,12,"mod3",0.782256443541131,0.141523324910077,5.52740294957153,0.00523337516505325,NA,NA,NA,NA
"684",95,13,"mod3",0.848307246482204,0.198423973174017,4.27522558344419,0.012896461065906,NA,NA,NA,NA
"685",95,14,"mod2",NA,NA,NA,NA,6.56801383320235,1.78651357370628,3.67644216639027,0.0103744554766368
"686",96,1,"mod3",0.478959303550339,0.0721776544120567,6.6358391312635,0.00267620613639019,NA,NA,NA,NA
"687",96,5,"mod3",0.584160580883635,0.208048600300854,2.80780827190807,0.0484248416258224,NA,NA,NA,NA
"688",96,8,"mod3",0.873479714146728,0.169043544401633,5.16718764528159,0.00356324840512586,NA,NA,NA,NA
"689",96,9,"mod2",NA,NA,NA,NA,4.53799642068122,0.709538104977166,6.39570502112393,0.000688123243151428
"690",96,10,"mod1",-3.86023595774674,0.7872561788721,-4.90340509397753,0.00802433968916644,0.712261471802087,0.137948686902105,5.16323487955736,0.00668308546751398
"691",96,11,"mod2",NA,NA,NA,NA,5.85073537164396,1.05266794490767,5.55800658692722,0.000852700200759217
"692",96,13,"mod3",0.839284294963662,0.131218381889787,6.39608782608367,0.00068790391980373,NA,NA,NA,NA
"693",96,14,"mod3",0.983270430180882,0.1799345878907,5.46459933972317,0.00279307425661712,NA,NA,NA,NA
"694",97,1,"mod3",0.695753200136839,0.176088304505962,3.95116076612164,0.0289222330226207,NA,NA,NA,NA
"695",97,2,"mod2",NA,NA,NA,NA,5.86239081683306,1.69362967099271,3.46143606081067,0.0257839849061281
"696",97,3,"mod3",0.88242209846222,0.143600105681445,6.14499616330187,0.00866916157805418,NA,NA,NA,NA
"697",97,6,"mod3",0.906519342746263,0.22488104107141,4.03110612805462,0.0157191715645346,NA,NA,NA,NA
"698",97,8,"mod1",-2.21778764874351,0.220826689296021,-10.0431141535185,0.00210173589931977,1.21905499502957,0.110573936166231,11.0247951488035,0.00159824509012101
"699",97,13,"mod3",0.809403101535211,0.199360766898928,4.05999191378293,0.0153488121973953,NA,NA,NA,NA
"700",97,14,"mod2",NA,NA,NA,NA,4.48571224886511,1.12307199951912,3.99414485517029,0.007166635636253
"701",98,2,"mod2",NA,NA,NA,NA,5.93590050451351,0.944743746263062,6.2830799653271,0.000756275303829035
"702",98,5,"mod1",-2.93445914303578,0.837876807712533,-3.50225607872723,0.0248453586706019,0.900214291132976,0.233072842180225,3.86237316502486,0.0181106184599341
"703",98,6,"mod3",0.879729237378421,0.250489330685091,3.51204274837716,0.0391403305845042,NA,NA,NA,NA
"704",98,7,"mod3",0.431697941151009,0.100391163446614,4.30015876228566,0.0126440305639562,NA,NA,NA,NA
"705",98,9,"mod3",1.01450678564294,0.196642986822368,5.1591302697175,0.00358734799580528,NA,NA,NA,NA
"706",98,11,"mod1",-1.29724138399623,0.221745556977936,-5.85013472953283,0.00110097303466667,1.9958638515204,0.283026391467655,7.05186481434009,0.000406845966092212
"707",98,12,"mod3",0.790816335062799,0.196876497110584,4.01681433116215,0.0101527551730087,NA,NA,NA,NA
"708",98,13,"mod3",0.903459734994404,0.192925282281591,4.68295147380282,0.00541922011162063,NA,NA,NA,NA
"709",98,14,"mod3",0.702845043039431,0.175803842942185,3.99789351175088,0.0103450276291437,NA,NA,NA,NA
"710",99,2,"mod3",0.415273815910402,0.125399698708939,3.3116013848987,0.0453378043724306,NA,NA,NA,NA
"711",99,5,"mod2",NA,NA,NA,NA,9.7463874822577,2.94022731520788,3.31484148584226,0.0295204791022807
"712",99,9,"mod1",-1.96916089202639,0.383543199046184,-5.1341306453182,0.00366334431057536,1.36190689299644,0.234880148993193,5.79830564155471,0.00215021526547248
"713",99,10,"mod3",1.06733863909465,0.239578210977084,4.45507391820681,0.0112027695130363,NA,NA,NA,NA
"714",99,11,"mod3",0.979334406287103,0.29574284290522,3.31143907547059,0.0453433096768016,NA,NA,NA,NA
"715",99,13,"mod3",0.95260255957671,0.164559422457919,5.78880592401393,0.00216593323042369,NA,NA,NA,NA
"716",100,1,"mod3",0.849388588069379,0.227900962410079,3.72700746450123,0.0336441374000571,NA,NA,NA,NA
"717",100,3,"mod3",1.07562109374503,0.162763574766011,6.60848777308652,0.00705463819188801,NA,NA,NA,NA
"718",100,4,"mod2",NA,NA,NA,NA,6.43396914882196,2.51357109726684,2.55969252503659,0.0626584767945965
"719",100,9,"mod1",-1.70452186719959,0.346581619850046,-4.91809654515745,0.00440476009540812,1.60004759430819,0.286780844451587,5.57933915484477,0.0025493898073864
"720",100,10,"mod3",1.01831753844653,0.201858712561907,5.04470441489729,0.00725803025586619,NA,NA,NA,NA
"721",100,11,"mod3",0.724649476928431,0.176448377239606,4.10686393530502,0.0147699327015914,NA,NA,NA,NA
"722",100,12,"mod1",-1.1213151630703,0.153107137947313,-7.32372884833213,0.000159478686882734,2.51167821399437,0.289551924157383,8.67436202091742,5.41769779766856e-05
"723",100,13,"mod3",0.648266019399464,0.12386622031363,5.23359813319606,0.00337166723893875,NA,NA,NA,NA
"724",100,14,"mod3",0.854837714239515,0.186088810123242,4.59370831418278,0.0100785858357782,NA,NA,NA,NA
