"","replicate","area","region","model","a","a.std.err","a.tval","a.pval","b","b.std.err","b.tval","b.pval","fraction"
"1",1,1,"Mediterranean","mod1",-0.0618857062172677,0.00494009730585985,-12.5272241386541,7.27833751057148e-20,26.5444607730606,0.446373091343023,59.4669824141844,1.37517441676061e-63,1
"2",1,2,"Mediterranean","mod1",-0.0634596718879953,0.00433413779807692,-14.6418214751162,5.88834101792346e-24,26.939096595996,0.399983870066148,67.3504573860464,3.36567062178536e-70,1
"3",1,3,"Mediterranean","mod1",-0.0659508478421346,0.00477700939959264,-13.8058861361584,2.08379998125037e-22,26.9286940820618,0.442493848122921,60.8566518976354,3.1093715804417e-66,1
"4",1,4,"Mediterranean","mod1",-0.0673109963034295,0.00497891347144827,-13.5192139187448,3.8644488341298e-22,26.8587909613832,0.457168526531138,58.7503062933487,2.45263750424595e-66,1
"5",1,5,"Mediterranean","mod1",-0.0680172487092461,0.00468492349580838,-14.5183264508164,9.52507419450799e-24,27.1353567451353,0.438627182986368,61.8642842889623,2.07707689669595e-67,1
"6",1,6,"Mediterranean","mod1",-0.0683812137505816,0.00487671973205978,-14.0219691734672,6.71254679848461e-23,27.1530876702651,0.457702647067848,59.3247337419048,4.90600234708176e-66,1
"7",1,7,"Mediterranean","mod1",-0.0689955732096188,0.00454538037012593,-15.1792738101932,2.10671919486373e-25,26.9293962951671,0.41847098026194,64.3518847550929,2.56997282433676e-71,1
"8",1,8,"Mediterranean","mod1",-0.0689377827182298,0.00481244077566147,-14.3249103587679,1.52155493874016e-23,26.9338965219531,0.449944322168109,59.8605098341257,5.87571338647696e-67,1
"9",1,9,"Mediterranean","mod1",-0.0676996524580006,0.00503907169197397,-13.4349452828444,4.22920928994579e-22,26.7835756973059,0.466791099380947,57.3780771159219,3.67563026293437e-66,1
"10",1,10,"Mediterranean","mod1",-0.068731902087123,0.00527867336251533,-13.0206772359129,1.17092337730894e-21,26.3897431964783,0.473852701766703,55.691870275483,6.2522405148982e-67,1
"11",1,13,"Mediterranean","mod1",-0.0699497363206108,0.00554850471624087,-12.6069526652582,1.32706636427443e-20,26.328806230772,0.500101701185569,52.6469039564461,2.77592985045061e-63,1
"12",1,14,"Mediterranean","mod1",-0.0697451361804887,0.00567317654062845,-12.2938420267744,4.98871991266352e-20,26.3608149324676,0.514507316065886,51.2350633495985,2.23786739290069e-62,1
"13",1,16,"Mediterranean","mod1",-0.0693758755548214,0.00510259796342733,-13.5961868938275,1.31353345504244e-22,26.8290969059446,0.473226378229759,56.6940013071686,5.90213071225876e-67,1
"14",1,17,"Mediterranean","mod1",-0.0670392279405968,0.00507761011626579,-13.2029097164907,5.38932552889846e-22,26.9344847358679,0.473088914638239,56.9332400368419,1.07279618827355e-67,1
"15",1,18,"Mediterranean","mod1",-0.0675280019242583,0.00521527003504854,-12.9481314429445,1.59645996479192e-21,26.9511298839857,0.486856560230323,55.3574339662499,1.01168248139774e-66,1
"16",1,20,"Mediterranean","mod1",-0.0681306745016292,0.0054283257735499,-12.5509553670495,1.6802925621016e-20,26.8073218191128,0.505530032673567,53.0281488467431,1.59433713696147e-63,1
"17",1,21,"Mediterranean","mod1",-0.0680565041206475,0.00478330565273808,-14.2279229180536,3.33008729705034e-24,27.0715094691243,0.442558478087277,61.1704685584748,4.68139585179278e-72,1
"18",1,23,"Mediterranean","mod1",-0.0687729340869555,0.0048504281078154,-14.1787348576805,6.93057957717056e-24,26.9569092028776,0.448157351936407,60.1505455313889,3.1766588794782e-70,1
"19",1,24,"Mediterranean","mod1",-0.0684846189024599,0.00492157556329968,-13.9151818399684,3.50175088141962e-23,26.9429922848204,0.457178735431859,58.9331703264142,2.75576522179854e-68,1
"20",1,25,"Mediterranean","mod1",-0.0712344162115461,0.00473882816780026,-15.0320741097082,3.78154849380471e-25,27.0999905949382,0.4458397622314,60.7841491286116,2.3775925628803e-69,1
"21",1,27,"Mediterranean","mod1",-0.0677839445945164,0.00474734996480623,-14.2782700026378,7.89700246796125e-24,27.2135609814372,0.450465255431425,60.4121198101592,3.86812134040256e-69,1
"22",1,31,"Mediterranean","mod1",-0.0648713449474506,0.0044649223752712,-14.5291092420191,1.62410366630153e-24,27.7375942525319,0.432406124404018,64.1470892457002,1.70393978709922e-72,1
"23",1,36,"Mediterranean","mod1",-0.0631428008545225,0.0045150088138072,-13.9850891678057,9.33018102954572e-24,27.8227244954368,0.439038216944773,63.3719877259264,2.47084291539874e-73,1
"24",1,37,"Mediterranean","mod1",-0.0629137446244178,0.00453981890481243,-13.8582057882807,1.60300244115931e-23,27.7666102644496,0.440121938835823,63.0884484829266,3.58900959609982e-73,1
"25",1,41,"Mediterranean","mod1",-0.0646900998504116,0.00477146770171657,-13.5576941717826,9.41915996681066e-23,27.5969212647881,0.461743168890659,59.7668208737985,5.33970546041137e-70,1
"26",1,43,"Mediterranean","mod1",-0.0650269260794853,0.00499800679316871,-13.0105717680024,1.5365162566749e-21,27.5934237517683,0.487691335865382,56.5796882628749,6.92281034260432e-67,1
"27",1,48,"Mediterranean","mod1",-0.0638714016740327,0.00466349479005163,-13.6960379606912,5.24549889155831e-23,27.9649669135121,0.459352418638741,60.879111067673,1.19534020053883e-70,1
"28",1,49,"Mediterranean","mod1",-0.0633803101510601,0.00470266586005326,-13.4775278612592,1.32370385441698e-22,27.9203271698627,0.463528912770089,60.2342732042505,2.83752481024255e-70,1
"29",1,50,"Mediterranean","mod1",-0.0654250601086312,0.00507929614244431,-12.880733525639,1.10611656620472e-21,27.9538347740715,0.499815128041971,55.9283487148155,7.91319886262325e-69,1
"30",1,67,"Mediterranean","mod1",-0.0667458932396267,0.0052846752135219,-12.6300842611565,3.33501813272312e-21,27.8573388243576,0.515739901915517,54.0143175288403,1.40940002067787e-67,1
"31",1,82,"Mediterranean","mod1",-0.0661738972735715,0.00505475837264777,-13.0914066301667,2.28915923145158e-22,27.9866131377342,0.491433151801512,56.948972683548,3.14077845486591e-71,1
"32",1,83,"Mediterranean","mod1",-0.0650770532520778,0.0049356023977293,-13.185230091066,1.50624832247968e-22,28.2913904833469,0.490582556526163,57.6689694873775,1.06973045569365e-71,1
"33",1,97,"Mediterranean","mod1",-0.0655998229531302,0.00501615552994082,-13.0777091263564,2.43360889544926e-22,28.2037865758815,0.495860560043048,56.8784631176011,3.49258137102535e-71,1
"34",1,128,"Mediterranean","mod1",-0.0641190109071815,0.00501404911554307,-12.7878705273187,8.92721596327763e-22,28.2473548071739,0.497195478757342,56.8133782667805,3.8526220929595e-71,1
"35",1,132,"Mediterranean","mod1",-0.0653988089834259,0.00500322298866812,-13.0713360430964,2.02575058684153e-22,28.5090110142803,0.499898782846307,57.0295667694101,7.32757617351856e-72,1
"36",1,137,"Mediterranean","mod1",-0.0637155204107739,0.00501604811354933,-12.7023343812564,1.31241250612822e-21,28.5607826230939,0.503046044907826,56.7756826879081,4.07808414848359e-71,1
"37",1,176,"Mediterranean","mod1",-0.0643590808643578,0.00510013530443152,-12.6190928323874,1.91102607906194e-21,28.5431547681015,0.512538746661771,55.689750197437,2.13184566954352e-70,1
"38",1,180,"Mediterranean","mod1",-0.0657734113807198,0.00503310404500926,-13.0681604815898,1.66681443894135e-22,28.81929457623,0.509193179138123,56.597958804182,3.77424128849655e-72,1
"39",1,183,"Mediterranean","mod1",-0.0650182066028045,0.00469968431230571,-13.8345902154662,3.35768416474605e-24,29.1244003568043,0.47921815700369,60.7748265193134,4.61577107394304e-76,1
"40",1,209,"Mediterranean","mod1",-0.0651825949514719,0.00475912983458553,-13.6963262648935,6.27444922493888e-24,29.0643405341209,0.484677574488832,59.9663406436203,1.53566839612884e-75,1
"41",1,271,"Mediterranean","mod1",-0.0636958559723919,0.00468174793045563,-13.6051442577757,2.95616162196843e-23,29.4859305551563,0.494784945336585,59.5934270698113,2.54491609779807e-72,1
"42",1,272,"Mediterranean","mod1",-0.0658697846868079,0.00443150996644314,-14.8639595049082,4.47243076230297e-26,30.1538145519637,0.481164077161831,62.6684658793055,1.19775573169648e-76,1
"43",1,295,"Mediterranean","mod1",-0.0676167292921157,0.00452949766470926,-14.9280856945658,4.4290964260635e-26,29.9538953165133,0.486138571737289,61.6159610817726,2.18387031223502e-75,1
"44",1,338,"Mediterranean","mod1",-0.0674865270744274,0.00450555376315491,-14.9785199826739,1.59401157443859e-26,30.0850367383279,0.483685210618542,62.1996209060327,1.42583609517823e-77,1
"45",1,351,"Mediterranean","mod1",-0.0687587399879359,0.00466839220438418,-14.7285697040114,8.07462793498022e-26,29.9346067915933,0.499547804580386,59.923407764224,6.4136846432315e-75,1
"46",1,382,"Mediterranean","mod1",-0.0702112179399684,0.00468830048017233,-14.9758357504823,4.74070228209313e-26,29.9353076970834,0.504178187352247,59.374460157216,2.22308191973412e-73,1
"47",1,396,"Mediterranean","mod1",-0.0697728612895097,0.00456125467570687,-15.2968571698305,6.8679747882859e-27,29.9530238020409,0.484973649914236,61.7621675060859,4.37522032906802e-76,1
"48",1,540,"Mediterranean","mod1",-0.0676423840382818,0.0045247454326076,-14.9494341827093,1.81217548267066e-26,30.0732083428145,0.482893006729717,62.2771668334535,1.27325059770486e-77,1
"49",1,546,"Mediterranean","mod1",-0.0658095019931526,0.00443048034283215,-14.8538074657351,2.76489075610524e-26,30.4874035168804,0.486321049653833,62.6898702792766,6.98687180122551e-78,1
"50",1,558,"Mediterranean","mod1",-0.0646875201179968,0.00439284246120969,-14.7256635513816,3.78367563877442e-26,30.8260318061672,0.489581412541129,62.9640566747977,1.15656332994566e-78,1
"51",1,587,"Mediterranean","mod1",-0.0638934355617755,0.00421690660109936,-15.1517312584344,1.99724271061834e-27,31.0811126771818,0.471676850728655,65.8949291854522,5.72269594760698e-83,1
"52",1,621,"Mediterranean","mod1",-0.0636990263913629,0.00412280310118224,-15.4504168227429,8.82863503689976e-28,31.312778812427,0.466601740617262,67.1081483129569,1.79082187410368e-82,1
"53",1,622,"Mediterranean","mod1",-0.0618143460632045,0.00412399656765399,-14.9889421703299,4.19725112786161e-27,31.4227934116263,0.469166651982391,66.9757607000714,1.20242507162262e-83,1
"54",1,668,"Mediterranean","mod1",-0.062650199308892,0.00421729866544956,-14.8555282133933,9.91090686745589e-27,31.2929385860939,0.477102129392323,65.5896015931666,3.69793873843759e-82,1
"55",1,726,"Mediterranean","mod1",-0.0616976442489701,0.00423265489479456,-14.576582731762,2.79414289803261e-26,31.3115746360789,0.479419903531546,65.3113781998386,1.34228362462869e-82,1
"56",1,738,"Mediterranean","mod1",-0.0597663685895593,0.00413593770968463,-14.4505001730591,8.03409646663298e-26,31.7924436999346,0.483838648365803,65.7087725573715,1.29749209385786e-81,1
"57",1,798,"Mediterranean","mod1",-0.0591231545343246,0.004022000290315,-14.699937908183,2.01651175111721e-26,32.0453125689361,0.47514530704096,67.4431844197372,2.62362125590742e-83,1
"58",1,805,"Mediterranean","mod1",-0.0595819349265928,0.00412289239729137,-14.4514891937846,6.3071544477013e-26,32.0342543285785,0.485884294763606,65.9297999005378,2.2633755628419e-82,1
"59",1,808,"Mediterranean","mod1",-0.0586992982151077,0.00405142947744038,-14.4885400429561,5.3183355156889e-26,32.0892650723211,0.479216054873696,66.9619991775498,5.17916003923574e-83,1
"60",1,892,"Mediterranean","mod1",-0.0584192640198092,0.00403326838566974,-14.4843482837328,4.28167910865659e-26,32.0484737876046,0.47571059271753,67.3696871127579,6.85041638009948e-84,1
"61",1,978,"Mediterranean","mod1",-0.0585334305980822,0.00403229464251972,-14.5161591072386,3.69516127897833e-26,32.1067547714895,0.478097698207486,67.1552172115996,9.30199580290129e-84,1
"62",1,1006,"Mediterranean","mod1",-0.0567654737390209,0.00401202482512998,-14.1488341207315,1.63220275149085e-25,32.2057730176215,0.477022651621887,67.5141377628949,1.31688715479395e-84,1
"63",1,1140,"Mediterranean","mod1",-0.0553620600216294,0.00392539377695964,-14.1035684996957,1.05352008202171e-25,32.5725466077789,0.47165725805625,69.0597802777674,1.86214740730368e-87,1
"64",1,1151,"Mediterranean","mod1",-0.0556328292173092,0.00397653240721639,-13.9902868932615,1.4740944598066e-25,32.5837600894833,0.477819161077479,68.1926610393922,1.56777193924811e-87,1
"65",1,1174,"Mediterranean","mod1",-0.0561051396208724,0.00401894612845776,-13.9601621488771,2.59211462516084e-25,32.469924955848,0.480874999582079,67.5225889972802,7.35694468588421e-86,1
"66",1,1233,"Mediterranean","mod1",-0.0559232840653333,0.00381016100263992,-14.6774070771776,1.38019697700194e-26,32.7123860971961,0.463796245200444,70.531804506219,1.89423681920444e-86,1
"67",1,1301,"Mediterranean","mod1",-0.0550607832235271,0.00382943533074391,-14.3783034489398,1.11797934085173e-25,33.0311082588635,0.479398958993113,68.9010846586717,1.49936945061736e-83,1
"68",1,1361,"Mediterranean","mod1",-0.0547448292060467,0.00372337014726438,-14.7030316731386,4.79146922057359e-27,33.3113651449856,0.462570943604728,72.0135270179239,6.40108759021582e-90,1
"69",1,1424,"Mediterranean","mod1",-0.0550034168160927,0.00358353316420581,-15.3489347790877,4.84678399131208e-28,33.4348867893899,0.452414313286438,73.9032471066431,4.40938106842039e-89,1
"70",1,1510,"Mediterranean","mod1",-0.0526870699478317,0.00331506278442064,-15.8932344194017,5.34564636677891e-29,34.1988978977706,0.431652259233629,79.2278904284864,2.31717728831643e-91,1
"71",1,1532,"Mediterranean","mod1",-0.0524142096301076,0.0033302654288586,-15.7387483820087,8.16662059050492e-29,34.3308217805015,0.436414610734698,78.6656104906893,9.49902246083425e-92,1
"72",1,1562,"Mediterranean","mod1",-0.0516627214047461,0.00330408979472715,-15.6359919416211,5.91619186957001e-29,34.7066347478135,0.438537774350136,79.1417222820653,4.55489594488125e-94,1
"73",1,1564,"Mediterranean","mod1",-0.0519723361170178,0.00327824187189442,-15.853722253564,9.79138741743303e-30,34.7551126751644,0.431700311259766,80.5074996905695,6.93243395073139e-97,1
"74",1,1690,"Mediterranean","mod1",-0.0523005157491616,0.00340994804982488,-15.3376283113309,3.95121757267e-28,34.698223075875,0.45261315137929,76.6619860031374,2.53669029622617e-91,1
"75",1,1711,"Mediterranean","mod1",-0.050961358187501,0.00313188260997918,-16.2717970415372,2.38279343383037e-30,35.1402630555774,0.420824449586431,83.503377928996,3.88778119175013e-97,1
"76",1,1784,"Mediterranean","mod1",-0.0507388760419704,0.00309741604937293,-16.3810334915267,1.44181045345449e-30,35.1156681442155,0.416512750320801,84.3087471323969,1.45351682455378e-97,1
"77",1,1795,"Mediterranean","mod1",-0.0511498667417035,0.00317371047334586,-16.1167400653845,6.40834083958787e-30,35.0174389828037,0.425843136286921,82.2308404172797,9.37790589636554e-96,1
"78",1,1806,"Mediterranean","mod1",-0.051268306371897,0.00321449984510111,-15.9490772569269,8.12806001828025e-30,34.9667418213514,0.429246428449031,81.4607635704611,9.96676749301496e-97,1
"79",1,1880,"Mediterranean","mod1",-0.0509387203479596,0.00320388104895306,-15.899067277983,7.90547698930192e-30,34.9213344912122,0.426204248932932,81.9356789113275,1.10682263337785e-97,1
"80",1,1898,"Mediterranean","mod1",-0.0499418286961855,0.00321601207049024,-15.5291173047658,5.85976293841323e-29,34.938798028588,0.428410778320883,81.5544327935154,8.85028201920925e-97,1
"81",1,1903,"Mediterranean","mod1",-0.0509023668034899,0.00340246906043786,-14.9604201829066,2.91328810485013e-27,34.8077396873973,0.456818641227346,76.1959704487505,2.19006649882742e-90,1
"82",1,1976,"Mediterranean","mod1",-0.0514985097707878,0.00347560399592522,-14.8171396485803,4.46295061599857e-27,34.7578064824719,0.464058735977434,74.8995844443324,2.55252001011163e-90,1
"83",1,1979,"Mediterranean","mod1",-0.0525550055653239,0.00325338887234416,-16.1539267599008,2.38646726463672e-30,34.9434716665477,0.428367636407821,81.5735566756967,1.7572433951896e-97,1
"84",1,1982,"Mediterranean","mod1",-0.0527168808082084,0.00331173907148437,-15.9181866899254,7.22409920995777e-30,34.8557970241738,0.435271385951762,80.0783101052192,1.21063901454324e-96,1
"85",1,2022,"Mediterranean","mod1",-0.0514305200312732,0.00322585678608466,-15.9432124368101,1.42472431903486e-29,35.2849998232813,0.436894439618066,80.7632156045005,5.82767623994251e-95,1
"86",1,2035,"Mediterranean","mod1",-0.0514305200312732,0.00322585678608466,-15.9432124368101,1.42472431903486e-29,35.2849998232813,0.436894439618066,80.7632156045005,5.82767623994251e-95,1
"87",1,2105,"Mediterranean","mod1",-0.0511371586887213,0.00320838964439275,-15.9385749103426,1.90764415797205e-29,35.2196754179871,0.433548539156258,81.2358299869473,1.60129103333637e-94,1
"88",1,2130,"Mediterranean","mod1",-0.0495071790100461,0.0032013686502522,-15.4643792760781,1.70034845698832e-28,35.3118282980718,0.434683369397643,81.235747176168,1.60145503016031e-94,1
"89",1,2185,"Mediterranean","mod1",-0.0480197652505065,0.00317030642789129,-15.1467267731739,4.58841521707494e-28,35.4104546054878,0.430863458839665,82.1848636244293,1.98582319276841e-96,1
"90",1,2194,"Mediterranean","mod1",-0.0484729109698816,0.00318831823588791,-15.2032850498634,2.1661048026948e-28,35.2983061042831,0.429563217002688,82.1725527399202,8.18887479894214e-98,1
"91",1,2195,"Mediterranean","mod1",-0.0496629948982718,0.00322957731713805,-15.3775525468087,4.56250509718802e-29,35.1439838430248,0.430400982434102,81.6540511693782,1.36785637001501e-99,1
"92",1,2210,"Mediterranean","mod1",-0.0499354944655319,0.00320869242035667,-15.5625681504185,1.45694929092116e-29,35.6063004282593,0.434550200555952,81.9382901738523,1.94348830057829e-100,1
"93",1,2215,"Mediterranean","mod1",-0.0497315599476045,0.00315384913733391,-15.7685284812465,5.3460762410409e-30,35.6110511550319,0.427213945945434,83.3564809693275,3.0317101639984e-101,1
"94",1,2228,"Mediterranean","mod1",-0.0477114435927086,0.00315703741136865,-15.1127267041237,1.05625737843778e-28,35.6644077690939,0.429125229686971,83.1095570752378,8.54284496329637e-102,1
"95",1,2230,"Mediterranean","mod1",-0.0478922953904053,0.00324719340354418,-14.7488275068965,9.99036126801384e-28,35.6378224522148,0.442920702915949,80.460954336961,6.63070556422225e-99,1
"96",1,2363,"Mediterranean","mod1",-0.0470935536938707,0.00317524945533288,-14.8314500502555,6.64197345779721e-28,35.9354195947231,0.439715451082706,81.7242594187667,1.24739345496735e-99,1
"97",1,2476,"Mediterranean","mod1",-0.04694728064364,0.00303485685226051,-15.4693558639088,4.74223166347103e-29,36.1927905071702,0.427331676738467,84.6948458944238,6.86594382701861e-100,1
"98",1,2521,"Mediterranean","mod1",-0.0455654846518621,0.00303599569267473,-15.0084154472955,4.38770924358557e-28,36.2597605243277,0.429018521722031,84.5179373113896,8.55949740340958e-100,1
"99",1,2611,"Mediterranean","mod1",-0.0464087298315724,0.00315532745209184,-14.7080550390438,1.52059322086901e-27,36.1584657731523,0.4439094029912,81.4546065695055,8.60970984180717e-99,1
"100",1,2693,"Mediterranean","mod1",-0.0454071852297991,0.00301339365019246,-15.0684545402487,1.05296248281342e-28,36.4931334628582,0.427448299816467,85.3743797285594,9.04208442422217e-104,1
"101",1,2807,"Mediterranean","mod1",-0.0450123065609837,0.00297494658997274,-15.1304587156962,1.52609112314266e-28,36.7224986074286,0.429288544031485,85.542694110969,9.27303379823025e-102,1
"102",1,2860,"Mediterranean","mod1",-0.0446180387425862,0.00296376549208185,-15.0545105075925,1.41043652053992e-28,36.9129499882436,0.429542052547706,85.9355906349681,2.20853765722046e-103,1
"103",1,2972,"Mediterranean","mod1",-0.0452360258166049,0.00301101765203957,-15.0235007044756,2.57949664461982e-28,36.9009232704647,0.438489944444622,84.1545484405628,5.37346656021973e-101,1
"104",1,3135,"Mediterranean","mod1",-0.0451098489641509,0.0030270401893169,-14.9022960195089,3.00963776863789e-28,36.9139077282968,0.439428648647003,84.0043266226597,2.65084277911893e-102,1
"105",1,3145,"Mediterranean","mod1",-0.0445735146595025,0.00297886939963149,-14.9632322467768,1.78289305453163e-28,36.898932399344,0.430879058570109,85.6364022930117,6.44825677159358e-104,1
"106",1,3178,"Mediterranean","mod1",-0.04408968958006,0.00290188705063309,-15.1934547454013,3.60705552538001e-29,37.6044942255996,0.430122405102867,87.4274247969162,2.54070786068725e-106,1
"107",1,3282,"Mediterranean","mod1",-0.0407086829772099,0.00284096459940576,-14.329176430331,2.41989164225948e-27,38.5212624734226,0.438213721837356,87.9051945518945,2.71239548550156e-107,1
"108",1,3380,"Mediterranean","mod1",-0.0418593266815462,0.00294718597542737,-14.2031507446612,8.3037477879251e-27,38.3172468942411,0.452959732941972,84.5930534384827,2.49286871941153e-103,1
"109",1,3405,"Mediterranean","mod1",-0.0416351486678675,0.0029215741531868,-14.2509299729574,3.62725953359969e-27,38.2872668696532,0.445318992206028,85.977170387423,3.34582193510522e-106,1
"110",1,3457,"Mediterranean","mod1",-0.0404972196642306,0.00294176270004205,-13.7663108121031,5.39745506068141e-26,38.3403678205139,0.450923271318168,85.02636758674,5.7946900541943e-105,1
"111",1,3485,"Mediterranean","mod1",-0.0406587802541413,0.00284050869665315,-14.3139080341658,2.61863467640952e-27,38.450939546891,0.435906010119114,88.2092438605836,1.83401260059071e-107,1
"112",1,3491,"Mediterranean","mod1",-0.0392428029914492,0.00283880512358537,-13.8237044400871,3.34312386843782e-26,38.5363703424641,0.437440506383318,88.0951118612133,2.12388251747447e-107,1
"113",1,3571,"Mediterranean","mod1",-0.0395757364530179,0.00285763432609111,-13.8491255132537,2.92776285468001e-26,38.4412661511379,0.438686035092581,87.6281966509948,3.87865085806111e-107,1
"114",1,3618,"Mediterranean","mod1",-0.0393895853758266,0.0026956643069809,-14.6121997734734,5.62767854395237e-28,38.7708980497634,0.41863771164405,92.6120532655898,7.31565635976923e-110,1
"115",1,3681,"Mediterranean","mod1",-0.0397133780651648,0.00277089617241925,-14.3323226833474,3.52637624867049e-27,38.777902392776,0.431807586536467,89.8036616350674,6.49660380432852e-107,1
"116",1,3700,"Mediterranean","mod1",-0.0410030712345894,0.00272441994257525,-15.0502022811621,7.43821592333224e-29,38.8316267978137,0.42581101394952,91.1945100659544,2.21593487255958e-108,1
"117",1,3705,"Mediterranean","mod1",-0.0407507337486207,0.00264400952317639,-15.4124761622132,9.54843099327691e-30,39.0426107779726,0.413165304268157,94.4963441379211,7.43409875744767e-111,1
"118",1,3708,"Mediterranean","mod1",-0.0402016520377441,0.00255919303349244,-15.7087220509046,8.5426056790207e-31,39.2811395756229,0.39970860531184,98.2744405639626,8.79092101398996e-116,1
"119",1,3802,"Mediterranean","mod1",-0.0390332731853651,0.00256477642375059,-15.2189769150657,3.1714735383451e-29,39.7343845292255,0.416022921325721,95.5100848833179,1.21816363540437e-110,1
"120",1,3806,"Mediterranean","mod1",-0.037704298066486,0.00256242597587797,-14.7142974749026,4.09686280072341e-28,39.8119337827301,0.417165045216295,95.4344910707656,1.33176213346604e-110,1
"121",1,3863,"Mediterranean","mod1",-0.0373473318388609,0.00246864356580951,-15.1286853866302,6.23739766236792e-29,40.0663897918566,0.406269981767359,98.6201087699354,1.88058178069047e-111,1
"122",1,3911,"Mediterranean","mod1",-0.0375205356822949,0.00235502762438393,-15.9321000288097,3.44274525957378e-31,40.3608538008686,0.382235402133956,105.591615992503,1.12288554544486e-118,1
"123",1,4001,"Mediterranean","mod1",-0.0401593562814304,0.00242957593886569,-16.5293686190273,1.31897418319066e-32,40.7777722561097,0.403080116625749,101.165427353419,2.90549304528113e-117,1
"124",1,4096,"Mediterranean","mod1",-0.0403602326191847,0.00238750095226899,-16.90480273142,1.54889079945909e-33,40.8521670313357,0.39568576931171,103.243963265087,4.56287109860431e-119,1
"125",1,4098,"Mediterranean","mod1",-0.0380810728849388,0.00236186007397374,-16.1233399491228,1.66511475518092e-31,41.3849314541747,0.398066493548349,103.964870505103,4.06276182946942e-117,1
"126",1,4193,"Mediterranean","mod1",-0.0389271338757113,0.00229540769170276,-16.9587015049316,3.2807509190518e-34,42.1379238724599,0.391993002750474,107.49662258457,4.95902814816464e-125,1
"127",1,4194,"Mediterranean","mod1",-0.0368273234257246,0.00220919287849136,-16.6700353709603,5.04607528061743e-33,43.2358318377613,0.397437531694974,108.786484390065,9.17467919949736e-122,1
"128",1,4195,"Mediterranean","mod1",-0.0371682704245057,0.00220911054676367,-16.8249934250492,1.78914748609388e-33,43.2616491344407,0.39723893590949,108.905863005075,1.31957617940916e-122,1
"129",1,4201,"Mediterranean","mod1",-0.0370894401689552,0.00221900530768292,-16.714444098236,2.43540723436173e-33,43.2098584375224,0.397938014162005,108.584394804592,3.1023001046824e-123,1
"130",1,4270,"Mediterranean","mod1",-0.0373696631928116,0.0022077630331153,-16.9264828843884,4.98096738824856e-34,43.2306627236303,0.393630773181059,109.82541424358,2.11898071283485e-125,1
"131",1,4286,"Mediterranean","mod1",-0.0375845099366328,0.00210408462863726,-17.8626417517127,2.47713499269774e-36,43.5061420444496,0.377408335929274,115.276049579897,1.37696779783557e-129,1
"132",1,4287,"Mediterranean","mod1",-0.03759557426594,0.00211999665391046,-17.7337894362204,2.78018214551739e-36,43.4629445736039,0.37853498673888,114.818830745453,5.7643064246417e-131,1
"133",1,4288,"Mediterranean","mod1",-0.0363436491525431,0.0021037317517022,-17.2758000743851,6.43714022936135e-35,43.9074743449694,0.382883446444179,114.675823028486,1.66242820047859e-128,1
"134",1,4362,"Mediterranean","mod1",-0.0357955830284758,0.00212705794842275,-16.8286825730436,8.2314201230074e-34,43.9263448997524,0.389767025966711,112.698976499628,8.88981054106167e-127,1
"135",1,4379,"Mediterranean","mod1",-0.0356102329548108,0.00212109783635608,-16.7885857712188,6.18016598853379e-34,43.8807374977169,0.387215098407875,113.323932042275,1.16054925550582e-128,1
"136",1,4380,"Mediterranean","mod1",-0.0347984728706252,0.0021150749896028,-16.4525953177481,4.52711307531737e-33,43.8848254217451,0.386064412060281,113.672289003662,4.93632734652239e-128,1
"137",1,4429,"Mediterranean","mod1",-0.0360485137584533,0.00210032109807796,-17.1633345927163,9.62720799896035e-36,44.4662965350912,0.38594034342007,115.215466051168,1.08414478241045e-136,1
"138",1,4466,"Mediterranean","mod1",-0.0348337781290452,0.00210219022696676,-16.5702312198961,2.4347664802688e-34,44.5505406448962,0.387666654137522,114.919713030289,1.52851925835766e-136,1
"139",1,4477,"Mediterranean","mod1",-0.0340801684604202,0.00212933285957535,-16.0050920677647,1.02890060848917e-32,44.5420098310472,0.394760536794908,112.832985264149,3.83439475367311e-133,1
"140",1,4478,"Mediterranean","mod1",-0.0346021631906005,0.00212845735157074,-16.2569210818648,2.60849073088113e-33,44.4754147134173,0.391869679580811,113.495422154103,1.78449741139177e-133,1
"141",1,4483,"Mediterranean","mod1",-0.034413127634242,0.00208123649421371,-16.534943400194,1.45047350469303e-33,44.8769776688409,0.392997735331644,114.191440902248,1.15454132041474e-130,1
"142",1,4518,"Mediterranean","mod1",-0.0344239698955581,0.00200466157932473,-17.1719607192521,3.97448641372182e-35,45.0710126604281,0.379239742961156,118.845699842816,1.1304155663192e-133,1
"143",1,4532,"Mediterranean","mod1",-0.0337673977631192,0.00200634271979712,-16.8303238673669,2.40052887805747e-34,45.0882587824582,0.380605683658193,118.46449151545,1.7045400984499e-133,1
"144",1,4631,"Mediterranean","mod1",-0.0337735842896673,0.00208968492808411,-16.1620461705833,2.60531661704341e-32,45.1514172402692,0.402641601260009,112.137983504373,1.64073531991086e-126,1
"145",1,4680,"Mediterranean","mod1",-0.0310802853647129,0.00203848718582923,-15.2467406127303,1.45634934853122e-30,45.2765517577819,0.395217922552938,114.560978068289,7.66534962768601e-131,1
"146",1,4758,"Mediterranean","mod1",-0.0329961910854824,0.0019933554941029,-16.553089091784,1.31770435821235e-33,45.2450613986959,0.384854814682326,117.563973926227,2.88114550299262e-132,1
"147",1,4852,"Mediterranean","mod1",-0.0339493565043415,0.00197714019557304,-17.1709404221089,5.13374397235869e-35,45.8497601641518,0.38917627490846,117.812320843392,2.20457573522267e-132,1
"148",1,4873,"Mediterranean","mod1",-0.035413857622085,0.00201256780984547,-17.596354989303,3.34515764770658e-36,45.6141067540867,0.390352301745179,116.853689731445,1.55409644151222e-133,1
"149",1,4958,"Mediterranean","mod1",-0.0357178069412989,0.00204373595517616,-17.4767228862597,3.75810883649382e-36,45.5051385811914,0.393512546719247,115.638342310994,1.54814116750549e-134,1
"150",1,5031,"Mediterranean","mod1",-0.0356106780334152,0.00202312658874872,-17.6018041735292,1.94081806620865e-36,45.5039969208779,0.389833843501345,116.726645670826,4.54963740152034e-135,1
"151",1,5071,"Mediterranean","mod1",-0.0348883799219365,0.0019631988982622,-17.7711896399388,4.73990326154431e-37,46.2141846127938,0.385731321339486,119.809261151806,3.69403689182061e-138,1
"152",1,5091,"Mediterranean","mod1",-0.0353245505714958,0.00198276106793265,-17.8158382988261,4.84656604317445e-37,46.143028508815,0.388479698242137,118.778481134564,7.34907211085739e-137,1
"153",1,5133,"Mediterranean","mod1",-0.0354619901812031,0.00198211068341389,-17.8910241884803,4.24224862184657e-37,46.068639312172,0.388209125159115,118.669645627959,5.25353276250089e-136,1
"154",1,5221,"Mediterranean","mod1",-0.0350833816402209,0.0019541043398548,-17.9536890250332,1.07076843610763e-37,46.4465637579343,0.386033583692635,120.31741724035,5.20228539341076e-140,1
"155",1,5222,"Mediterranean","mod1",-0.0357906467460625,0.00196806119599715,-18.1857387457551,3.10903641252146e-38,46.3399196124729,0.386787469485783,119.807189395457,9.22294383749246e-140,1
"156",1,5230,"Mediterranean","mod1",-0.0352877497915944,0.00196348376884917,-17.9720099302258,1.25902754699228e-37,46.3495861592615,0.387233981732794,119.694005035034,6.61897260414075e-139,1
"157",1,5272,"Mediterranean","mod1",-0.035382458434268,0.00200122849755202,-17.680369072072,9.91729045692082e-37,46.2679725453734,0.394800938638972,117.193167536219,4.31578247108422e-136,1
"158",1,5275,"Mediterranean","mod1",-0.0347328274157407,0.00197725074862714,-17.5662229182903,1.81620474300282e-36,46.5908260608109,0.394760083213854,118.023143782679,1.70326922955389e-136,1
"159",1,5284,"Mediterranean","mod1",-0.0349637197467758,0.00193768394695332,-18.0440777257562,1.90518383402791e-37,46.9296273477553,0.391688901597901,119.813523325029,1.49807907181731e-136,1
"160",1,5300,"Mediterranean","mod1",-0.0352545364290494,0.00188519414668145,-18.700745751364,2.04652383861361e-39,47.0476026217363,0.377454508338778,124.644431533745,4.44611597734999e-142,1
"161",1,5317,"Mediterranean","mod1",-0.0350325181903655,0.00187496884545806,-18.6843201556274,2.230906044967e-39,47.0451935020699,0.375797011166952,125.187779849504,2.47327774732035e-142,1
"162",1,5335,"Mediterranean","mod1",-0.0357976313681082,0.00191516116536424,-18.6917070038332,3.19043508919287e-40,47.6551285990729,0.387315508886229,123.03955691346,5.80379642615896e-147,1
"163",1,5348,"Mediterranean","mod1",-0.0352643916740755,0.00191452294587554,-18.419414481318,3.08960422541589e-39,47.6280759133576,0.388354666089704,122.64066862623,2.33643277589578e-144,1
"164",1,5382,"Mediterranean","mod1",-0.0349544508618566,0.00188838347288129,-18.5102503616615,1.89345264709572e-39,47.6232348321869,0.383498233131985,124.181106242012,4.13500286514688e-145,1
"165",1,5384,"Mediterranean","mod1",-0.0346292450333508,0.00187128143998278,-18.5056316454832,8.80440521287705e-40,47.6365243400763,0.378825677061812,125.74787619875,2.65348848783508e-148,1
"166",1,5404,"Mediterranean","mod1",-0.0332022274624161,0.00177287546067986,-18.7278961206242,5.88231790218885e-40,48.6677763645443,0.373966034256146,130.139563239611,6.18372979543047e-148,1
"167",1,5405,"Mediterranean","mod1",-0.0336238008728836,0.00169759644108842,-19.8067102752203,1.95417840571401e-42,48.9896084152452,0.360349014410333,135.950443753567,1.43212815003279e-150,1
"168",1,5415,"Mediterranean","mod1",-0.0330204835170434,0.00172342709883715,-19.1597796850957,1.04265187524928e-40,49.3251283180239,0.372072394688729,132.568631863401,2.25596373762469e-147,1
"169",1,5419,"Mediterranean","mod1",-0.033150121321614,0.00169808850052506,-19.5220221510032,3.62612302387062e-42,49.4338159228329,0.364299150465273,135.695666211951,5.42673871543843e-153,1
"170",1,5452,"Mediterranean","mod1",-0.0336436720205211,0.00172949820982058,-19.4528516013968,5.24800297729904e-42,49.2470392048824,0.369274374671636,133.361648093436,6.36293348698212e-152,1
"171",1,5474,"Mediterranean","mod1",-0.033296760954175,0.00171503799184045,-19.4145908793796,6.44040228665764e-42,49.1821577600275,0.364559648091865,134.908397068768,1.23913232054567e-152,1
"172",1,5477,"Mediterranean","mod1",-0.0327614627189722,0.00165844714462561,-19.7543001747987,1.05248229527488e-42,49.5589378954297,0.35666933505937,138.949253619407,1.87947001984648e-154,1
"173",1,5507,"Mediterranean","mod1",-0.0328208524347996,0.00168106695644908,-19.5238222421117,3.59143353931008e-42,49.5387469629885,0.363009013108538,136.466988901393,2.42775307513408e-153,1
"174",1,5511,"Mediterranean","mod1",-0.0346307844353927,0.00166371688128733,-20.8153110814122,1.54222239884385e-45,49.4531608096746,0.353925870794715,139.727453940089,2.34985268659144e-157,1
"175",1,5521,"Mediterranean","mod1",-0.0340293106089196,0.00165383425147065,-20.5760103097753,5.44731293965027e-45,49.4627628537095,0.352055829494542,140.496928923816,1.06016002922112e-157,1
"176",1,5529,"Mediterranean","mod1",-0.0339542277947097,0.00168035667225308,-20.2065599258654,3.876605498378e-44,49.4705697722336,0.358780122673825,137.885480955723,1.60761894473281e-156,1
"177",1,5565,"Mediterranean","mod1",-0.0342182195533623,0.00172193000312981,-19.8720154078079,4.18911404087604e-43,49.360241749608,0.367783475780618,134.210058363392,3.76505987233116e-153,1
"178",1,5567,"Mediterranean","mod1",-0.0352546496084719,0.00167615919782462,-21.0329959434799,4.92431720088239e-46,49.2866715876677,0.356554955963523,138.230224438978,1.11955459344328e-156,1
"179",1,5568,"Mediterranean","mod1",-0.03424999085216,0.00168171431471404,-20.3661172129488,1.22226483418124e-44,49.3754103772982,0.358842319395335,137.596397382833,3.12536485162188e-157,1
"180",1,5579,"Mediterranean","mod1",-0.0339478664144165,0.00169553935057211,-20.0218687952962,5.77515236915281e-44,49.5999051717239,0.364396663822064,136.115146202172,2.20439220650961e-157,1
"181",1,5598,"Mediterranean","mod1",-0.0343957278288522,0.00170570682003459,-20.1650878245036,2.66381450211887e-44,49.4397501044527,0.364194551706169,135.750932771615,3.26698412308395e-157,1
"182",1,5599,"Mediterranean","mod1",-0.0337137806888854,0.00169703227800977,-19.8663167022515,1.34224578454244e-43,49.4708156188483,0.362831563430393,136.346505114181,1.71786238026876e-157,1
"183",1,5668,"Mediterranean","mod1",-0.0328039889747536,0.00171204599084926,-19.1606937839802,1.9072516611421e-41,49.8997060993159,0.376114894187879,132.671443940185,1.95488964206622e-152,1
"184",1,5669,"Mediterranean","mod1",-0.0337933280503235,0.00171169891796812,-19.7425655269082,4.67104504123408e-43,49.6587565045342,0.369947233081308,134.231998685121,7.86443619247757e-155,1
"185",1,5681,"Mediterranean","mod1",-0.0334476245969018,0.00172823627517677,-19.353617949884,2.91140289879512e-42,49.8880009336798,0.375921513629421,132.708555176916,6.10487860548523e-155,1
"186",1,5696,"Mediterranean","mod1",-0.0325209095620736,0.00173617875725487,-18.7313140574842,6.91977758898553e-41,49.9708321436477,0.378504811492051,132.021656334208,1.94997945046886e-155,1
"187",1,5719,"Mediterranean","mod1",-0.0318914133274577,0.00172175474500019,-18.5226225860956,1.7255067235609e-40,49.9875489640429,0.37497993179623,133.307264537044,7.00512005505439e-157,1
"188",1,5735,"Mediterranean","mod1",-0.0314456417920609,0.00174102449919667,-18.0615734049522,4.82195279562208e-39,50.186920398303,0.38276115213509,131.118114046721,2.35362026412689e-153,1
"189",1,5738,"Mediterranean","mod1",-0.0316192367927146,0.00176773742660229,-17.8868401589986,1.63422212708401e-38,50.1894912795082,0.391153282037418,128.311568851177,3.52314653394404e-151,1
"190",1,5742,"Mediterranean","mod1",-0.0317444089782761,0.00176290224596005,-18.0069025670726,4.04716480083614e-39,50.2961102613383,0.38761317910749,129.758514344505,2.46576655276073e-154,1
"191",1,5760,"Mediterranean","mod1",-0.0308755377738361,0.00177177308673793,-17.4263499118175,1.10390698034948e-37,50.3548200543767,0.390460768248721,128.962559491511,6.08130170651603e-154,1
"192",1,5761,"Mediterranean","mod1",-0.0313610080761736,0.00185499292725227,-16.9062682749025,2.20553728367165e-36,50.5366274980383,0.410530678608599,123.100733103116,5.57953690604412e-151,1
"193",1,5762,"Mediterranean","mod1",-0.031496941741132,0.00184074056870583,-17.1110162271681,6.75941260497432e-37,50.6175901518877,0.407799530608903,124.123708716164,1.65859221557641e-151,1
"194",1,5763,"Mediterranean","mod1",-0.031960269941458,0.00193536973379239,-16.5137799684566,1.44820814818917e-35,50.9448466708735,0.432676081369604,117.743616678813,1.07445168165178e-149,1
"195",1,5764,"Mediterranean","mod1",-0.0305667577719338,0.00198671864155732,-15.3855493840706,1.65501317554455e-32,51.1251809582006,0.449049407194347,113.852017482063,5.18304031528219e-146,1
"196",1,5779,"Mediterranean","mod1",-0.0300602416373556,0.00196221444495319,-15.3195496622046,1.47801199097083e-32,51.1093833584853,0.441439015304279,115.77903535159,2.24636183424085e-149,1
"197",1,5800,"Mediterranean","mod1",-0.0298094041851136,0.00194030175775039,-15.363282575013,1.34408578156606e-32,51.0676455971126,0.436388264897039,117.023416312905,2.67055032135866e-149,1
"198",1,5831,"Mediterranean","mod1",-0.0288449373502741,0.00194105689448619,-14.8604285800235,2.76906244810761e-31,51.1477517454322,0.437839445626061,116.818510201375,3.46366748099304e-149,1
"199",1,5842,"Mediterranean","mod1",-0.028281437840406,0.0018981786774578,-14.8992495681612,1.17683997151407e-31,51.8144834377469,0.431696005474992,120.025394677293,4.84400397963395e-154,1
"200",1,5843,"Mediterranean","mod1",-0.0281649476153018,0.00185908154118666,-15.1499259130527,4.110551039448e-32,51.9118237361954,0.426560960285979,121.698487600441,1.30615601521752e-152,1
"201",1,5844,"Mediterranean","mod1",-0.0279619916346369,0.00190244753938474,-14.6979041764694,4.69913890146391e-31,52.1050170372451,0.438307753867316,118.877698552005,1.2358457003118e-152,1
"202",1,5847,"Mediterranean","mod1",-0.0275375099233364,0.00187432445512557,-14.6919653361144,3.62344292465476e-31,52.1937425342665,0.432606517279266,120.649459611754,3.68224319744156e-155,1
"203",1,5875,"Mediterranean","mod1",-0.0275983786542904,0.00185048145341335,-14.9141611786399,1.07405524068678e-31,52.0690415264597,0.425315258069785,122.424579270364,2.37215423109205e-155,1
"204",1,5877,"Mediterranean","mod1",-0.0270779500768923,0.00184557999222348,-14.6717834994895,4.75432171112745e-31,52.0679607357982,0.424325004410405,122.707736274335,1.66797233695718e-155,1
"205",1,5881,"Mediterranean","mod1",-0.0269746291796936,0.0018197814474911,-14.8230048266967,1.3912898493739e-31,52.3522158937136,0.42073272465664,124.43105284106,5.27303942128136e-158,1
"206",1,5892,"Mediterranean","mod1",-0.02615133053732,0.00183360028485493,-14.2622853810197,5.16391528701097e-30,52.4408467559858,0.426194240935131,123.04447530995,1.80511422167545e-156,1
"207",1,5904,"Mediterranean","mod1",-0.0257307212649803,0.00184095634942866,-13.9768231185741,3.46254849615087e-29,52.4221264193681,0.428779000635907,122.259080649059,2.91542298233982e-155,1
"208",1,5965,"Mediterranean","mod1",-0.025242772536314,0.00184042560920211,-13.7157255420162,1.98269239434173e-28,52.4088180808018,0.429298233160846,122.080209123912,2.20754306222669e-154,1
"209",1,5994,"Mediterranean","mod1",-0.0245426908533526,0.0018815553069001,-13.0438317509716,1.02166891758567e-26,52.8599450238536,0.446743809991922,118.322725109072,7.29440487815916e-154,1
"210",1,6009,"Mediterranean","mod1",-0.0239018011876116,0.00190049397403581,-12.5766256111061,2.3310851224079e-25,52.8945433758485,0.453613412958,116.607097287809,2.28823794493798e-151,1
"211",1,6036,"Mediterranean","mod1",-0.0233664105284114,0.00188191210635921,-12.4163134130725,5.19292048689231e-25,52.8940554612846,0.447338205908644,118.24175704788,8.10154647550201e-154,1
"212",1,6075,"Mediterranean","mod1",-0.0241289064287285,0.00186939752287192,-12.907317001073,2.15606023654237e-26,52.6456432263768,0.437971775956028,120.203278194032,1.09642681349534e-155,1
"213",1,6125,"Mediterranean","mod1",-0.0246649836090335,0.00182994739417072,-13.4785205780251,9.72633433519016e-28,52.9969116021917,0.434976326838156,121.838611281277,1.8073516379946e-153,1
"214",1,6142,"Mediterranean","mod1",-0.023996428815208,0.00181384361888409,-13.2296018054583,4.0285955376772e-27,53.0420074968536,0.43034481339465,123.254668921062,5.17702400629576e-155,1
"215",1,6145,"Mediterranean","mod1",-0.0242065058355795,0.00182988358635353,-13.2284403314511,2.87511893832704e-27,52.9936843724196,0.432224586240342,122.606825385338,5.15941821507045e-157,1
"216",1,6146,"Mediterranean","mod1",-0.0233237736543434,0.00182869851888012,-12.7543022611658,5.63598050713591e-26,53.066567374717,0.433060321800344,122.538511850048,5.62308031261528e-157,1
"217",1,6151,"Mediterranean","mod1",-0.0245459456390365,0.00184994176887211,-13.2684963667812,2.81640144523375e-27,53.4405230496942,0.442197422363962,120.852181281393,1.70164458406528e-154,1
"218",1,6255,"Mediterranean","mod1",-0.024479063342773,0.00188100274330782,-13.0138371301498,1.37616812823445e-26,53.4234370373389,0.450397822173523,118.613888449835,2.93752823134989e-153,1
"219",1,6272,"Mediterranean","mod1",-0.0241257436974009,0.00187078027459108,-12.8960862080259,2.86765950687866e-26,53.5829920107402,0.451659145892295,118.635906076654,2.85562985949193e-153,1
"220",1,6361,"Mediterranean","mod1",-0.0231976148940148,0.00187178114466894,-12.3933372018862,5.9968088167958e-25,53.6765339638539,0.453267896700703,118.421212608615,6.42082707306872e-154,1
"221",1,6440,"Mediterranean","mod1",-0.0249737408436134,0.00200932844175595,-12.4288992902469,3.26704897048907e-25,55.437045623022,0.508914292289381,108.93198808317,2.80032740395472e-151,1
"222",1,6462,"Mediterranean","mod1",-0.025052541888734,0.00193688215641485,-12.9344688347514,1.81816190641182e-26,55.8529725374514,0.496345309963534,112.528458345975,2.87949570120902e-151,1
"223",1,6493,"Mediterranean","mod1",-0.0257002925768296,0.00191607580555077,-13.4129831932417,5.6974400919751e-28,55.6588545405908,0.483439088808625,115.131059587579,8.38884872328617e-156,1
"224",1,6568,"Mediterranean","mod1",-0.0262456859474263,0.00203839835817949,-12.8756412318084,1.15669989093662e-26,59.5014492155293,0.571009667857212,104.203926071543,8.8599954211922e-152,1
"225",1,6590,"Mediterranean","mod1",-0.0258353725501824,0.00202084693179172,-12.7844282235055,1.71479701465807e-26,59.8903695173561,0.56890487576233,105.273081790876,6.64952961864815e-154,1
"226",1,6591,"Mediterranean","mod1",-0.0257537688576972,0.0019865663931641,-12.9639608050944,7.24965079135585e-27,60.1733419008075,0.56696486553878,106.1324000097,2.34319090605159e-152,1
"227",1,6593,"Mediterranean","mod1",-0.0257246536823204,0.00197660821051695,-13.0145435728978,2.59716083271095e-27,60.2076211433448,0.559697277564105,107.571759872369,2.82022388125957e-158,1
"228",1,6621,"Mediterranean","mod1",-0.0246703836858883,0.00193440094201343,-12.7535006575266,9.13255600156864e-27,60.9958670452157,0.551418850862188,110.61621660167,6.93021526978772e-164,1
"229",1,6647,"Mediterranean","mod1",-0.0245041611433296,0.0019743136949151,-12.4114831429477,8.86871623867477e-26,61.2446037308866,0.567921236203678,107.839960590806,5.55660673961488e-162,1
"230",1,6686,"Mediterranean","mod1",-0.0238242955471847,0.00194161349439151,-12.2703594798877,2.66256031522667e-25,61.7692000833645,0.568716568219742,108.611571273053,4.19673004266352e-161,1
"231",1,6708,"Mediterranean","mod1",-0.0235820295631306,0.00192203556421881,-12.2692992794414,2.47169009857622e-25,61.7430223881302,0.562362937229132,109.79212586866,1.29127700184907e-162,1
"232",1,6731,"Mediterranean","mod1",-0.0210938070008207,0.0018866360679175,-11.1806444070076,3.67812743468122e-22,63.0571119308832,0.572544236473042,110.134916944277,2.01842244383102e-161,1
"233",1,6736,"Mediterranean","mod1",-0.0208231956744494,0.00187557600663023,-11.1022936958239,7.41666779159867e-22,63.0213680324232,0.572038163668903,110.169866339373,2.69573991197184e-159,1
"234",1,6763,"Mediterranean","mod1",-0.0205448793295824,0.00186714028491149,-11.0033935294564,1.16773452105748e-21,63.2965444411347,0.570651077909827,110.919871864566,6.05104794913747e-162,1
"235",1,6808,"Mediterranean","mod1",-0.0200355253104063,0.00186299949809725,-10.7544448245259,5.55971112877255e-21,63.6815412854697,0.575165468844882,110.718644868168,1.58358773171117e-162,1
"236",1,6825,"Mediterranean","mod1",-0.0200009734654544,0.00186585072233968,-10.719492843658,6.59705868991794e-21,63.6157483764482,0.574505004814939,110.731408505206,2.99443990542222e-163,1
"237",1,6840,"Mediterranean","mod1",-0.0183453789454317,0.00186841425877886,-9.8186892222829,2.10982599153453e-18,63.8262213028078,0.578097619328729,110.407341543667,9.60234281228315e-164,1
"238",1,6842,"Mediterranean","mod1",-0.0192486403775787,0.00182773995262679,-10.5313889702498,1.91462540975689e-20,64.1172012835247,0.566271251804264,113.227011046797,4.46425706087738e-167,1
"239",1,6843,"Mediterranean","mod1",-0.0193583956925758,0.00185807726426799,-10.4185095339414,4.42379308062788e-20,64.2054900654344,0.579699882252092,110.756431096727,5.56952528563852e-164,1
"240",1,6844,"Mediterranean","mod1",-0.0211339517168587,0.00195317319695114,-10.8203162678294,2.88585693195819e-21,64.62961210374,0.611287595557446,105.727013885834,6.94389992576692e-162,1
"241",1,6938,"Mediterranean","mod1",-0.0214585230084877,0.00196405052948719,-10.9256471187075,1.62161520851854e-21,64.4423017208012,0.614021537543492,104.951207377211,5.98701109275905e-160,1
"242",1,6997,"Mediterranean","mod1",-0.021027348122004,0.00198190447813175,-10.6096677988363,1.08898983392149e-20,64.7824173297212,0.623065329325737,103.97371556499,2.6507589802341e-161,1
"243",1,7018,"Mediterranean","mod1",-0.0215576154111012,0.00201466515142281,-10.700346603939,5.69376829919601e-21,64.6737852529404,0.629653647675294,102.713270210883,4.71797871192274e-161,1
"244",1,7286,"Mediterranean","mod1",-0.0214833067340384,0.00202341141313124,-10.6173695545153,1.09142732027171e-20,64.533398938713,0.630069326199257,102.422695813483,1.7512615883609e-159,1
"245",1,7331,"Mediterranean","mod1",-0.0214727503851825,0.00204364482345195,-10.5070852521783,2.48885073020258e-20,64.7005988147628,0.639547624161234,101.166193682007,3.34037684321152e-157,1
"246",1,7415,"Mediterranean","mod1",-0.0212646602594386,0.00203739491207218,-10.4371813895475,4.12592302734217e-20,64.8767969807085,0.642454093460293,100.982774708896,2.15856641161896e-156,1
"247",1,7510,"Mediterranean","mod1",-0.0206302880397998,0.00202195834617831,-10.2031221754854,1.70026590887862e-19,64.9544885760943,0.638806321983248,101.681035927189,2.93743912016368e-158,1
"248",1,7573,"Mediterranean","mod1",-0.0202627728041805,0.00201535785208193,-10.0541810891046,4.65795904081681e-19,64.9083321659022,0.637064301624517,101.886625887506,9.85005020964752e-158,1
"249",1,7598,"Mediterranean","mod1",-0.0209183201317062,0.00200799639183409,-10.4175088246048,4.0245960791676e-20,64.7346909155237,0.628707763111442,102.964675662911,6.98742029389467e-160,1
"250",1,7606,"Mediterranean","mod1",-0.0204793988641762,0.00201001344733592,-10.18868748929,1.86670176913758e-19,64.7253531230379,0.630098118181992,102.722657401023,5.03245493378462e-159,1
"251",1,7613,"Mediterranean","mod1",-0.02120696792222,0.00203198690836553,-10.4365672017436,3.73896347139187e-20,64.5323074459219,0.633703027824708,101.833673838422,2.26578761518795e-158,1
"252",1,7628,"Mediterranean","mod1",-0.0205121994545759,0.00202088775320956,-10.150093404247,2.5111552547059e-19,65.0114638237104,0.640607117218311,101.484142271175,1.94663332381841e-157,1
"253",1,7632,"Mediterranean","mod1",-0.0200150910859294,0.00199826754439219,-10.016221872841,7.86499220333948e-19,65.7011818704739,0.647007086894011,101.54630946297,2.1108356036775e-153,1
"254",1,7670,"Mediterranean","mod1",-0.020103379106749,0.00202409870535611,-9.93201519943273,1.16819087381425e-18,65.7092230617849,0.653652237465031,100.526272680739,1.04755098856055e-154,1
"255",1,7674,"Mediterranean","mod1",-0.0202988598293599,0.00201919092620871,-10.052967040355,5.93569810718539e-19,65.9686359847706,0.660774380081486,99.8353416435961,7.50264067039846e-153,1
"256",1,7681,"Mediterranean","mod1",-0.0195767082208245,0.00202351846627798,-9.6745883702428,6.5248328372392e-18,66.0467099127287,0.663661632075741,99.5186503492054,1.27603398145512e-152,1
"257",1,7711,"Mediterranean","mod1",-0.0194105697617072,0.00195069376762413,-9.95059813275999,9.06277117802471e-19,66.7229615675644,0.642354036416161,103.872565259848,3.54835483342028e-159,1
"258",1,7733,"Mediterranean","mod1",-0.0183495547121744,0.00193205212779295,-9.49744287341553,1.4536161005489e-17,67.4268293734008,0.642656282902952,104.918960830549,5.43158086437385e-162,1
"259",1,7740,"Mediterranean","mod1",-0.0190410315851756,0.00193162725951203,-9.85750821821892,1.33134937570868e-18,67.1661365547827,0.635516963167809,105.687401670579,6.34786544882851e-164,1
"260",1,7748,"Mediterranean","mod1",-0.0188408191774745,0.00189295655632744,-9.95311757921585,7.48341863745237e-19,67.6923444390633,0.632629626735497,107.0015402035,3.50576709394923e-164,1
"261",1,7755,"Mediterranean","mod1",-0.0186037190256279,0.0019016652292147,-9.78285701385533,1.98945688823147e-18,67.9626914810313,0.63752410913451,106.604111918679,5.73390304613656e-166,1
"262",1,7757,"Mediterranean","mod1",-0.0187074526730275,0.00191435656969249,-9.77218819586601,2.2186185570407e-18,68.0716319794955,0.643633164686419,105.761535785155,1.15246915590429e-164,1
"263",1,7760,"Mediterranean","mod1",-0.0185655244531784,0.00193492715373946,-9.59494749830683,6.69497255187376e-18,68.2783984280897,0.653380053182657,104.500279883815,2.03584413081081e-164,1
"264",1,7762,"Mediterranean","mod1",-0.0183236051072593,0.00193621652784205,-9.46361362160317,1.87193371167145e-17,68.6353356222562,0.663457543490101,103.450983858291,3.07607418856399e-160,1
"265",1,7768,"Mediterranean","mod1",-0.0187407692518699,0.00194878147135436,-9.61666021939626,5.82117550848416e-18,68.6531210736732,0.660565476101584,103.930834349441,5.41449861180536e-164,1
"266",1,7774,"Mediterranean","mod1",-0.0186763447439798,0.00196737530203683,-9.49302592374933,1.4950990901205e-17,68.8322172709191,0.674466279346308,102.05434931103,6.92024054450982e-160,1
"267",1,7777,"Mediterranean","mod1",-0.0178321520865248,0.00189496482063239,-9.4102813373463,2.53087966464301e-17,69.6813340706139,0.660862164708344,105.440041496953,2.28020895635217e-162,1
"268",1,7785,"Mediterranean","mod1",-0.0178024710058804,0.00190580435291574,-9.34118498503997,4.06764077488835e-17,69.8892181592611,0.672415710545606,103.937515235258,1.3587247020407e-160,1
"269",1,7796,"Mediterranean","mod1",-0.0191940251807133,0.00188464359096319,-10.1844323630994,1.74698110855906e-19,69.6894917178266,0.65604025717561,106.227462347897,6.19101299409916e-163,1
"270",1,7840,"Mediterranean","mod1",-0.0191038132608732,0.00189049281056232,-10.1052028096266,2.44292191324607e-19,69.8668118616549,0.658417491474845,106.113237825979,1.31070342234529e-165,1
"271",1,7873,"Mediterranean","mod1",-0.0186305163690353,0.00190958951925606,-9.75629379045471,2.10134092244504e-18,70.9408181497052,0.673509615006446,105.330074833492,4.44797024264498e-167,1
"272",1,7923,"Mediterranean","mod1",-0.0191672826123066,0.00193042850730962,-9.9290300260948,7.09228849018204e-19,70.8027688793469,0.680400402114991,104.060445377839,1.91433678368821e-165,1
"273",1,7949,"Mediterranean","mod1",-0.0184946134906727,0.00193374469640327,-9.56414439045255,7.58133454358559e-18,70.8795040574148,0.68296819489379,103.78155906431,3.11096570613168e-165,1
"274",1,7950,"Mediterranean","mod1",-0.0186578501143966,0.00187767688470022,-9.93666709454934,7.03175699115046e-19,70.8436367849989,0.664182965945595,106.662833010388,1.06492518619875e-166,1
"275",1,7953,"Mediterranean","mod1",-0.0189484877132866,0.00191052210311544,-9.91796309625927,7.31938218934356e-19,70.8166815503778,0.673425740467979,105.158857606431,5.98046212792828e-167,1
"276",1,7955,"Mediterranean","mod1",-0.0184743961231435,0.00191293418089802,-9.65762246690097,4.14240395399572e-18,71.2231144744004,0.682873523343012,104.299130131341,1.26465742628597e-165,1
"277",1,8020,"Mediterranean","mod1",-0.0189755772238353,0.00194906236975963,-9.73574654061758,2.22592135972498e-18,71.393585277193,0.696654133515374,102.480674186106,3.01791775342838e-166,1
"278",1,8043,"Mediterranean","mod1",-0.0191546656055699,0.00195822629154114,-9.78164050207648,1.58771453124142e-18,71.4368280799774,0.702237618896698,101.72742980106,2.54476009950272e-166,1
"279",1,8147,"Mediterranean","mod1",-0.0192360337477864,0.00195256766620957,-9.8516604984699,1.00329846075586e-18,71.3476755984686,0.698732496920577,102.110143599888,1.27196539627524e-166,1
"280",1,8176,"Mediterranean","mod1",-0.0192340012578296,0.00199567452486114,-9.637844757861,3.52177171804576e-18,71.649875720555,0.714753334865792,100.244199257928,9.29503473927509e-168,1
"281",1,8221,"Mediterranean","mod1",-0.0186866494546269,0.00199464036093516,-9.36843043016831,2.25696314940199e-17,72.1203671195643,0.72684464931798,99.2239086952583,5.64920865070458e-165,1
"282",1,8229,"Mediterranean","mod1",-0.0187346757003904,0.00200318829220611,-9.35242871240922,2.76538668248403e-17,72.153979348537,0.733932575593735,98.3114549591509,2.76150481433945e-162,1
"283",1,8310,"Mediterranean","mod1",-0.0189450653525354,0.00200438451335108,-9.45181187858093,1.22952574615175e-17,72.9540825264577,0.742367379964034,98.2722092799823,1.72668510209693e-165,1
"284",1,8313,"Mediterranean","mod1",-0.0194276181606262,0.00204013366999378,-9.52271826418387,7.48625941203376e-18,72.7440033050069,0.751334617944324,96.8197146353204,6.46596830303242e-165,1
"285",1,8439,"Mediterranean","mod1",-0.0199721585507592,0.0020505089091703,-9.74009840261584,1.93444603094437e-18,72.5975643812993,0.753533962980426,96.3427900371693,3.06385514756971e-163,1
"286",1,8443,"Mediterranean","mod1",-0.0195410338664115,0.0020286229966352,-9.63265914801496,3.64368521476387e-18,72.6582011652164,0.743866333262675,97.6764210399602,1.23195527086378e-165,1
"287",1,8461,"Mediterranean","mod1",-0.0193298104012196,0.00203206513952199,-9.51239703160626,8.57241590870897e-18,72.9121315717286,0.751423460257159,97.0320138085334,8.12301536658624e-164,1
"288",1,8489,"Mediterranean","mod1",-0.0200645489256173,0.00206313530335309,-9.72527051086157,2.29582035075554e-18,72.513376593229,0.757845729201511,95.6835590663436,2.05244157216635e-161,1
"289",1,8576,"Mediterranean","mod1",-0.0205837425721469,0.00205561374778472,-10.01342912516,3.75788889295469e-19,72.6877210376827,0.759442565687751,95.7119396802005,3.66499632442183e-160,1
"290",1,8609,"Mediterranean","mod1",-0.0201183606416001,0.00203306691537766,-9.89557229495466,7.82236293333487e-19,73.1118131883243,0.759466236407118,96.2673647405336,2.91823603059448e-161,1
"291",1,8843,"Mediterranean","mod1",-0.0199754583975363,0.00206508811218332,-9.67293273332398,3.00457314077387e-18,73.3296628416386,0.770883596245138,95.1241707552435,3.27663541169959e-162,1
"292",1,8981,"Mediterranean","mod1",-0.0202175276678279,0.00205118335149677,-9.8565189957665,8.34058233201376e-19,73.3451376507202,0.765295006257116,95.8390386073922,4.38947014239892e-164,1
"293",1,9002,"Mediterranean","mod1",-0.020505010698542,0.00205134645723218,-9.99587886592729,3.73248947904838e-19,73.1768679741748,0.76479543687597,95.681622098959,4.76356987347345e-162,1
"294",1,9022,"Mediterranean","mod1",-0.0214231021385852,0.00210419877211359,-10.1811209199911,8.53866931901163e-20,73.2734268842832,0.778313522580633,94.1438440402943,1.69227428459012e-164,1
"295",1,9055,"Mediterranean","mod1",-0.0211541709201522,0.00213477768736026,-9.90930861110421,5.88198119011777e-19,73.6120824999121,0.801027408196642,91.8970833540334,1.17564304700192e-160,1
"296",1,9087,"Mediterranean","mod1",-0.021104194567983,0.00220689699378642,-9.56283624809059,6.17040993172744e-18,74.6400122575832,0.842302155196174,88.6142957098327,1.72426095657048e-156,1
"297",1,9090,"Mediterranean","mod1",-0.0207255922476364,0.00220320326231679,-9.40702685136839,1.54146107136876e-17,75.0138221175571,0.848046775870357,88.4548167058001,3.81625973609721e-158,1
"298",1,9091,"Mediterranean","mod1",-0.0212016878071578,0.00224522155750004,-9.44302700833006,1.34607851915429e-17,75.6109149495726,0.879479305287327,85.9723639828801,4.71708651553549e-154,1
"299",1,9142,"Mediterranean","mod1",-0.021881737796804,0.00225777760658976,-9.69171531019615,2.65674314716686e-18,75.323656984161,0.877472703708093,85.8415956027491,6.25380305643337e-154,1
"300",1,9149,"Mediterranean","mod1",-0.0218565531156905,0.00223792300593699,-9.76644552011273,1.4574481963892e-18,75.3725512256694,0.866774930528992,86.9574656245186,9.50185810364777e-157,1
"301",1,9176,"Mediterranean","mod1",-0.0215561273754406,0.00217802161680166,-9.89711360491225,5.29090969425936e-19,75.6902023021249,0.846425249358463,89.4233747864839,1.93802707055716e-161,1
"302",1,9198,"Mediterranean","mod1",-0.0208855398426523,0.0021473127821429,-9.72636125316113,1.39098144142083e-18,76.0893609744787,0.836180173772508,90.9963705922303,6.52103458207642e-166,1
"303",1,9212,"Mediterranean","mod1",-0.0208979596667093,0.00215984342635178,-9.67568269613336,1.95199259116793e-18,76.0516749963066,0.841660975222804,90.3590367560694,2.60738104850121e-165,1
"304",1,9213,"Mediterranean","mod1",-0.0193667628311617,0.0020627403609107,-9.38885145128554,1.04101359279255e-17,81.4360722086351,0.879316511795609,92.6129227828765,2.98180697723573e-172,1
"305",1,9214,"Mediterranean","mod1",-0.0191512248080065,0.00205526081101418,-9.31814819091316,1.71559787127545e-17,81.6694092162398,0.883009412767859,92.4898512239421,1.55839388031018e-171,1
"306",1,9215,"Mediterranean","mod1",-0.0181696539754277,0.00202733446400296,-8.96233665339654,1.67347006238878e-16,81.8621209405978,0.874194562368464,93.6429079572492,1.91695260945153e-174,1
"307",1,9216,"Mediterranean","mod1",-0.0182900079119705,0.00201344285955833,-9.0839468451479,7.88928359523957e-17,81.7521965372784,0.868428876197076,94.1380448969847,1.04640640333316e-173,1
"308",1,9217,"Mediterranean","mod1",-0.0177160899534445,0.00201363276103471,-8.79807395681276,5.37956184626516e-16,82.6687476636787,0.88697188393337,93.2033463079748,1.30489214249777e-171,1
"309",1,9244,"Mediterranean","mod1",-0.0196395427847988,0.00197978418372489,-9.92004226836875,2.87767162396124e-19,82.944146524537,0.872295405167911,95.0872216374575,1.33539133042362e-174,1
"310",1,9246,"Mediterranean","mod1",-0.0197038879967715,0.00202671691703286,-9.72207210152376,1.21562014753721e-18,83.0166896706912,0.896157006330489,92.6363227473066,1.80455171443969e-170,1
"311",1,9254,"Mediterranean","mod1",-0.0194744957102705,0.00200828537744184,-9.69707588822717,1.30911987665313e-18,82.9951629112811,0.887527086050217,93.512822555801,4.10533761061039e-173,1
"312",1,9257,"Mediterranean","mod1",-0.0192211190474407,0.00199681015935105,-9.62591208654884,1.93499937052344e-18,83.6736739248379,0.888189743540345,94.2069805842529,1.37442794348405e-175,1
"313",1,9282,"Mediterranean","mod1",-0.019092166161808,0.0019908605842679,-9.58990615047453,2.54333539431083e-18,84.118815449827,0.891103142330628,94.3985173588539,3.63011960259822e-175,1
"314",1,9324,"Mediterranean","mod1",-0.01964295050233,0.00198410096252242,-9.90017689289237,3.0851698863823e-19,83.6297107570918,0.877241660527876,95.3325799720546,4.7221476917831e-176,1
"315",1,9328,"Mediterranean","mod1",-0.019690537214279,0.00198397318846172,-9.92480005717526,2.44197309729806e-19,83.4712870961515,0.874186524541095,95.4845273323903,2.04977015714186e-177,1
"316",1,9329,"Mediterranean","mod1",-0.0200309384268734,0.00200596023344794,-9.98571063018693,1.66110807487098e-19,83.22743914013,0.882498076393142,94.3089184741216,1.09751768212581e-175,1
"317",1,9330,"Mediterranean","mod1",-0.0195995599551807,0.00201552546089515,-9.72429291291418,9.62172193438051e-19,84.5677664098309,0.910490545480879,92.8815426250979,6.6103096250755e-175,1
"318",1,9366,"Mediterranean","mod1",-0.0199492883686869,0.00200775829573761,-9.93610058095064,2.11823124472334e-19,84.3659117464804,0.902088095101088,93.5229188863492,9.9522986395048e-177,1
"319",1,9370,"Mediterranean","mod1",-0.0201126973862915,0.00201099873638782,-10.0013476002566,1.30750305643843e-19,84.1918485121387,0.897981802787884,93.7567423423903,1.48142789712993e-177,1
"320",1,9376,"Mediterranean","mod1",-0.0204450643234128,0.00205432088844915,-9.95222530149478,1.61790807719446e-19,84.1012197276951,0.911190675447177,92.2981566799084,1.79214255650622e-178,1
"321",1,9419,"Mediterranean","mod1",-0.0198751943420064,0.00205676008865126,-9.66335084566902,1.18818496593735e-18,84.1869115819353,0.913995660520775,92.1086556734497,2.79034565087193e-178,1
"322",1,9503,"Mediterranean","mod1",-0.0197594873817274,0.0020772351827272,-9.51239779974513,3.72455277803304e-18,84.4367770547737,0.932112614482631,90.5864546223744,2.14825382111498e-174,1
"323",1,9516,"Mediterranean","mod1",-0.0197151696693645,0.0020795088047121,-9.48068583537158,4.14348323712274e-18,84.3240195476836,0.928722548817315,90.7957060535101,6.14192162911399e-177,1
"324",1,9517,"Mediterranean","mod1",-0.0200060681371717,0.00208418027423538,-9.59901040446764,2.06727692096964e-18,84.1464977739285,0.930514077939795,90.4301178980904,3.09520737676098e-174,1
"325",1,9521,"Mediterranean","mod1",-0.0181364511696884,0.00203694468877582,-8.90375240409115,2.19230702476089e-16,84.9418982246353,0.922325787501092,92.0953304957168,6.5244192423134e-176,1
"326",1,9522,"Mediterranean","mod1",-0.0184229332771715,0.00200940966431465,-9.16833117922477,3.87562069130605e-17,84.819574336264,0.90991038425128,93.2175033984888,1.98328516032418e-176,1
"327",1,9564,"Mediterranean","mod1",-0.0183612438265161,0.0020106921020979,-9.13180282916436,5.19633194334161e-17,84.4962377122366,0.90268304964473,93.6056545489493,1.3053586813624e-175,1
"328",1,9565,"Mediterranean","mod1",-0.0187602972592824,0.00202040756222346,-9.28540241585548,1.59808706710879e-17,84.3682367355288,0.89763639181403,93.9893229652034,1.41125940702576e-179,1
"329",1,9607,"Mediterranean","mod1",-0.0187534660678931,0.00199887520027741,-9.38200947477385,8.31683643346713e-18,84.2959408615871,0.888833172270042,94.8388780836102,2.04402692247095e-180,1
"330",1,9609,"Mediterranean","mod1",-0.0192209562939268,0.00200769885423912,-9.57362517458386,2.1971592062578e-18,83.9448106840756,0.885172186817125,94.8344423088143,5.19181664628962e-181,1
"331",1,9611,"Mediterranean","mod1",-0.0188806836956383,0.00200159411592174,-9.43282334088179,5.5904918905581e-18,83.9843727782722,0.882480346746842,95.1685474785592,6.1060837548491e-182,1
"332",1,9613,"Mediterranean","mod1",-0.0187480299587671,0.00202044079150539,-9.27917810687157,1.84567062816824e-17,84.1486074157037,0.901349433194511,93.358473769123,1.44227135110837e-176,1
"333",1,9665,"Mediterranean","mod1",-0.0185606206944262,0.00201744771579908,-9.20005041472642,3.05778652044448e-17,84.214101802769,0.901992896242693,93.3644845248427,3.59982121886366e-177,1
"334",1,9706,"Mediterranean","mod1",-0.0187057468995759,0.00197286452256807,-9.48151618400368,4.23210988078298e-18,84.1947135263563,0.878302014395244,95.8607769837903,2.04443863263538e-181,1
"335",1,9755,"Mediterranean","mod1",-0.0186704900816037,0.00200533709668304,-9.31039978888633,1.1916388319945e-17,84.3886267466823,0.889922984437038,94.8268875200096,2.15851452770331e-183,1
"336",1,9760,"Mediterranean","mod1",-0.0179894565178058,0.00198632471738919,-9.05665441320745,7.41794088074979e-17,85.0990698028601,0.897016103028982,94.8690547644613,1.90902843215726e-180,1
"337",1,9762,"Mediterranean","mod1",-0.0183192624404932,0.00194185639302968,-9.43389145883828,5.00706126557784e-18,85.5004570948321,0.882205822832716,96.9166773580055,4.47609141653613e-186,1
"338",1,9804,"Mediterranean","mod1",-0.0178279368063746,0.00190971409620305,-9.33539572327639,1.11142550378272e-17,86.0486542653051,0.882112129483369,97.5484310772392,1.17504423831743e-183,1
"339",1,9842,"Mediterranean","mod1",-0.0188979474448334,0.00192330990717432,-9.82574226563299,4.12500064088946e-19,85.4213074466038,0.875684873971684,97.5479992696161,1.96723394242702e-182,1
"340",1,9909,"Mediterranean","mod1",-0.017794173308272,0.00188210563794486,-9.45439668716052,4.7018083818948e-18,85.7502363473545,0.863691595958794,99.2833978570351,1.51820425822958e-186,1
"341",1,9910,"Mediterranean","mod1",-0.0176383801976977,0.00188487270338644,-9.35786282331315,8.84621101776599e-18,85.6375804100593,0.861620621402154,99.3912846128235,2.89927102807567e-187,1
"342",1,9966,"Mediterranean","mod1",-0.017653615831891,0.00188551548613219,-9.36275303052766,8.55675522444398e-18,85.5767758310754,0.860466955160373,99.4538782899869,2.52577083390602e-187,1
"343",1,9967,"Mediterranean","mod1",-0.0180768920995729,0.0018908835034061,-9.56002422518919,1.89854862320986e-18,85.871299542243,0.85943979149965,99.9154337413268,1.86687756561942e-191,1
"344",1,10023,"Mediterranean","mod1",-0.0172298216233112,0.00189170886006685,-9.10807259352917,4.37634866835717e-17,86.6049434183556,0.875962378689492,98.8683367291678,3.29183785428641e-189,1
"345",1,10067,"Mediterranean","mod1",-0.0171126454068681,0.00191911317239097,-8.91695479613011,1.72192606569146e-16,86.8611815639196,0.898467156140316,96.6770804812305,1.24377527558808e-184,1
"346",1,10078,"Mediterranean","mod1",-0.0169693581371408,0.00190533289152349,-8.90624321483909,1.77232285187788e-16,86.8380268760811,0.892264982247416,97.3231367405628,1.77703277608082e-186,1
"347",1,10216,"Mediterranean","mod1",-0.01698220381697,0.00192257656763378,-8.8330442089341,2.88584716090412e-16,86.9954562700861,0.901514884222228,96.4991901882358,1.1605420280808e-185,1
"348",1,10226,"Mediterranean","mod1",-0.0171306925851829,0.0019337956783214,-8.8585845843098,2.3851795648688e-16,87.0818428853223,0.907939159607451,95.9115398469786,1.12549495244853e-185,1
"349",1,10243,"Mediterranean","mod1",-0.0175466564061514,0.00196220817463412,-8.94230114469034,1.45426565152037e-16,87.1312771425452,0.922203973765717,94.4815676587842,1.88888329451358e-182,1
"350",1,10275,"Mediterranean","mod1",-0.0166666641987125,0.00193199380541909,-8.62666544373168,1.21992289272555e-15,87.8100191754364,0.925189741613542,94.9102818869291,1.10028523933109e-181,1
"351",1,10279,"Mediterranean","mod1",-0.0173986491071677,0.00196667722156752,-8.84672325299027,2.3342906442191e-16,87.2854506879269,0.920077771268994,94.8674703525775,1.40407654729126e-187,1
"352",1,10302,"Mediterranean","mod1",-0.0179948943272739,0.00199320789748153,-9.02810707804786,6.60527498621151e-17,87.1526899262816,0.924763083275847,94.2432624122009,4.21476556791057e-188,1
"353",1,10336,"Mediterranean","mod1",-0.0175680568746703,0.00202374224929319,-8.68097549517785,7.45639459209666e-16,87.5571540313112,0.954267878526221,91.7532235985299,1.42439844748081e-182,1
"354",1,10347,"Mediterranean","mod1",-0.0176892276466425,0.00198203829501203,-8.92476582877283,1.35489067275242e-16,89.2722103838674,0.951896666801659,93.7835098045034,4.92074616243893e-187,1
"355",1,10510,"Mediterranean","mod1",-0.0176041654876738,0.00197802854897233,-8.89985409807149,1.6021009326651e-16,89.1360700964013,0.947069288998141,94.1177917306283,2.19385917715829e-187,1
"356",1,10574,"Mediterranean","mod1",-0.0173653342201338,0.00199696766007441,-8.69585149891049,6.88797468370449e-16,90.1941976254318,0.983114586813127,91.7433215163719,5.52771112761328e-182,1
"357",1,10622,"Mediterranean","mod1",-0.0172545474675164,0.00201730863035546,-8.55325120206126,1.64012054616145e-15,90.4098440460461,0.993383939998158,91.0119847983588,1.65496179554637e-183,1
"358",1,10707,"Mediterranean","mod1",-0.016920249219901,0.00200456452180742,-8.44086036434731,3.31751854419857e-15,90.4408418733112,0.987937128439501,91.5451391286076,3.15543779622661e-185,1
"359",1,10753,"Mediterranean","mod1",-0.0172454722038243,0.00199903409067351,-8.62690250470619,9.90396623814591e-16,90.1841106612336,0.979767211351562,92.0464673816009,3.42239122256968e-185,1
"360",1,10762,"Mediterranean","mod1",-0.0166056347444704,0.0019445435496284,-8.53960547586795,1.82631692869242e-15,90.8675064417831,0.96768632121425,93.9018196803307,5.46426052890218e-186,1
"361",1,10928,"Mediterranean","mod1",-0.0168432479110041,0.00197837911854059,-8.5136603763939,1.98700306408537e-15,91.3712855555271,0.98143085630965,93.1000742111359,4.73741414673773e-188,1
"362",1,10944,"Mediterranean","mod1",-0.016504109791461,0.00195061250853813,-8.46098839170775,2.76543599294481e-15,91.6690547844052,0.9743417593801,94.0830605913138,1.11034052310093e-189,1
"363",1,11032,"Mediterranean","mod1",-0.0166825618756323,0.00191146619822333,-8.72762588799028,4.97889571143138e-16,91.783904902981,0.958629009205784,95.7449691398586,1.14459006229304e-189,1
"364",1,11077,"Mediterranean","mod1",-0.0166230742538188,0.00192866100349925,-8.61897151633125,1.00712890625817e-15,92.4223448142114,0.979202192628921,94.3853532089014,7.7764023593381e-189,1
"365",1,11079,"Mediterranean","mod1",-0.0166623371684742,0.00194562419235966,-8.56400595444187,1.52789158308328e-15,92.2011049661144,0.987395189734475,93.3781184319002,5.02602195580842e-186,1
"366",1,11124,"Mediterranean","mod1",-0.0168988335721588,0.00196457729205353,-8.60176570324441,1.08998543134761e-15,92.0950909293014,0.987570174326298,93.2542246854781,8.5580158157306e-189,1
"367",1,11174,"Mediterranean","mod1",-0.0171290475403729,0.00198075999618761,-8.64771480307625,8.95029797984047e-16,92.007784747182,1.00067456527548,91.9457613293612,6.23165024927705e-184,1
"368",1,11175,"Mediterranean","mod1",-0.0172082523585543,0.00198671211142414,-8.66167385782879,8.4713644938379e-16,92.2419318997989,1.00662251962532,91.6350768052881,1.89842338686678e-182,1
"369",1,11281,"Mediterranean","mod1",-0.0168469046918989,0.00197504831041531,-8.52986967612775,1.98185679294009e-15,92.4714724579492,1.00476423173368,92.0330058907384,1.90516426720525e-183,1
"370",1,11343,"Mediterranean","mod1",-0.0168791886998833,0.00194727613705594,-8.66810226792113,7.67640071228391e-16,92.5851238576521,0.986982097877877,93.8062848928269,1.78700271853676e-186,1
"371",1,11428,"Mediterranean","mod1",-0.0163555387935009,0.00193361048647277,-8.45854886903108,3.16248404342342e-15,92.7808214040078,0.986758441978388,94.0258704227431,1.56760420989107e-185,1
"372",1,11453,"Mediterranean","mod1",-0.0160100678070105,0.00192169259375681,-8.33123250775069,7.36840479874899e-15,93.2433866912862,0.988507422212291,94.3274522740623,2.9677430243575e-185,1
"373",1,11458,"Mediterranean","mod1",-0.0162702900075116,0.00192159163091212,-8.46709037746416,2.84049735257238e-15,93.1598862030891,0.98159863849068,94.9062911765374,3.29880511688457e-188,1
"374",1,11601,"Mediterranean","mod1",-0.0159914187675045,0.00191731824075029,-8.34051355045088,6.09654597494939e-15,93.1427943202057,0.976747498937189,95.3601564596332,4.93475705875752e-191,1
"375",1,11636,"Mediterranean","mod1",-0.015719110585268,0.00192494932989735,-8.16598667877987,1.95284818514924e-14,93.144369450727,0.983632813734501,94.694247843452,3.67978433312523e-189,1
"376",1,11744,"Mediterranean","mod1",-0.0154630962206991,0.00191120736247374,-8.09074751610667,3.12450340403024e-14,93.1381687619179,0.976180325343639,95.4108235372712,1.68838130138312e-190,1
