"","area","region","model","a","a.std.err","a.tval","a.pval","b","b.std.err","b.tval","b.pval","fraction"
"10524",1,"Pannonian","mod1",-0.0704045590233804,0.00476278796203081,-14.7822157074069,5.74874728734171e-25,28.5147293431146,0.472883457499561,60.2996972951651,2.59820040099606e-70,1
"10606",1,"Pannonian","mod1",-0.0813022664858066,0.00463350115144626,-17.5466162257086,2.46523816143939e-27,26.8239392215877,0.429179284459693,62.5005450935433,3.78600193588135e-63,1
"10713",1,"Pannonian","mod1",-0.061786281329517,0.00394596170703022,-15.6581046439039,8.63619747874137e-26,26.4484710906232,0.353056181064268,74.9129246537924,1.99477429364214e-74,1
"10802",1,"Pannonian","mod1",-0.0500099426795761,0.00690645800142117,-7.24104058394119,4.23521772390678e-10,23.8473024064575,0.54728495788292,43.5738312609702,5.63853171118897e-53,1
"10902",1,"Pannonian","mod1",-0.0473107773831032,0.00528432137894196,-8.95304694594027,2.28058679982605e-13,24.5322223020191,0.431766471541027,56.8182661670337,3.57046221977863e-62,1
"10607",2,"Pannonian","mod1",-0.0562826660483709,0.00404469171086544,-13.9151930658092,1.3533427578379e-22,27.3431248857227,0.385103293088721,71.0020541928302,3.09499454708496e-71,1
"10714",2,"Pannonian","mod1",-0.0848562110890295,0.00324312359816917,-26.1649636593971,1.97088461841498e-42,27.7175580872686,0.304658224828559,90.9791885739048,1.73689430133196e-86,1
"10803",2,"Pannonian","mod1",-0.0418654589522497,0.00548323521854101,-7.63517472507578,6.81141215188408e-11,27.5527233764254,0.530119580961622,51.9745437933938,2.0431757363307e-59,1
"10903",2,"Pannonian","mod1",-0.0417826655351036,0.00324900546001639,-12.8601401411289,4.15197087543214e-20,25.5216537637493,0.285015094646437,89.5449197012145,6.06898844669041e-74,1
"10525",3,"Pannonian","mod1",-0.0629769256511588,0.00380615863297786,-16.5460590910492,3.12535981080507e-27,25.6423670367895,0.326543965636504,78.5265377261129,5.3047735779341e-76,1
"10608",3,"Pannonian","mod1",-0.0480381029334537,0.00458297361650113,-10.4818632951521,2.80945791922381e-16,25.096171902513,0.384500066368334,65.2696165687315,3.67896775784063e-67,1
"10715",3,"Pannonian","mod1",-0.0718771510531815,0.00292028766990436,-24.6130378845641,3.62510113824421e-40,29.1501913036311,0.301235118289827,96.7689008808889,6.24355011377148e-88,1
"10804",3,"Pannonian","mod1",-0.105424895687046,0.0103181154590413,-10.2174564827792,1.14154885917533e-14,19.0891964701579,0.589558404071889,32.3788047771264,2.88047737541545e-39,1
"10904",3,"Pannonian","mod1",-0.0764103581915536,0.00474449217213194,-16.1050657097446,3.27439741882794e-26,25.9338669113284,0.418331462634419,61.9935845800632,7.8278431319479e-67,1
"10526",4,"Pannonian","mod1",-0.0890454122227661,0.00495294575671015,-17.9782732532714,3.48834930618529e-30,28.5501635079848,0.495662984743052,57.5999507463422,4.22573319398337e-68,1
"10609",4,"Pannonian","mod1",-0.0818882297798119,0.00458137361671755,-17.8741653989973,3.99012773652125e-29,26.6518595155437,0.416003036745617,64.0665023121962,1.47828339818684e-68,1
"10716",4,"Pannonian","mod1",-0.0684678241456778,0.00458016243147066,-14.9487764178908,9.04162304629372e-24,23.8223087775792,0.354267894103243,67.2437699664559,1.00261548338804e-66,1
"10905",4,"Pannonian","mod1",-0.0796952977566251,0.00420397859949041,-18.9571130943163,3.95552725046469e-31,25.9675269618886,0.366007057147518,70.9481592083685,2.62923527956554e-73,1
"10527",5,"Pannonian","mod1",-0.0515721870140014,0.00352688632786498,-14.622582703203,1.46717233597988e-24,28.1370170909164,0.348897626933864,80.6454814215459,7.080599626831e-80,1
"10610",5,"Pannonian","mod1",-0.0935592566224638,0.004648479408856,-20.1268519000472,9.71375263642573e-32,25.0654487920442,0.379096664137755,66.118885137264,1.43604494670597e-67,1
"10717",5,"Pannonian","mod1",-0.0529767216030185,0.00355397178655748,-14.9063427580931,6.24637630847503e-25,29.3808062205263,0.37539890024669,78.2655628485299,4.29037100903378e-78,1
"10805",5,"Pannonian","mod1",-0.0440150103299101,0.00373514218605726,-11.7840253830796,7.95517751361931e-19,29.6936219297849,0.40288745403471,73.7020267879244,1.88896858919713e-72,1
"10906",5,"Pannonian","mod1",-0.0712682504738747,0.00522050101179386,-13.6516112750231,5.03601526803512e-22,24.721603996256,0.428084195159355,57.7493966742998,6.37098860072055e-64,1
"10611",6,"Pannonian","mod1",-0.076732659174615,0.00608360201071633,-12.6130307405793,3.95037433400802e-19,21.5111086898598,0.410050527892036,52.4596536930288,6.31341552026907e-55,1
"10718",6,"Pannonian","mod1",-0.0645624669556415,0.00356155921709008,-18.12758486391,1.07955125124261e-29,27.1083149293505,0.332551376556706,81.5161711553705,2.97842181198063e-77,1
"10806",6,"Pannonian","mod1",-0.0701782100361025,0.00432162892699668,-16.2388329080518,1.39606439483879e-26,25.0162051643447,0.35124967532893,71.2205787547507,4.87337992005732e-72,1
"10528",7,"Pannonian","mod1",-0.0526578693206857,0.00432610417568681,-12.1721223489321,3.75133837998899e-20,27.0044295805694,0.40247747015136,67.0955061668764,4.3841255507364e-74,1
"10612",7,"Pannonian","mod1",-0.0365960886805374,0.00673418250757463,-5.43437731890605,7.55154289974863e-07,23.9624229020397,0.53927779005928,44.4342847855938,4.94055278243085e-53,1
"10719",7,"Pannonian","mod1",-0.0747266235852333,0.00485435875579076,-15.3937167285158,9.02880928677876e-26,27.247018086286,0.456815830130111,59.6455207748065,1.06411244332469e-68,1
"10807",7,"Pannonian","mod1",-0.0644192109116269,0.00294688586598593,-21.8600970112816,1.01677608409148e-35,29.9497462499412,0.319543638279972,93.7266234156736,2.28879705349783e-84,1
"10907",7,"Pannonian","mod1",-0.0714899045199082,0.00382438968707875,-18.6931537759991,9.80985379351689e-31,27.8863045497315,0.371366117200455,75.0911385237633,3.16801524805541e-75,1
"10613",8,"Pannonian","mod1",-0.0828001718504269,0.00643727514666543,-12.862611891511,2.30254253424747e-21,25.3555180824995,0.543327066714286,46.6671359404831,7.95918000275857e-61,1
"10908",8,"Pannonian","mod1",-0.0399145034376415,0.00406177378383526,-9.82686519778384,3.09530303648226e-15,28.0270825648451,0.406438171881157,68.9578009740686,5.63732474585547e-71,1
"10529",9,"Pannonian","mod1",-0.0535211858902617,0.00425307831918768,-12.5841054110859,3.3353427187723e-21,30.8726049750233,0.484106112085751,63.7723924657963,3.40492040255591e-74,1
"10614",9,"Pannonian","mod1",-0.0797267778355002,0.00407778974794229,-19.5514685071077,3.29116688938993e-32,24.3174232913294,0.314360341005551,77.3552516629314,5.82848407805173e-77,1
"10720",9,"Pannonian","mod1",-0.0917875690513949,0.00449273773125104,-20.4302086037495,6.48425480462816e-34,26.3844962797434,0.392456266384772,67.2291374598041,1.71402417643531e-73,1
"10909",9,"Pannonian","mod1",-0.0381166483826681,0.00466235506885822,-8.17540659596366,3.66408200628987e-12,27.0768640540493,0.441215336571451,61.3688188276846,4.74375484526215e-69,1
"10530",10,"Pannonian","mod1",-0.0714656057554676,0.00367738505453211,-19.4338108997837,8.86434993656457e-34,32.6700346321471,0.444274138729711,73.5357559311439,1.75179558362687e-81,1
"10615",10,"Pannonian","mod1",-0.0607001020761219,0.00378386201407276,-16.0418381670286,1.4346502462115e-26,29.3538597241432,0.399732653994283,73.4337298462562,1.8024333724056e-74,1
"10721",10,"Pannonian","mod1",-0.0576005486575835,0.00522679536619682,-11.0202417776106,2.41087325190195e-17,26.6718229201597,0.487260709063568,54.7383001010248,3.22478494801243e-62,1
"10808",10,"Pannonian","mod1",-0.0511060321773948,0.00490644958562402,-10.4160923872807,2.33900266271304e-16,26.3631564482455,0.444138853311505,59.3579153268882,4.70353049422666e-66,1
"10910",10,"Pannonian","mod1",-0.0700160226712686,0.00471284404487053,-14.8564268209711,1.88395480663596e-24,28.0818483947185,0.463177140821665,60.628744209833,2.21849967406581e-67,1
"10722",11,"Pannonian","mod1",-0.0443638955840873,0.00459788523110084,-9.64876097472002,2.35247776525009e-15,30.5806630921037,0.512792083667733,59.6355990392368,9.59928028392976e-72,1
"10809",11,"Pannonian","mod1",-0.0379179883662435,0.00417416844401221,-9.083962201055,8.26238331089151e-14,29.2965891086709,0.446934353333675,65.5500945276374,2.61704183935237e-69,1
"10911",11,"Pannonian","mod1",-0.0685997675993754,0.00488695341730483,-14.0373279099534,2.76944637332836e-23,24.6780065210257,0.395128257237598,62.4556863980152,1.19812916509266e-69,1
"10531",12,"Pannonian","mod1",-0.0560533103084978,0.00410019598455551,-13.6708856161115,1.75401821451565e-23,30.39813037723,0.450506054548205,67.4755201852171,1.44238228413096e-77,1
"10616",12,"Pannonian","mod1",-0.0663921508273492,0.00502438204170107,-13.2139933381482,3.23632854849617e-22,29.1540697496435,0.504867735071228,57.7459554739229,2.19740271065479e-69,1
"10532",13,"Pannonian","mod1",-0.0452609927011089,0.00275722642552323,-16.415406541202,3.22033859061594e-29,32.4074717327432,0.329919131594114,98.2285312650881,9.57661383075775e-96,1
"10723",13,"Pannonian","mod1",-0.0598497953708872,0.00352231426827117,-16.9916114271833,1.11421136946072e-29,28.9546405708544,0.35322702854381,81.9717581925168,1.27719393532251e-85,1
"10810",13,"Pannonian","mod1",-0.0416817735668408,0.00508931173005018,-8.19006100976836,6.77301393499848e-12,25.4603222458219,0.44529196346911,57.1766937976371,9.54922903055317e-62,1
"10617",14,"Pannonian","mod1",-0.0759176422963159,0.00441431914401783,-17.1980411518722,6.24225731983521e-29,28.2608958844668,0.436035325574058,64.8133172404329,3.26193672146729e-72,1
"10533",16,"Pannonian","mod1",-0.0479166477873251,0.00316530003176893,-15.1381061215062,1.79517100804398e-26,32.5577927750661,0.387246395737184,84.0751344194882,2.5111418531843e-87,1
"10618",16,"Pannonian","mod1",-0.0592437675594665,0.00333840156102873,-17.746147812491,3.72199177654618e-30,29.7199155384221,0.356451274100837,83.3772178634844,1.49183625531358e-82,1
"10724",16,"Pannonian","mod1",-0.0581466319651021,0.00417441206039965,-13.9292985751712,4.30343902781947e-23,29.2967898388809,0.444090779532471,65.9702727215456,1.63006174049983e-71,1
"10912",16,"Pannonian","mod1",-0.0598648502425295,0.00477951998597499,-12.525285053352,5.30149462925976e-21,29.9868599720205,0.513419359568834,58.4061730691326,2.17875525104841e-70,1
"10534",17,"Pannonian","mod1",-0.056270551076151,0.00551189662391559,-10.2089271471454,2.88964626765292e-16,28.4613091550945,0.557688896543626,51.0343837424207,6.60586701537753e-64,1
"10619",17,"Pannonian","mod1",-0.0548971225486291,0.00463013705794366,-11.8564789468695,2.19868497123193e-19,27.5577766311715,0.442277908704035,62.3087341439264,3.33212354427961e-70,1
"10725",17,"Pannonian","mod1",-0.0665601191795004,0.00297843057863013,-22.3473797432316,2.19114910752661e-36,29.9341693434047,0.325750270377109,91.8929992252994,1.1174639504015e-83,1
"10811",17,"Pannonian","mod1",-0.059031959181585,0.00340556107083608,-17.3339893056425,8.39992099409292e-30,30.9940593091183,0.383336388494287,80.853423362338,6.50881645348431e-83,1
"10913",17,"Pannonian","mod1",-0.0574630844914281,0.00524922948722415,-10.9469560496992,1.42323503056752e-17,26.382291455739,0.476968870895698,55.3123968157414,1.5991863845416e-65,1
"10914",18,"Pannonian","mod1",-0.0664927711600094,0.00424122822274056,-15.6777159039661,4.46335394718734e-27,29.8031888244206,0.452411409512458,65.8762979840365,5.00962829512956e-76,1
"10535",19,"Pannonian","mod1",-0.0383263496152942,0.00496416971941921,-7.7205961483078,2.05932504382963e-11,30.1422546016322,0.547374825545142,55.0669362106905,2.85845245954853e-68,1
"10620",19,"Pannonian","mod1",-0.0687869798787069,0.0039092252132339,-17.5960647255222,1.59662534735661e-28,27.2479487865645,0.36921612930607,73.7994540969165,1.71086324782214e-72,1
"10726",20,"Pannonian","mod1",-0.0706737442514925,0.00387411391947841,-18.2425570647669,1.76704759014822e-31,30.524225964526,0.425774471310745,71.6910665652576,3.63924899180825e-79,1
"10915",20,"Pannonian","mod1",-0.0762154007968915,0.00464421955199581,-16.410809166879,1.62666567546858e-28,28.9001540212328,0.470572447393635,61.4148877209075,4.80622494889809e-74,1
"10536",21,"Pannonian","mod1",-0.047646866476766,0.00501588965749901,-9.49918553442089,6.55470195629384e-15,28.1016640320337,0.497744109022459,56.4580544955596,5.39174986603716e-68,1
"10727",21,"Pannonian","mod1",-0.0549149387056529,0.00455063428073469,-12.0675350550884,4.07072293929724e-20,28.0315369995385,0.447189012801557,62.6838678882695,6.13097961643244e-73,1
"10916",21,"Pannonian","mod1",-0.0650362308213684,0.00433188043688646,-15.0133947067369,7.06288662904817e-26,30.5162144906265,0.473058680962786,64.5083067253281,2.99884924011449e-75,1
"10537",22,"Pannonian","mod1",-0.0660821926492285,0.0035799749558116,-18.4588421608797,5.2277207037788e-32,29.6970744544585,0.36920397123338,80.4354144817323,3.55670867348607e-84,1
"10728",22,"Pannonian","mod1",-0.0570665843770335,0.00345986488461743,-16.4938765761495,6.34157978706379e-28,30.7802998621399,0.392382008535234,78.4447278228761,1.24568451149948e-79,1
"10812",23,"Pannonian","mod1",-0.0403009816902487,0.00360821378862641,-11.1692333246114,3.25191491263499e-18,28.4963013411897,0.363366803389644,78.422962899648,1.27432189483725e-79,1
"10813",25,"Pannonian","mod1",-0.0785415340628556,0.00354647088230017,-22.146391911701,7.16966637395556e-36,26.9322156861311,0.326372589777143,82.5198455070055,3.52809664470369e-79,1
"10729",26,"Pannonian","mod1",-0.0514810517459104,0.00445929534853463,-11.5446606968582,4.28775228570004e-19,30.3839766780822,0.496003839015965,61.2575433657162,4.15926259383879e-72,1
"10917",26,"Pannonian","mod1",-0.0444414953104497,0.00477053076749103,-9.31583873503092,1.01279440764984e-14,30.2640658638886,0.530429655928292,57.0557575837727,1.02165542316212e-70,1
"10730",29,"Pannonian","mod1",-0.0520971297328578,0.00312766894267355,-16.656855532902,8.44179587471626e-29,31.8144889490393,0.370093477474301,85.9633873208382,6.25332598640631e-86,1
"10538",30,"Pannonian","mod1",-0.0656973310413805,0.00493023100043687,-13.3254062609965,2.0023729311243e-22,27.4597385058409,0.468241129343463,58.6444393390712,6.19643784360385e-70,1
"10731",30,"Pannonian","mod1",-0.0661533425289259,0.00451695299281453,-14.6455680708126,4.37782764932944e-25,29.1269093250364,0.472404172488099,61.6567571188635,5.82791211373992e-73,1
"10814",30,"Pannonian","mod1",-0.0739029032531537,0.00267660078477618,-27.6107306227714,8.08361171705749e-45,28.7513584965576,0.265981046219108,108.095516222885,1.66029469469573e-94,1
"10732",31,"Pannonian","mod1",-0.0596136669431321,0.00392197188051605,-15.199922069632,1.82546357123216e-26,30.107197090104,0.422327955336165,71.2886672778724,2.64986038381013e-80,1
"10815",31,"Pannonian","mod1",-0.0721152331378918,0.00556624664930515,-12.955809844843,1.23505310631612e-21,26.6667306134587,0.502441839990708,53.0742635086915,7.94756241770738e-66,1
"10539",35,"Pannonian","mod1",-0.0567889466064344,0.0031674544654797,-17.9288912359578,1.29200807448654e-31,32.2263978477568,0.377569252781947,85.3522833501702,1.18675968659916e-88,1
"10621",35,"Pannonian","mod1",-0.0480996488356427,0.00332536413549704,-14.4644757313031,1.22928279874076e-24,30.6502104563473,0.367326538539503,83.4413178481826,2.49725157692749e-83,1
"10622",36,"Pannonian","mod1",-0.0652029267054506,0.0050847315927445,-12.8232779874733,1.07887885422182e-20,25.2703267570927,0.42735899219587,59.1313795159613,2.64564752570147e-65,1
"10733",36,"Pannonian","mod1",-0.0532119212492556,0.00468797067866616,-11.3507367892488,2.0243158356323e-18,28.2686849572882,0.474780831254533,59.5404934158625,1.22354367212925e-68,1
"10540",37,"Pannonian","mod1",-0.0498786698616614,0.00259293245946949,-19.236393790167,2.35065008372894e-34,33.059777127039,0.31933366346435,103.527378756076,1.14724852042806e-98,1
"10623",37,"Pannonian","mod1",-0.0711237116680135,0.00381007301585222,-18.6672831129733,1.89528243356057e-31,26.0019032737821,0.330298368554097,78.7224695889574,9.3256051586289e-80,1
"10734",37,"Pannonian","mod1",-0.0574693176492302,0.0030989725038308,-18.5446361909276,7.78749222352008e-33,31.8121526103446,0.360108987550696,88.3403461455294,9.43682158409166e-91,1
"10816",37,"Pannonian","mod1",-0.0449082981933586,0.00542196784889611,-8.2826566746429,5.50876470561893e-12,25.8460387969765,0.485235154183243,53.264975907364,2.18783637115324e-58,1
"10624",38,"Pannonian","mod1",-0.0662150796249219,0.00554186685894131,-11.948154170844,3.2586051777749e-19,25.6313833913465,0.478807351380316,53.5317248522935,1.11269585112674e-62,1
"10918",38,"Pannonian","mod1",-0.0623984577172105,0.00312006564648841,-19.9990848870245,2.93830922676331e-35,30.6749734552954,0.338069818651806,90.7356166179655,8.27765450026742e-92,1
"10919",40,"Pannonian","mod1",-0.0666667197894169,0.00565454112528019,-11.7899433945868,4.30026835009473e-19,24.4891485935216,0.454375728346915,53.8962516387411,4.57367868524628e-64,1
"10541",43,"Pannonian","mod1",-0.0661946349889651,0.0033422969200973,-19.8051329883157,9.38193472282216e-35,34.3909625576199,0.430298587497256,79.923484661309,4.34233480058165e-86,1
"10735",43,"Pannonian","mod1",-0.069330726271824,0.00384849134402318,-18.0150401999726,4.38389815442716e-32,31.2336204496311,0.437383019145226,71.4102264662005,4.89926984930666e-83,1
"10817",45,"Pannonian","mod1",-0.04627546254081,0.00407291228748238,-11.3617626097749,2.29526354491233e-18,28.4888549881749,0.413400656090647,68.9134247090506,5.26830943609229e-73,1
"10542",46,"Pannonian","mod1",-0.0501761785597981,0.00329666139071252,-15.2203009690824,1.26259514852469e-26,34.6521583095935,0.434894061991959,79.6795388533822,2.95941093409902e-85,1
"10736",47,"Pannonian","mod1",-0.0742075441368076,0.0030903416777137,-24.0127312367957,1.32141502766704e-42,31.2008162856844,0.341662400537978,91.3206025496393,7.07246496164602e-96,1
"10625",48,"Pannonian","mod1",-0.0740765724947638,0.00394178897103641,-18.7926276721219,1.85993793604478e-31,30.7713855075156,0.440199712511135,69.9032385368429,7.38755044106042e-75,1
"10920",48,"Pannonian","mod1",-0.0372915444940328,0.00417412022249911,-8.93398908182519,8.85170432722655e-14,29.4668932225066,0.440721882509546,66.8605176913774,5.83552067581192e-74,1
"10818",49,"Pannonian","mod1",-0.079646088070622,0.00462029643738293,-17.238306924682,2.517561951214e-28,26.340098319578,0.415293047425756,63.4253293736804,7.05495493031498e-69,1
"10921",49,"Pannonian","mod1",-0.0533200740132781,0.00439906082835517,-12.1207857980938,8.50723493895518e-20,28.6068814088474,0.450779801145963,63.4608767653819,3.42467141477698e-70,1
"10737",50,"Pannonian","mod1",-0.048220948538602,0.00357501063734203,-13.4883370793139,3.92326931157961e-23,31.5232337314909,0.417306635803297,75.5397375141425,8.26165128415198e-82,1
"10819",50,"Pannonian","mod1",-0.0400242688581441,0.00495302973554694,-8.08076490453866,5.61786330598487e-12,28.4591174113258,0.501218021565469,56.7799164970936,2.07225461545687e-66,1
"10922",50,"Pannonian","mod1",-0.0572588455638427,0.00337946605085401,-16.9431634175976,1.35380497100174e-29,30.0073609574186,0.364215797972973,82.3889604032094,8.17629050521464e-86,1
"10626",53,"Pannonian","mod1",-0.0519748048830584,0.00253142975228629,-20.5317982203997,2.81946401711209e-34,29.0158920646103,0.260977941290439,111.181396868783,4.39514966370268e-92,1
"10820",53,"Pannonian","mod1",-0.0661650867438314,0.00644667967358098,-10.2634363880342,6.12770008568794e-16,23.5214693505747,0.494571144435026,47.559324103804,9.13535563369246e-58,1
"10821",54,"Pannonian","mod1",-0.0681278975659458,0.0031715795060456,-21.4807471911335,7.96788855506825e-38,31.2390693124647,0.356137220320951,87.7163843877707,3.19450294850927e-91,1
"10923",55,"Pannonian","mod1",-0.0650201129250987,0.00346619097514606,-18.7583758054066,2.27808622735388e-33,30.5818724920924,0.380362759716305,80.4018577289271,9.4584594867449e-88,1
"10543",56,"Pannonian","mod1",-0.0691128138570521,0.00390451225306943,-17.700754762063,3.20475754773548e-31,31.9570427314163,0.46073548934682,69.360931533018,1.41205466059382e-80,1
"10627",56,"Pannonian","mod1",-0.0612729393622591,0.00352841904716361,-17.3655505605307,7.43463658463351e-30,29.7136545923281,0.372663776558363,79.7331440869854,2.12734747653343e-82,1
"10628",57,"Pannonian","mod1",-0.0750766552353518,0.0036154914403305,-20.7652698047845,1.81318995830798e-35,29.5085086586815,0.376228693965562,78.4323714059475,1.64663817657293e-82,1
"10822",57,"Pannonian","mod1",-0.0595438152163863,0.00378256131370691,-15.7416655747567,8.77242702973418e-27,28.1623749116365,0.371337705847922,75.8403320431191,3.84798515384434e-79,1
"10924",57,"Pannonian","mod1",-0.0737938835976427,0.00365313090060688,-20.2001750294203,5.32107712326999e-35,28.9411966266115,0.368216622316319,78.598289356284,5.11344978231978e-84,1
"10629",59,"Pannonian","mod1",-0.0600128422333257,0.00309364403849996,-19.398754829733,3.70028323118542e-33,31.4168245998038,0.35813697251491,87.7229300822769,6.36718079862526e-86,1
"10925",59,"Pannonian","mod1",-0.0732181652277077,0.00281976354954749,-25.9660655729299,1.14995117876893e-44,31.5752345011691,0.322320876815585,97.9621140681955,1.97184236957801e-96,1
"10630",63,"Pannonian","mod1",-0.0684718082313275,0.00369264629290457,-18.5427476124362,1.71493370815733e-32,30.1659835486065,0.394159507985824,76.5324264350652,1.05598862541377e-83,1
"10738",64,"Pannonian","mod1",-0.0719997209461025,0.00491177689353795,-14.6585894487241,1.8505538669927e-25,29.5194416279525,0.513177336021587,57.522886448576,3.47331366551797e-72,1
"10739",65,"Pannonian","mod1",-0.0522385891165225,0.00356956020725174,-14.6344608532999,2.05356897761503e-25,30.7993994515841,0.402641076444183,76.4934360984247,5.53082004205068e-83,1
"10740",67,"Pannonian","mod1",-0.053406761401307,0.00347787219762031,-15.3561598490738,5.32297256332632e-27,32.1265923861724,0.413729098677278,77.6512758925669,5.77132382193363e-85,1
"10631",71,"Pannonian","mod1",-0.0733223268273991,0.00338117217930964,-21.6854756099318,3.04188492916463e-35,27.5738281313324,0.324923343078205,84.8625644132184,3.85277756078569e-80,1
"10741",71,"Pannonian","mod1",-0.0630740850523955,0.00369357696306577,-17.0766944030434,3.97692765858272e-30,31.9040905286306,0.429001202397928,74.3683009518406,2.7688155467838e-83,1
"10632",72,"Pannonian","mod1",-0.0251780486863643,0.00440813103889013,-5.71172872680836,1.837874414804e-07,29.1321085700249,0.466703352820666,62.4210398188828,1.25141007720539e-69,1
"10742",73,"Pannonian","mod1",-0.0380355866322636,0.00373778633330391,-10.1759659971369,1.38787435912646e-16,32.7178863569502,0.463505948916283,70.5878456003585,6.28810864953218e-80,1
"10926",74,"Pannonian","mod1",-0.0504544552847215,0.00427026929341952,-11.815286535318,8.87823934893519e-20,30.0855405432456,0.465060317764839,64.6916956661491,2.35428405994833e-75,1
"10633",76,"Pannonian","mod1",-0.0603261216544235,0.00222424242102446,-27.1220983307377,4.47518367148754e-47,33.082907000359,0.271591069683456,121.811468392233,6.58035075424325e-108,1
"10634",77,"Pannonian","mod1",-0.0709548731545358,0.00406333936842081,-17.462206998012,2.92494726493e-31,30.5364688592159,0.441855625604213,69.1096075046209,2.1924742595563e-82,1
"10743",77,"Pannonian","mod1",-0.0617935014792267,0.00417969537548876,-14.7842117494031,8.41227695523723e-27,30.738788660627,0.454725738603911,67.598523793706,1.1667327524927e-84,1
"10823",77,"Pannonian","mod1",-0.0761178478430234,0.00456406211781745,-16.6776537825526,6.39150757686228e-28,27.0312349967787,0.424915949322459,63.6154868742415,6.41267505460199e-71,1
"10635",78,"Pannonian","mod1",-0.0532017000112784,0.00413179579778891,-12.8761687689766,7.38942275227085e-22,29.2519410954139,0.432096745137279,67.6976659153506,4.88463282036683e-77,1
"10824",78,"Pannonian","mod1",-0.0452926477045204,0.00411602721425817,-11.0039718755075,4.3185964041788e-18,30.2622567862583,0.446954624076463,67.7076713296989,2.18204965589958e-76,1
"10636",80,"Pannonian","mod1",-0.0532657566437012,0.00308732904020644,-17.2530222564614,8.00015927633858e-30,31.2827428709751,0.35693694360442,87.6422108484366,1.184615330916e-86,1
"10637",81,"Pannonian","mod1",-0.0683171265529312,0.00366853114002031,-18.6224742125408,9.62232747998803e-32,29.1366158890535,0.380136084086181,76.6478561462951,3.10218278505497e-80,1
"10638",82,"Pannonian","mod1",-0.0655177008173691,0.00401302018020072,-16.3262824195646,1.20457597688378e-28,30.8807736333934,0.447734772298311,68.9711309998916,1.05233002478368e-79,1
"10825",82,"Pannonian","mod1",-0.0259457669596115,0.00451493475991291,-5.74665379220497,1.50210943922269e-07,28.4468282101414,0.459223307548194,61.9455235450042,1.23949854504889e-70,1
"10927",82,"Pannonian","mod1",-0.05502788326628,0.00461289103348273,-11.9291530770745,2.23112100104795e-20,30.8496246317655,0.517692663961559,59.5906157829121,2.69892770903552e-75,1
"10639",88,"Pannonian","mod1",-0.0350773423746146,0.00645819155496939,-5.43144966761223,5.46003835973291e-07,26.7132000914749,0.594352240776749,44.9450649947309,4.9321180524419e-60,1
"10744",89,"Pannonian","mod1",-0.0445869060794776,0.00229229363628892,-19.450782994652,1.36352453010634e-35,35.4939525202131,0.31326352693048,113.303814421045,1.42314436869405e-106,1
"10826",90,"Pannonian","mod1",-0.0776299880827748,0.00303414215964523,-25.5854814963093,8.43090570197031e-43,29.6111822918103,0.314386067987626,94.1873235075283,6.27697595263264e-91,1
"10827",91,"Pannonian","mod1",-0.0568655193112909,0.00465061760993374,-12.2275198867836,6.6134037779039e-20,29.2397828382824,0.493904378466686,59.2013031531661,3.28239159069897e-67,1
"10745",94,"Pannonian","mod1",-0.062975775262673,0.00567395789635333,-11.0990910424534,1.53371890738764e-18,27.2554944954815,0.527520892976162,51.6671374695925,1.08205069321181e-68,1
"10640",95,"Pannonian","mod1",-0.0298998638207589,0.00484798190498156,-6.16748667936141,1.93780981790572e-08,30.459043325059,0.536409718927021,56.783168257999,2.83513552258503e-72,1
"10928",95,"Pannonian","mod1",-0.0554698031600251,0.00330272842951775,-16.7951450880037,1.25894215639516e-29,32.2223749734426,0.390295540015631,82.5589115677626,2.35956381554804e-87,1
"10641",97,"Pannonian","mod1",-0.0773035029379173,0.00441078733632795,-17.5260099940057,9.23538403653681e-31,29.1078328270446,0.44974748707468,64.7203901379693,2.8832055238907e-77,1
"10828",97,"Pannonian","mod1",-0.0509626073554343,0.00413196370418687,-12.3337500045788,2.25877476886459e-20,27.1038423060413,0.388107158640048,69.8359762314484,7.98406514854792e-75,1
"10642",98,"Pannonian","mod1",-0.0654390882499663,0.00332297181408762,-19.6929411114893,1.42819207542935e-34,32.3267831567893,0.385747904286061,83.8028743581108,6.15717426021159e-88,1
"10746",100,"Pannonian","mod1",-0.0682744581152486,0.00526212875879083,-12.9746840575101,3.13180035484931e-22,30.6463766699428,0.592142269473323,51.7550903724555,3.21585244493612e-68,1
"10829",100,"Pannonian","mod1",-0.0522268971926036,0.00326412193773047,-16.0002898754808,1.6386307138934e-27,31.5317764970659,0.383227897900119,82.2794391270648,1.47486136727097e-83,1
"10544",101,"Pannonian","mod1",-0.0693068209992614,0.00370309884413358,-18.7158982021387,2.69252245762447e-33,32.5090584296194,0.441299443320903,73.666665393864,2.85263566248173e-84,1
"10830",102,"Pannonian","mod1",-0.0402311123947743,0.00428706361448437,-9.38430497248713,8.11910530494831e-15,31.4607726910702,0.500546684203593,62.8528240899781,1.1569693507712e-73,1
"10643",104,"Pannonian","mod1",-0.0458895622642641,0.00362725114494648,-12.6513330427086,1.35532344790407e-21,30.5674537332924,0.405100986345926,75.4563794302641,1.83010408848973e-82,1
"10831",105,"Pannonian","mod1",-0.0607475433429584,0.00318065801663355,-19.0990490097563,3.09587057358422e-33,31.6968800302735,0.371807972289728,85.2506734459527,4.06564146482637e-87,1
"10747",107,"Pannonian","mod1",-0.051706505310633,0.00342373785748739,-15.102355221956,1.17731306341296e-27,35.570088361424,0.465293284006725,76.446597412977,3.35435780875634e-91,1
"10545",110,"Pannonian","mod1",-0.0505137865607216,0.00346010795418729,-14.5989047826071,1.10376878899461e-25,31.5498545196965,0.401410879457138,78.5974076297185,3.83147853645009e-86,1
"10929",110,"Pannonian","mod1",-0.054060626885313,0.00239913497495316,-22.5333828441097,9.24081662665097e-41,33.6309704678752,0.299548206499586,112.272314566242,3.49507146134077e-106,1
"10644",111,"Pannonian","mod1",-0.0651933952648845,0.00354947685551093,-18.3670433471527,1.56665358279141e-32,31.4958539828346,0.407390535275569,77.3112069516541,1.70957756207639e-85,1
"10748",111,"Pannonian","mod1",-0.0565525082667275,0.00277970893931037,-20.3447589303209,1.39093631960098e-36,34.5133198885848,0.365736652471605,94.3665876945826,1.7984331765194e-96,1
"10749",113,"Pannonian","mod1",-0.0457055018088847,0.00240419411730593,-19.0107368951143,1.19809908419808e-34,35.9079389484491,0.335472101361167,107.037034682627,2.5206731074282e-103,1
"10645",114,"Pannonian","mod1",-0.0622641101365356,0.00369694993233081,-16.8420214707317,2.80893971355127e-30,31.5748441254814,0.424204593487004,74.4330556770567,4.88580786080168e-86,1
"10750",114,"Pannonian","mod1",-0.0551982732720243,0.00344214399144127,-16.036015172309,2.18328073144331e-28,31.167144417656,0.391805665359378,79.5474572555462,1.28881548370378e-86,1
"10832",114,"Pannonian","mod1",-0.0572459625012659,0.00316084143201036,-18.1109883974332,1.34370573603203e-31,31.7432990042086,0.365931827159806,86.746482946251,8.80492099710765e-88,1
"10833",116,"Pannonian","mod1",-0.0509829127962224,0.00417451603991038,-12.2128918199861,1.45527020984069e-20,31.1355759537727,0.478709827324832,65.0406032559791,1.48831726047093e-75,1
"10751",119,"Pannonian","mod1",-0.0651565944342365,0.00318353337236431,-20.4667540161034,8.7151813949238e-37,32.3424667776164,0.378202782084435,85.5162053524924,2.05563415146736e-92,1
"10834",119,"Pannonian","mod1",-0.0707856041844952,0.00389390478864844,-18.1785657396787,1.52373272954215e-31,31.5613861736656,0.453131789005807,69.6516707488406,9.29024408380545e-79,1
"10835",121,"Pannonian","mod1",-0.0517346979426096,0.00397592177436298,-13.0120009594249,7.75704737708521e-22,29.7222344032286,0.426256919474927,69.7284502497721,4.00855799354178e-76,1
"10930",121,"Pannonian","mod1",-0.0609750382342683,0.00402038822039161,-15.1664553002618,2.79345745994209e-26,31.2663631910023,0.46829489898291,66.7663971119689,3.59087809878856e-77,1
"10646",122,"Pannonian","mod1",-0.0547220219379283,0.00387527169044578,-14.1208220504492,1.49980369338956e-24,31.945639238994,0.455890774939833,70.073010894353,2.59326023778882e-80,1
"10836",122,"Pannonian","mod1",-0.071811135658514,0.00353783466454582,-20.2980473842276,5.91048323515567e-35,29.6203834478593,0.370498806914558,79.9473112869973,6.03344892808935e-84,1
"10647",132,"Pannonian","mod1",-0.0578760321635792,0.00294335935464464,-19.6632572479641,4.48436477447698e-35,32.5756543500443,0.354660017134382,91.850371556547,7.90327610449766e-94,1
"10837",132,"Pannonian","mod1",-0.048557122981143,0.00448636155216144,-10.8232745882349,1.14989256246478e-17,29.4289046433611,0.468180731498666,62.858000475923,4.86700330952944e-73,1
"10648",133,"Pannonian","mod1",-0.0441234400521444,0.00425380356079893,-10.3727027873984,4.26067611356966e-17,29.2596265259129,0.441142749296275,66.3268898164797,7.64931421610972e-79,1
"10838",133,"Pannonian","mod1",-0.0635429341381271,0.00392058390048588,-16.2075180001255,1.97042295408433e-28,30.4726833834921,0.428610787007713,71.0963986609691,7.19580187776294e-81,1
"10546",135,"Pannonian","mod1",-0.046513437348296,0.00374605424517737,-12.4166481059843,2.26430573596375e-21,30.8538338010668,0.421469371437718,73.205399708686,2.39169980670452e-83,1
"10752",135,"Pannonian","mod1",-0.0485858177840337,0.00275753589883466,-17.6192874966981,2.76906000853457e-32,34.0948896378114,0.350802914891862,97.1910100813199,4.89857728756486e-100,1
"10649",140,"Pannonian","mod1",-0.0530288051141126,0.00408832747065,-12.9707821828865,2.59378134433358e-22,29.0685014840867,0.419747316950817,69.252381874052,7.34511605847065e-80,1
"10931",142,"Pannonian","mod1",-0.0491841789307604,0.00353848095095502,-13.8998003981019,1.98926240733889e-24,32.1949226478084,0.414918016644108,77.5934554691157,2.46012975642839e-86,1
"10753",144,"Pannonian","mod1",-0.0636893405531418,0.00329039037863239,-19.3561654467314,9.20664337706341e-36,33.908556002173,0.410292289931271,82.6448774064294,1.44314483765704e-94,1
"10547",145,"Pannonian","mod1",-0.0622883666713827,0.00323980037312219,-19.225989103568,2.44819059937831e-34,31.9885626042519,0.381708783172293,83.8035801492498,3.94443308808878e-90,1
"10839",145,"Pannonian","mod1",-0.063196367965739,0.00309545133553333,-20.4158816003,1.05888335275626e-36,30.5831429727467,0.334224208969194,91.5048705390625,3.34832111552642e-95,1
"10932",145,"Pannonian","mod1",-0.0676541672438711,0.00319742235414542,-21.158971118144,1.0068807175995e-37,31.8685675211986,0.367592731215582,86.6953147191279,3.07457733650357e-92,1
"10840",147,"Pannonian","mod1",-0.0518365370723468,0.00469487951652689,-11.0410793056291,2.33124870712061e-18,31.6973758313631,0.548832973190814,57.7541390180703,2.45283413035582e-72,1
"10650",151,"Pannonian","mod1",-0.0504685873236722,0.00281141754880754,-17.9512955466464,3.94366431280072e-32,33.9317192372777,0.360794841530895,94.0471296465919,8.77427954662781e-95,1
"10651",156,"Pannonian","mod1",-0.0595073069687589,0.00524550429005508,-11.3444396721929,6.57866531456253e-19,27.1428630667396,0.485647550697606,55.8900441848216,1.5677557090522e-70,1
"10548",157,"Pannonian","mod1",-0.0509375238410652,0.00395295574274151,-12.8859332499732,8.73454261169178e-22,31.7293927480671,0.468981764415089,67.6559200284468,2.32756932869097e-76,1
"10841",157,"Pannonian","mod1",-0.0708315336340462,0.00553642811087341,-12.7937240790565,2.00566025978218e-21,28.5354001026998,0.562038730470215,50.7712343575084,8.09523481352854e-65,1
"10933",157,"Pannonian","mod1",-0.0546642865665449,0.00412792209003234,-13.242567416314,3.28062641221649e-23,33.4772405651231,0.525946233175448,63.6514503830576,4.26535827963942e-79,1
"10934",161,"Pannonian","mod1",-0.0651128095704832,0.00361978961273579,-17.9880093973947,4.09114565919659e-33,32.2456341595746,0.423888124341944,76.0710959044528,2.57332254800502e-90,1
"10652",162,"Pannonian","mod1",-0.045336584917277,0.00382199121918766,-11.8620327251597,1.37608092116545e-20,32.7784289497216,0.465239697315065,70.4549270814345,4.12048233205499e-85,1
"10549",165,"Pannonian","mod1",-0.0545881896817816,0.00268362539853779,-20.3412107038205,1.68689991238586e-37,35.6468845123747,0.365188615009901,97.6122558240438,8.87118296681561e-102,1
"10935",166,"Pannonian","mod1",-0.0434053577015971,0.00286961979842611,-15.1258217989029,2.90576971388888e-27,34.4592316835779,0.376413718598649,91.5461631203725,5.58247811641566e-96,1
"10550",170,"Pannonian","mod1",-0.0509401588582479,0.0020807018830376,-24.4821996238503,1.6789583999199e-44,35.0853447440659,0.27719664724917,126.572038631217,5.72150615738905e-114,1
"10842",171,"Pannonian","mod1",-0.0533979728993711,0.00455970966214619,-11.7108274113746,8.66023950009646e-20,29.2265089860021,0.470415548869077,62.1291304172776,1.05295114097432e-75,1
"10551",181,"Pannonian","mod1",-0.0359386510612903,0.00295683749946678,-12.1544221039442,6.50179334410269e-21,35.4156023567917,0.409055653652227,86.5789337968704,1.05989327785393e-90,1
"10843",182,"Pannonian","mod1",-0.0566570649836657,0.00362378164387478,-15.6347899933298,1.20949446464762e-27,29.576467456155,0.375137836133891,78.8416006259598,2.892124208389e-86,1
"10936",183,"Pannonian","mod1",-0.0488602100234941,0.00426195237574105,-11.4642787426733,2.35186544763013e-19,31.8059072078543,0.500436036401351,63.556388617757,3.42477039379935e-77,1
"10552",188,"Pannonian","mod1",-0.0593009406744151,0.00449981267883882,-13.1785353984375,8.19097938460887e-23,30.9963960128022,0.502870521059012,61.6389203875499,5.22540268703796e-76,1
"10653",192,"Pannonian","mod1",-0.0421953677877304,0.00419299308736292,-10.0633048775828,2.36992980638731e-16,31.483066807466,0.490870385034317,64.1372300454937,2.70361016950586e-76,1
"10654",193,"Pannonian","mod1",-0.0612977751525758,0.00314644995567569,-19.4815668502861,6.00639827474893e-35,33.6367268883483,0.400599576220341,83.9659572426686,6.17636010473538e-91,1
"10844",196,"Pannonian","mod1",-0.0586396783188538,0.00351764154323059,-16.6701688043516,5.7051236182656e-29,31.3892007904195,0.40839612980279,76.8596920974179,1.83993831766917e-82,1
"10553",197,"Pannonian","mod1",-0.0484977672451534,0.00344379923389509,-14.0826348899266,5.46892990050257e-25,35.1637529341112,0.462015139005757,76.1095253497161,6.09518382901155e-87,1
"10845",197,"Pannonian","mod1",-0.051320654514221,0.00327758742874416,-15.6580581387832,1.46461644183106e-27,33.958511530472,0.427583541878602,79.4195945458383,7.65918034539919e-86,1
"10754",198,"Pannonian","mod1",-0.0648020908840615,0.00275270002502459,-23.5412832110112,3.0247025801577e-43,34.7338095541155,0.357849337329012,97.0626627769347,4.44964152056169e-103,1
"10755",200,"Pannonian","mod1",-0.0473181927978066,0.00307320920832567,-15.3969969469102,5.04491445671829e-28,33.8943942068813,0.393062659836855,86.231529143342,5.94995220296681e-95,1
"10846",201,"Pannonian","mod1",-0.0655803302269332,0.00319081056838377,-20.5528748327267,2.38600223935676e-36,35.419741289997,0.434288013277674,81.5581830653715,2.55308485959272e-88,1
"10756",202,"Pannonian","mod1",-0.0449608226432301,0.00285227611829706,-15.7631382020875,3.2774106717078e-29,37.4069091168112,0.417862643201252,89.519629776513,1.67912810389711e-99,1
"10655",203,"Pannonian","mod1",-0.0484470526603259,0.00361503792772831,-13.4015337124748,2.39734637621886e-23,31.0250075384206,0.410187167624299,75.6362216743875,1.24347739473155e-84,1
"10656",206,"Pannonian","mod1",-0.0634613360171858,0.00287226984829402,-22.0944895044867,3.28402217829569e-39,34.8338258568866,0.381233284629755,91.3714181350046,2.21726117292625e-94,1
"10847",218,"Pannonian","mod1",-0.05294695900124,0.00362797436921719,-14.5940829820869,2.03286431870441e-26,32.3449574206156,0.432762652362635,74.740639572363,6.77533920052547e-89,1
"10554",220,"Pannonian","mod1",-0.0440941181779006,0.00319430093818234,-13.8039962518346,3.85513259466428e-24,34.1454784942655,0.406668578886438,83.9638965660061,9.55713050325404e-89,1
"10555",221,"Pannonian","mod1",-0.0604826239468199,0.00347019052929964,-17.4291939984709,3.2620052602532e-32,32.0256211551165,0.400083603164421,80.0473223641587,3.46121673549634e-93,1
"10757",223,"Pannonian","mod1",-0.0583664949611686,0.00277688998147923,-21.0186558885841,1.15351270386597e-38,34.7142961835396,0.36465556270706,95.1974952084487,1.0840331391489e-100,1
"10937",225,"Pannonian","mod1",-0.0603377685125547,0.00418874549662674,-14.40473491673,7.82326691554831e-26,31.7805941944248,0.486451124458308,65.3315258132342,5.3753044353306e-82,1
"10758",237,"Pannonian","mod1",-0.0596824526939363,0.00353535842632537,-16.8815846929472,1.72392234385194e-30,33.4497783455724,0.447083135199115,74.8178039206848,6.35851160507258e-87,1
"10657",241,"Pannonian","mod1",-0.0617838583405658,0.00301618451658094,-20.4841109689809,3.4213531007024e-37,34.6460226134805,0.393509642452329,88.0436433464971,4.26791587682965e-95,1
"10759",241,"Pannonian","mod1",-0.0581644776547781,0.00295571415060875,-19.678654528483,7.60269170081397e-37,35.9035355190108,0.404209710756956,88.8240301099518,6.88638470889215e-100,1
"10848",256,"Pannonian","mod1",-0.062115165469329,0.00360943189524336,-17.2091252230542,2.32091358713266e-30,31.1926969038517,0.402979159089358,77.405235978804,7.67090129818384e-85,1
"10849",257,"Pannonian","mod1",-0.0499463900863194,0.00315067989704645,-15.8525752276963,1.98389597454354e-28,34.5552655166382,0.418072498195645,82.6537637988026,2.70336719087625e-90,1
"10938",261,"Pannonian","mod1",-0.0626555206782428,0.00307047024249434,-20.4058387575655,1.98306634670587e-37,34.8281347171303,0.407826183054422,85.3994573283263,2.90081600321758e-95,1
"10939",266,"Pannonian","mod1",-0.0530234024614354,0.00374141528000686,-14.172017403355,2.29471042525648e-25,34.1337556303994,0.474517901454078,71.9335467129951,5.70511887243766e-86,1
"10760",267,"Pannonian","mod1",-0.0435679249888034,0.0028410161532889,-15.3353316693983,1.4686242141843e-28,36.6645635633337,0.399500389819978,91.7760395173966,4.32848235486835e-102,1
"10556",269,"Pannonian","mod1",-0.0581087163502601,0.00346464693945975,-16.7719012544814,2.01289295052503e-30,32.6189383235714,0.419068484832468,77.8367725184858,3.08855251617397e-89,1
"10761",272,"Pannonian","mod1",-0.0436604068485419,0.00325012130201555,-13.4334699512495,2.22911458459813e-24,36.1007134102075,0.456705356911297,79.0459600788505,5.14954484138718e-94,1
"10557",276,"Pannonian","mod1",-0.0356332672404618,0.00333777874260269,-10.6757427583939,5.29690314950727e-18,36.1848623110991,0.472305604761599,76.6132392804522,6.77306462471893e-88,1
"10940",278,"Pannonian","mod1",-0.0507898748083342,0.0026882320378343,-18.8934117641317,1.32438822538018e-34,32.7190274053118,0.323518235901683,101.135032818537,9.9239005828364e-102,1
"10762",280,"Pannonian","mod1",-0.0520751089893235,0.00306569624969428,-16.986388979181,1.67747345314436e-31,35.396934624138,0.408998661174945,86.5453557291656,2.75176148506424e-97,1
"10763",281,"Pannonian","mod1",-0.042417915851432,0.00262985296890905,-16.1293868337546,6.04673773343024e-30,36.0365779901766,0.366751698968865,98.2587895066191,1.27715825416249e-103,1
"10658",282,"Pannonian","mod1",-0.0584433639773715,0.00334549733381696,-17.4692603657502,1.43441057670851e-31,32.7661069834647,0.405860037083372,80.7325284325392,4.79001855197365e-90,1
"10659",283,"Pannonian","mod1",-0.0539697015197792,0.00328010113129315,-16.4536699813588,4.39728576977649e-30,33.8250321795958,0.419611498764892,80.6103557198939,4.28981803630857e-92,1
"10850",283,"Pannonian","mod1",-0.0552003916097621,0.0028610832525721,-19.2935286172247,1.25564854185869e-34,32.4788156403515,0.343741554567308,94.486148703304,9.50008984569934e-96,1
"10941",283,"Pannonian","mod1",-0.0563019026854646,0.00277502036875006,-20.288825018904,1.1220740334793e-36,34.3981092986089,0.362476673878795,94.8974424492512,1.77334387390993e-97,1
"10558",286,"Pannonian","mod1",-0.0581050064259914,0.00293680457149158,-19.785111678875,3.30958003558954e-37,35.0984675268059,0.386888837971612,90.719772921909,1.43778943877567e-101,1
"10660",286,"Pannonian","mod1",-0.074997416753938,0.00368723360914309,-20.3397518855246,1.41793587048982e-36,30.8522718298592,0.407003706778339,75.803417305636,1.84798292667539e-87,1
"10851",286,"Pannonian","mod1",-0.0398324084055856,0.00426351078268635,-9.34263109345018,4.59426481380422e-15,32.7483471399723,0.526004911005713,62.2586338164752,3.25434129025608e-78,1
"10559",287,"Pannonian","mod1",-0.0414091825694037,0.00342181724229059,-12.1015178886889,5.05495882034349e-21,34.6278420226755,0.453859382555835,76.2964110770927,1.00183157075177e-87,1
"10852",287,"Pannonian","mod1",-0.061540544853019,0.00316455473336331,-19.4468258691211,2.05812414074735e-35,34.1172777916698,0.402436040667985,84.7768945719677,1.65490996046819e-93,1
"10853",288,"Pannonian","mod1",-0.0666236771965178,0.00369285064215978,-18.0412596263445,3.26148021105157e-33,33.5339969439567,0.459165611036602,73.0324661471296,1.41208525405225e-88,1
"10854",298,"Pannonian","mod1",-0.0605288432926961,0.00320967774444366,-18.8582306736179,1.19455028795376e-35,36.4371513416414,0.440297796524311,82.7556976875073,3.91412975130076e-98,1
"10942",298,"Pannonian","mod1",-0.0569081463768051,0.00438447633726164,-12.9794625399547,4.31542013426599e-23,32.9026538068105,0.533279078609098,61.6987523542597,8.0008880381246e-81,1
"10560",300,"Pannonian","mod1",-0.0469004897349666,0.00329826652672396,-14.2197391735807,7.50637451278067e-26,35.7225782814475,0.447071149630467,79.9035641440395,4.13867553210616e-93,1
"10661",306,"Pannonian","mod1",-0.0709567248994676,0.00301190876509614,-23.5587231996394,1.09712187127538e-41,33.3006167458065,0.369681698075999,90.0791597720929,1.48619292102291e-94,1
"10855",310,"Pannonian","mod1",-0.0664260796719646,0.00352833405223056,-18.8264712718942,5.43448719406561e-34,32.9265688401438,0.431197965847664,76.3606775728073,9.2523965134947e-88,1
"10662",314,"Pannonian","mod1",-0.0562857887182021,0.00399220444892303,-14.0989244008749,1.02245246777645e-24,31.4292852596651,0.461998162736438,68.0290265084775,1.80374406549623e-80,1
"10561",315,"Pannonian","mod1",-0.0616308861458276,0.00541247772937743,-11.3868156558524,2.16664836811284e-19,31.0965788199533,0.613166194446693,50.714763960551,4.40078573191696e-70,1
"10943",315,"Pannonian","mod1",-0.0536257909754617,0.00284570047609678,-18.8444959073894,5.05442412087791e-34,33.1225370834875,0.350983735180572,94.3705755095655,1.79122885753056e-96,1
"10856",321,"Pannonian","mod1",-0.0368998227310809,0.0033211296705333,-11.110623911639,8.22760544108608e-19,32.9417575706926,0.407477803160769,80.8430724696323,1.10752751508536e-88,1
"10764",324,"Pannonian","mod1",-0.0551720436621103,0.00410486928153057,-13.4406335203781,2.15211565785098e-24,34.9836620587875,0.546336727265353,64.0331508260402,8.83606480225154e-85,1
"10857",324,"Pannonian","mod1",-0.0579176321260096,0.00361778365018231,-16.0091475130335,1.05122277862023e-29,34.8643917005564,0.475662041290512,73.296560738726,1.07465857517683e-90,1
"10765",326,"Pannonian","mod1",-0.0504807011869308,0.00268932761986587,-18.7707517723142,1.74733903671694e-35,37.2670348046696,0.390198008805954,95.5080086613218,1.20721114406931e-104,1
"10562",334,"Pannonian","mod1",-0.0538573951579768,0.00317698344095886,-16.9523688614889,2.64992573664685e-31,34.5233293598649,0.415731905826194,83.0422896969041,8.95181586854023e-95,1
"10563",335,"Pannonian","mod1",-0.0620277093304322,0.0029415999606693,-21.0863850148812,2.39900516555489e-39,35.0599713704286,0.382341729169772,91.6979986635484,2.61637686401551e-101,1
"10663",336,"Pannonian","mod1",-0.0570479556824342,0.0032430540625079,-17.5908124202895,1.61426098544827e-32,34.0765718271376,0.413013892188239,82.5070838334091,1.70391089594549e-94,1
"10564",337,"Pannonian","mod1",-0.0591856322941849,0.0030010375736626,-19.7217231845425,1.0317905175227e-35,33.6278658821273,0.380350540531515,88.4128252720098,1.57303377205371e-94,1
"10565",338,"Pannonian","mod1",-0.0523767501836916,0.00284850426749186,-18.3874571582826,5.28517856236766e-34,34.7946159552236,0.37159452765865,93.6359751432785,5.65528442162982e-100,1
"10664",341,"Pannonian","mod1",-0.0519965501236364,0.00279380854468093,-18.6113505245846,2.05112258268156e-34,34.8882337781075,0.367344352682491,94.9741938955643,1.37064833854786e-100,1
"10766",341,"Pannonian","mod1",-0.0516241049056068,0.00264004134948922,-19.5542789190006,5.99530033433709e-37,37.3601051296422,0.386196118344785,96.7386862658424,3.15504075651022e-105,1
"10858",341,"Pannonian","mod1",-0.0586448580070407,0.0033827838867081,-17.3362709446124,2.50826092121464e-31,32.1557920631308,0.394191851789413,81.5739643454356,1.79554185842026e-90,1
"10859",346,"Pannonian","mod1",-0.0480203851752014,0.00344052435333485,-13.9572868096852,2.6280562534613e-25,34.039392867351,0.442106825439622,76.9935927442489,1.6523239779369e-91,1
"10860",347,"Pannonian","mod1",-0.053993017635172,0.00311381790097384,-17.3398122023404,9.64814028537634e-31,32.7701871590212,0.385249995644133,85.0621350539666,2.93522060062085e-89,1
"10861",348,"Pannonian","mod1",-0.057564987835377,0.00364648012816693,-15.7864531855586,2.26101066168446e-29,35.4171512126636,0.492147974659028,71.9644355687972,1.55980230304557e-90,1
"10665",350,"Pannonian","mod1",-0.0616562866710898,0.00250250155069287,-24.6378615246089,1.90861959121975e-45,35.5314525466614,0.335741884626702,105.829669080959,1.61509003859871e-108,1
"10862",350,"Pannonian","mod1",-0.0576050543575974,0.00370914149675567,-15.5305626404341,1.25087690915267e-28,34.6188070261017,0.486993533635712,71.0867899367176,1.03359917595664e-88,1
"10944",353,"Pannonian","mod1",-0.0501133534095007,0.00324216207735997,-15.4567699620702,8.58258674626812e-28,33.7518453011264,0.414074482387875,81.5115317091917,1.93048864284809e-90,1
"10666",364,"Pannonian","mod1",-0.0463712525217104,0.00367478597592015,-12.6187627866135,8.82990352949917e-22,32.2071413891634,0.442787545262895,72.7372342192714,4.27308730931854e-83,1
"10566",365,"Pannonian","mod1",-0.0567852193006454,0.00322340145978705,-17.6165519588729,2.8016233333139e-32,34.6002324881442,0.425258999463595,81.3627284355831,1.73335602299837e-92,1
"10945",365,"Pannonian","mod1",-0.0531481586587243,0.00368584094094149,-14.4195475361854,1.85903099669862e-26,33.8588710505416,0.466344393914908,72.6048634707501,2.80179141449487e-90,1
"10946",366,"Pannonian","mod1",-0.0381739062802334,0.00277755253257385,-13.7437207154671,1.36703653953264e-24,35.2393225738552,0.373712064976503,94.2953837363289,5.55015727146869e-98,1
"10567",377,"Pannonian","mod1",-0.0587369786448729,0.00306043960091723,-19.1923338814689,5.88096546694444e-36,35.6127549450906,0.418291548835657,85.1385954227887,5.32450149195526e-98,1
"10767",377,"Pannonian","mod1",-0.051646971756035,0.00263985293622793,-19.5643367277243,3.94842819267212e-37,37.6898417270103,0.389884851328091,96.6691616733117,5.89323081344375e-106,1
"10863",377,"Pannonian","mod1",-0.0490363940083845,0.00319923025509468,-15.3275600999007,4.13963226746575e-28,35.2234666268423,0.429797540452012,81.9536253972004,3.32946056216866e-94,1
"10568",378,"Pannonian","mod1",-0.0581765507833613,0.00348822292715504,-16.6779910568415,3.70758616423202e-31,35.1634562083125,0.464644150135694,75.6782501147242,9.17367376549852e-93,1
"10667",382,"Pannonian","mod1",-0.0530726995071343,0.00322733809649131,-16.4447287270069,4.57463650615488e-30,36.0067925053371,0.448614235701528,80.2622601777914,6.54226650521519e-92,1
"10569",398,"Pannonian","mod1",-0.0557807444340358,0.00312027446333375,-17.8768711180743,2.40149509702635e-33,35.8891084868264,0.429198412210718,83.6189218454202,1.71498049156902e-96,1
"10668",403,"Pannonian","mod1",-0.0502144835563967,0.00297962528250462,-16.8526169553063,4.12229960640766e-31,34.3297301725357,0.387033458565881,88.6996444693478,1.25829669076656e-97,1
"10864",408,"Pannonian","mod1",-0.0581410284955294,0.00379972490122169,-15.3013783910608,4.67300194008144e-28,32.8490961332365,0.457808574906799,71.7529070745867,1.79969405050337e-88,1
"10669",409,"Pannonian","mod1",-0.0656942971774074,0.00453145653896257,-14.4973909851174,1.05375467310658e-25,31.9112536284507,0.532434875440906,59.9345668369773,1.066049249514e-76,1
"10865",411,"Pannonian","mod1",-0.0583891779448662,0.00380521954962214,-15.3444964695044,2.30879988248698e-28,35.2143817893541,0.508947713340802,69.1905688272025,3.62393407991394e-88,1
"10768",415,"Pannonian","mod1",-0.0584576669336618,0.00298068875446985,-19.6121338888532,2.17647803162992e-36,34.9848255497273,0.396616428778785,88.2082107830188,4.05102831416468e-98,1
"10670",420,"Pannonian","mod1",-0.0552442905933703,0.00383403557372979,-14.4089144534536,3.83439500493676e-26,33.8904728943803,0.480118661629726,70.5877017555236,3.98736749893453e-87,1
"10769",420,"Pannonian","mod1",-0.0549276658774298,0.0030128981717749,-18.2308404552126,7.26959318270536e-34,36.8517790000023,0.432411755676065,85.2238139140909,1.29433766159224e-96,1
"10947",423,"Pannonian","mod1",-0.0553677095493928,0.00309241291683181,-17.9043714531232,2.97306676592384e-33,35.082691173458,0.41091268164715,85.3774846588537,1.07978291811277e-96,1
"10948",424,"Pannonian","mod1",-0.0605644277330206,0.00310431989998767,-19.5097250554819,4.99044124739994e-37,37.1014093030356,0.44514806751554,83.3462212025449,3.7287960851485e-99,1
"10866",429,"Pannonian","mod1",-0.0490936247361393,0.00310397056529362,-15.8163950667152,2.56062700362138e-29,36.1169510049045,0.431600998943687,83.6813424744109,1.58986058608449e-96,1
"10770",432,"Pannonian","mod1",-0.048845236506068,0.00324135965588378,-15.0693664670637,5.22132870354795e-28,34.7208071116365,0.423760162600408,81.9350429227984,5.46876376996038e-97,1
"10867",440,"Pannonian","mod1",-0.0546310661778956,0.0026688607605592,-20.4698075618036,1.92679884336939e-38,37.8760567417076,0.399571407616281,94.7917093659539,1.51163455447613e-103,1
"10671",441,"Pannonian","mod1",-0.0510507825750917,0.00418811701845203,-12.1894355745486,6.55852180084069e-21,31.7825459624825,0.49382055262064,64.3605167784465,2.66643824716262e-78,1
"10672",443,"Pannonian","mod1",-0.0508217701164437,0.00265030126918551,-19.1758464244566,9.05908608982792e-35,35.971961339046,0.372732918232174,96.5086784114924,3.52290519148586e-98,1
"10673",445,"Pannonian","mod1",-0.0415962801594132,0.00287767972731812,-14.4547983448384,1.56980966731687e-26,36.2112690222328,0.401963806811066,90.0858943234486,8.84178394590799e-100,1
"10868",449,"Pannonian","mod1",-0.0537182917534355,0.00285576134552184,-18.8104975360325,2.99235104573047e-35,35.8299975924974,0.390401901071571,91.7772108541264,2.3942642588323e-101,1
"10949",454,"Pannonian","mod1",-0.063083045367111,0.00313843221867207,-20.1001777230679,5.984450524059e-38,36.0295329806723,0.429599994151802,83.867629122781,9.71332037311156e-99,1
"10570",455,"Pannonian","mod1",-0.0452615309941209,0.00284076864358893,-15.9328465893439,1.49454862055634e-29,36.6109698733597,0.407706937737742,89.7972697656419,1.22546104267666e-99,1
"10771",456,"Pannonian","mod1",-0.0397263851961979,0.00309444919402903,-12.837950376711,2.99528355406734e-23,36.5231935179811,0.440574957810663,82.898932112426,1.63159017045918e-97,1
"10674",458,"Pannonian","mod1",-0.0565211813959701,0.00349028076809672,-16.1938781294066,5.9435567407892e-30,35.99259642179,0.482334905849975,74.6215875841775,8.03200401423147e-91,1
"10675",470,"Pannonian","mod1",-0.0419916700508885,0.00326647593307889,-12.8553434683685,9.44102339984596e-23,36.3062931085439,0.467250832925198,77.7019334160419,7.47757794750119e-90,1
"10772",476,"Pannonian","mod1",-0.0538532332889084,0.00297220269860389,-18.118963862796,1.65816371509545e-33,35.2023906797165,0.400322740283842,87.9350262609535,2.98355194652308e-97,1
"10950",483,"Pannonian","mod1",-0.0510657310498361,0.00259580013023534,-19.6724433653551,1.1492240006364e-36,36.7881218492009,0.373891988809099,98.3923778799768,1.11199912260016e-103,1
"10773",484,"Pannonian","mod1",-0.0524400708693587,0.00261897902543114,-20.0230969244689,8.26736941329284e-38,38.3332194271355,0.399887912342018,95.8599103499524,8.21101540464469e-105,1
"10676",492,"Pannonian","mod1",-0.0539746395755671,0.00320072430077548,-16.8632579702319,2.1516043672818e-31,34.8085075750944,0.420689429341139,82.7415788164909,5.00290540691985e-96,1
"10951",505,"Pannonian","mod1",-0.06037337056053,0.00303246623735605,-19.909000079476,2.16455790040811e-36,34.1031524857418,0.391350686641936,87.1421812961944,2.13136149771602e-95,1
"10677",507,"Pannonian","mod1",-0.0502464657763535,0.00347319810566415,-14.4669161526982,9.5290898516462e-27,36.1330256505586,0.486170283752072,74.3217486920386,1.28897845240664e-92,1
"10774",508,"Pannonian","mod1",-0.0552327318998027,0.00312761478073823,-17.6596978118788,9.33097067660547e-34,36.6597928278298,0.443457594525644,82.6680911103663,3.63900604809822e-100,1
"10869",513,"Pannonian","mod1",-0.0480909517816744,0.00380195183640891,-12.6490165712089,1.07984398984309e-22,34.6079347788,0.496153304425323,69.7525028456379,1.6026583588034e-88,1
"10678",520,"Pannonian","mod1",-0.0594126314814614,0.00299852998497213,-19.8139194135868,2.93299335053535e-37,35.0422874309822,0.392286919884963,89.3282076324599,7.13941899871737e-101,1
"10571",526,"Pannonian","mod1",-0.0541480657453044,0.00317142908738311,-17.0737116465008,1.40274514945082e-32,35.7329948585299,0.430036119806793,83.0930082677337,2.09914857683154e-100,1
"10775",531,"Pannonian","mod1",-0.0559886920602495,0.00271117677669779,-20.6510665558458,2.10806313612775e-38,37.9627400394649,0.409207807514718,92.7712994285903,4.45073056170813e-101,1
"10572",540,"Pannonian","mod1",-0.0506945027567832,0.0034600371273542,-14.6514331756746,1.55712583680491e-26,37.2168597238059,0.5013048062905,74.2399818569447,1.30284265600066e-88,1
"10952",552,"Pannonian","mod1",-0.0506886147479454,0.00258591204524752,-19.6018324912105,3.35792652052506e-36,35.6200055397949,0.349442037598632,101.933945281958,1.1658274741672e-103,1
"10953",553,"Pannonian","mod1",-0.0514284622799877,0.0028817447889806,-17.8462931473471,1.03168193230762e-33,37.0340662598952,0.417237633863684,88.7601291306206,2.59175788162111e-101,1
"10954",554,"Pannonian","mod1",-0.0506464058636564,0.00309425392102561,-16.3678893705237,1.15852044546248e-30,35.6073763312645,0.423464292636731,84.0859003944645,3.74840479974887e-98,1
"10776",562,"Pannonian","mod1",-0.0521067188386954,0.00290979809400219,-17.9073314214138,3.00742438037371e-34,38.2358369179805,0.440722765736858,86.7571178313261,2.03927315577442e-102,1
"10955",564,"Pannonian","mod1",-0.0526204546499078,0.00295781265670426,-17.790327095476,9.63264078180983e-34,34.7435383368548,0.386201689888833,89.9621603076249,1.17892109380014e-102,1
"10956",573,"Pannonian","mod1",-0.0588730972973411,0.00356222943066962,-16.527036914148,4.19348419178807e-31,35.2900029742921,0.468915649106187,75.2587443851775,7.79096111407178e-94,1
"10679",578,"Pannonian","mod1",-0.0554729071118879,0.00318637346661425,-17.4094178517096,1.00318432476117e-32,35.982658476368,0.440604619590804,81.6665483666186,7.67846270846275e-97,1
"10957",578,"Pannonian","mod1",-0.0522974645185458,0.00262201026816219,-19.9455605317679,3.62002565951577e-38,36.6323865262692,0.368343198889094,99.4517793100316,8.41637374829228e-109,1
"10777",581,"Pannonian","mod1",-0.045590453602051,0.00311595814475665,-14.6312792034026,5.37821440800952e-27,36.3392225398218,0.442053655795174,82.2054564268995,1.93550665983179e-96,1
"10870",591,"Pannonian","mod1",-0.0488020542531279,0.00255216421237032,-19.1218315877108,3.81955813794626e-36,37.048717470324,0.362651327157081,102.160711118193,1.03499226699746e-107,1
"10871",592,"Pannonian","mod1",-0.0494674455440155,0.00287542316917298,-17.2035358392981,1.0300579814952e-32,37.2231976062274,0.414564075519459,89.7887680199638,2.7032471449431e-103,1
"10872",595,"Pannonian","mod1",-0.0539705205746402,0.00315939904139835,-17.0825273627838,5.93457235190268e-32,36.2742892191243,0.442078330513772,82.053986172467,2.33798501748738e-96,1
"10958",599,"Pannonian","mod1",-0.0477868006334787,0.00289665284658543,-16.4972480874986,6.37531105643539e-31,37.1640308789892,0.418288476840251,88.8478476857075,1.24842301531491e-100,1
"10573",600,"Pannonian","mod1",-0.0504349926750498,0.00301425622224803,-16.7321518000999,5.25897253506485e-32,36.8580935624506,0.428286203126561,86.0594931458924,9.54936864077105e-103,1
"10959",600,"Pannonian","mod1",-0.0545376901956552,0.00317338514619952,-17.1859663050891,1.11707129205307e-32,36.6111169543882,0.448297491321292,81.6670127831458,6.52787905865268e-99,1
"10574",614,"Pannonian","mod1",-0.0484483413939003,0.00313444185004104,-15.4567682897885,8.25323326742534e-29,35.9456480349621,0.430977241618563,83.4049795761046,8.69368874798508e-98,1
"10680",615,"Pannonian","mod1",-0.0629608353814446,0.0031614946057193,-19.9148957165846,6.2851226855289e-37,34.7373030877934,0.412609605615386,84.1892738681751,4.42145661751903e-96,1
"10575",616,"Pannonian","mod1",-0.045791153217805,0.00320404306967057,-14.2916784269423,3.43718977237687e-26,37.4613294988673,0.476551442019598,78.6092039510118,9.02844209016779e-94,1
"10960",618,"Pannonian","mod1",-0.0493441578526328,0.00385261453570237,-12.8079664849307,6.93418056040022e-23,34.7275919217042,0.513748436908369,67.5964916422669,6.60304277434077e-86,1
"10681",620,"Pannonian","mod1",-0.0603098059760246,0.00428062176166593,-14.0890294293494,1.12974892461591e-25,33.6575241131287,0.542581573869893,62.0321915340227,8.21000232642042e-83,1
"10961",623,"Pannonian","mod1",-0.0575030673833571,0.00300934759581751,-19.1081507045835,4.0515426503871e-36,36.6110949654099,0.420841441253207,86.9949852286105,2.11787482697937e-100,1
"10682",625,"Pannonian","mod1",-0.0550939206397104,0.00309873666645397,-17.7794780809035,3.67796009959929e-33,34.915567219685,0.410743281660351,85.0058145285921,3.22723649035164e-97,1
"10962",627,"Pannonian","mod1",-0.0620606169967113,0.00313725080672258,-19.7818474900783,7.33111992078809e-38,35.2014193742451,0.414784245244593,84.8668187806586,2.17381390050775e-101,1
"10683",630,"Pannonian","mod1",-0.0603849395790319,0.00384407837987532,-15.7085609635749,1.94550917914484e-29,34.9238936287751,0.503663444683882,69.3397426344781,3.87309209820342e-90,1
"10576",634,"Pannonian","mod1",-0.0511792136693191,0.00280538100310939,-18.2432309952173,6.55527428855321e-35,36.3047322189153,0.386943946366163,93.8242672093914,4.4768214214997e-106,1
"10577",635,"Pannonian","mod1",-0.0553523629356666,0.0031454447340238,-17.5976269228095,4.31559998812933e-33,35.7828806108489,0.433348035699553,82.5730767490032,2.45201082578238e-97,1
"10873",647,"Pannonian","mod1",-0.062154376924622,0.00336790001997955,-18.4549352878353,4.94909702650467e-35,34.9542541260293,0.434500997774898,80.4468903524545,1.55331140417342e-97,1
"10874",648,"Pannonian","mod1",-0.0629771149616429,0.00279488184685076,-22.5330151371532,2.01411096341257e-42,36.2760709712616,0.387496587396816,93.6164914766411,1.75466699723996e-104,1
"10578",661,"Pannonian","mod1",-0.054489579022554,0.00265810169131748,-20.4994335621322,1.55087504667435e-39,37.5621843780656,0.387680342664833,96.8895769124405,4.32663416067774e-109,1
"10778",661,"Pannonian","mod1",-0.0545786494790398,0.00277888703587678,-19.6404707260148,3.14608875488455e-38,38.2814525335344,0.414317323356273,92.3964564730884,2.71937488086631e-108,1
"10684",663,"Pannonian","mod1",-0.0474369041212206,0.00328498564118701,-14.4405209954219,1.3479802504504e-26,36.315794068462,0.457517535965334,79.375742378569,6.98777187118902e-95,1
"10875",664,"Pannonian","mod1",-0.0423402247422658,0.00288220744621309,-14.6902072569052,5.09351738532643e-27,37.6129911545879,0.429372699951773,87.5998664069992,1.52180368252125e-98,1
"10876",669,"Pannonian","mod1",-0.0533381900453441,0.0031369825207683,-17.0030243051149,3.48702767502289e-32,37.5413513631211,0.463589998566526,80.9796403701618,7.7525618639829e-98,1
"10877",689,"Pannonian","mod1",-0.0509171521692117,0.00294900432666942,-17.265879099851,1.41125295352086e-32,37.6557582683044,0.437925914662691,85.9865950095885,7.16469495728717e-100,1
"10878",690,"Pannonian","mod1",-0.0495311643417024,0.00283013252585664,-17.5013586428113,2.62084172520916e-33,36.708074161334,0.403170928557857,91.0484153523639,6.12191918244501e-104,1
"10879",692,"Pannonian","mod1",-0.0490653372110371,0.00261002155303185,-18.7988245361583,1.08886666718292e-35,37.7563570351203,0.388940357612687,97.0749275463944,3.78339401236208e-106,1
"10579",693,"Pannonian","mod1",-0.0580894646196219,0.00256660377903218,-22.6328134845677,3.39170872183023e-43,36.6231989114092,0.358626532489618,102.120717776143,8.05264149223042e-111,1
"10580",695,"Pannonian","mod1",-0.0478026424121132,0.00283655004567013,-16.8523881625433,1.70669145732798e-32,38.1955750765016,0.424978213306912,89.8765486806671,3.10614301216797e-106,1
"10779",696,"Pannonian","mod1",-0.0515496479388288,0.00258801863939785,-19.9185767652828,4.06559258847467e-38,36.4339373186285,0.362915663413464,100.39229769237,3.05013788161167e-109,1
"10880",698,"Pannonian","mod1",-0.0483645947390965,0.00324326143148849,-14.9123330822269,2.30121957640998e-28,37.7304656188428,0.472624391341824,79.8318205958912,1.47529750072518e-100,1
"10581",699,"Pannonian","mod1",-0.053614993110133,0.00273754973818632,-19.5850297666752,5.76830673127698e-38,38.5296251826661,0.41628763178617,92.55529648418,1.20917251002414e-107,1
"10582",701,"Pannonian","mod1",-0.047532026077134,0.00246702733056238,-19.266923186578,2.04674133772204e-36,38.5906641747151,0.379525507192861,101.681345372934,1.69546310819021e-107,1
"10685",705,"Pannonian","mod1",-0.0615042642528091,0.00365829311290875,-16.8122844054741,8.41808631007349e-32,35.1216719643392,0.48681968794503,72.1451347060249,1.45092112219379e-92,1
"10963",706,"Pannonian","mod1",-0.054492064211354,0.00361090055637758,-15.0909900066647,9.70694224870841e-28,34.8648737304284,0.483117657813468,72.1664239891843,2.28835814259196e-89,1
"10964",707,"Pannonian","mod1",-0.0488907209432292,0.00356436383963906,-13.7165348833132,3.09488320329548e-25,36.4559301287716,0.504266357930528,72.2949876695801,5.0831706994145e-92,1
"10965",721,"Pannonian","mod1",-0.0481282920810849,0.00263935598866358,-18.2348619465517,4.91880621107316e-35,39.0362897536017,0.410700400099094,95.048092829184,1.97960102968607e-107,1
"10780",729,"Pannonian","mod1",-0.0547111020213334,0.00296914096846285,-18.4265761048246,7.76172810188762e-36,37.5320492769291,0.430464592825025,87.189631627113,1.74557524207363e-105,1
"10881",729,"Pannonian","mod1",-0.0583592557412058,0.00306570227737633,-19.0361784873482,1.34095516397627e-36,38.0875567808649,0.451697630131588,84.320913461001,8.72022969998672e-102,1
"10882",739,"Pannonian","mod1",-0.0554866913759915,0.00284160228022619,-19.5265508344028,6.74639706889062e-37,37.6730655306428,0.420527043464407,89.5853575082416,9.84287310885277e-102,1
"10781",742,"Pannonian","mod1",-0.0562446877158334,0.00271130321277425,-20.7445214724926,1.81925892047035e-39,38.2166871381618,0.405886436780522,94.1561079037164,1.70639252234895e-105,1
"10583",744,"Pannonian","mod1",-0.0457075956357755,0.00277959116241445,-16.4439994823096,3.55496610120004e-31,38.0227998607084,0.417921532785715,90.9807149855669,6.62722368143193e-104,1
"10584",745,"Pannonian","mod1",-0.0541702242244391,0.00283612407149566,-19.1000897206418,5.03538978071619e-37,37.6964881287562,0.413037817835102,91.266432517823,5.69827333286003e-107,1
"10883",753,"Pannonian","mod1",-0.0522206111071805,0.00342834116730844,-15.2320345492856,3.06248674947061e-28,35.9947517827543,0.47883979221227,75.170761428277,1.82406533754789e-92,1
"10966",755,"Pannonian","mod1",-0.0525326359536272,0.00264014943637362,-19.8975994426223,3.05338171895238e-38,38.6682566502716,0.402380773048319,96.0986688238907,5.99286927861557e-108,1
"10686",763,"Pannonian","mod1",-0.0543598629070793,0.0022281455954248,-24.3969079124362,1.24341611340952e-46,39.2394516675783,0.344589295133173,113.873101172262,1.27666409987851e-117,1
"10782",766,"Pannonian","mod1",-0.0514994577655156,0.00272746610354512,-18.8817957072234,6.88814246821956e-37,38.243290855494,0.406150929851346,94.1602937348715,6.0484365071042e-110,1
"10585",767,"Pannonian","mod1",-0.0465384283473005,0.00256062463383002,-18.1746390050506,8.93692075344456e-35,40.0805650767448,0.416540785895946,96.2224263118308,2.95347581841502e-107,1
"10884",769,"Pannonian","mod1",-0.0577783063762888,0.00275447956767147,-20.9761245116558,3.05135739908411e-40,38.2545724247273,0.413828140399196,92.440722827175,4.06537126488536e-106,1
"10586",774,"Pannonian","mod1",-0.0483387662606735,0.00290507098122496,-16.6394441213587,1.41929051455823e-31,36.6970248475728,0.407974745250287,89.9492561115754,2.23470477526964e-103,1
"10587",781,"Pannonian","mod1",-0.0534864551927318,0.00304235525026369,-17.5806080463798,1.25612227009322e-34,38.9503866763757,0.462358757487911,84.2427791094539,1.43390887362779e-106,1
"10783",785,"Pannonian","mod1",-0.0461610939831121,0.00288278705823278,-16.0126617230653,9.89396998844379e-31,39.4110766742337,0.454703265983319,86.6742766604176,1.70652834393742e-104,1
"10687",786,"Pannonian","mod1",-0.0525807764753281,0.002416457761813,-21.7594436394693,1.4053964931465e-42,38.7901146251566,0.366851204262631,105.738005421366,2.09332101554388e-116,1
"10967",791,"Pannonian","mod1",-0.0439826241110314,0.00244904684150846,-17.9590783506374,6.23653297861092e-34,38.0869947018781,0.369924477348403,102.958838990281,4.5732721233818e-108,1
"10885",799,"Pannonian","mod1",-0.0535320208311285,0.00281659469344984,-19.0059368341566,5.47202033744414e-37,37.5669471048171,0.410548461670876,91.5042939192239,8.02430636617542e-108,1
"10588",801,"Pannonian","mod1",-0.0505825312798268,0.00281746563055324,-17.9532025985689,3.35690852925076e-34,38.1907714132422,0.427150210593443,89.4082935372628,4.25050130582856e-103,1
"10968",804,"Pannonian","mod1",-0.0482302075430777,0.00265917971085247,-18.137250125008,7.67086864780911e-35,39.5776872746901,0.422511121508339,93.6725337155626,9.65115720257292e-107,1
"10784",819,"Pannonian","mod1",-0.0542978446136537,0.00251298710225727,-21.6068934714711,2.20345038974655e-41,37.2058979049065,0.362077296992733,102.756782084719,4.09598213329864e-111,1
"10589",820,"Pannonian","mod1",-0.0463314467763365,0.00271280708973649,-17.0787841684817,5.79836980994449e-33,39.1132721736929,0.423252207583605,92.411265606847,1.43638165995798e-107,1
"10969",821,"Pannonian","mod1",-0.0441418859469661,0.00276147575663403,-15.984889905668,1.4561442321322e-30,39.1269536203819,0.430177007598377,90.9554739776135,4.41891292131233e-106,1
"10970",827,"Pannonian","mod1",-0.0537057026524147,0.00258004785415238,-20.8157777251998,5.99745278524052e-40,37.9705990640671,0.382749561293199,99.204814071571,1.88419654906806e-109,1
"10688",828,"Pannonian","mod1",-0.0600000481619595,0.00295073885951704,-20.3339065293565,2.25632517309171e-38,37.6553609920396,0.439019668943551,85.7714668744859,9.30888764482463e-100,1
"10785",838,"Pannonian","mod1",-0.0513250325217964,0.00279825701421131,-18.3417864267419,1.58231586036918e-35,37.8480804596112,0.409060679468269,92.524367066542,1.25469282859893e-107,1
"10971",876,"Pannonian","mod1",-0.0489533118837376,0.00272419425966015,-17.9698315236317,4.29676511182309e-34,37.6360018211222,0.401483235939753,93.7423993134545,1.5222423045222e-104,1
"10689",886,"Pannonian","mod1",-0.059144470495821,0.00302118746745085,-19.5765642261599,5.98914715198248e-38,37.5917534894352,0.439659624758227,85.5019459885752,7.66886971890217e-104,1
"10690",887,"Pannonian","mod1",-0.0485305786651362,0.00263658207697787,-18.4066254143559,1.6263967736834e-35,37.8824549728777,0.384336714973043,98.5657978981653,6.58730103589848e-110,1
"10691",889,"Pannonian","mod1",-0.0475715248865762,0.00282917632126386,-16.8146200464893,1.11092229927146e-31,37.7022299192067,0.421250901583502,89.5006509837304,1.08669495541741e-101,1
"10886",889,"Pannonian","mod1",-0.0478893369486222,0.00285486853726913,-16.7746207306735,3.20756337599805e-31,38.5636181687489,0.441709774872027,87.3053311530669,2.14304697614384e-98,1
"10972",899,"Pannonian","mod1",-0.0523423281225063,0.00251951545666519,-20.7747596800959,3.20964815832612e-40,40.7248923710548,0.41402566193934,98.3632081651535,1.43830882493541e-110,1
"10590",900,"Pannonian","mod1",-0.0497471092711147,0.00254361323032064,-19.5576547087088,3.19268824337435e-38,39.8343780629804,0.40306688668069,98.8282078714576,2.59956046189178e-112,1
"10692",901,"Pannonian","mod1",-0.0493915332442912,0.0031360136561979,-15.7497825772141,4.57984313462804e-30,37.1417409021133,0.45057380920263,82.432090244753,2.08897820450758e-101,1
"10693",923,"Pannonian","mod1",-0.0540818877150301,0.00301389937515105,-17.9441583753338,2.54305156536222e-34,36.9507467638155,0.426428546097304,86.6516726002297,2.32396767746938e-102,1
"10786",924,"Pannonian","mod1",-0.0486853507846347,0.00307999910941027,-15.8069366435487,7.32761333853407e-30,36.9303118487231,0.443187241808054,83.3289146548079,7.66482711689245e-100,1
"10973",924,"Pannonian","mod1",-0.0542394058714392,0.00294485439451798,-18.4183659376874,2.14033089737757e-35,37.7125917106878,0.436638707500614,86.3702440091955,6.46060850781131e-103,1
"10974",927,"Pannonian","mod1",-0.0499554564423243,0.0027175632450638,-18.3824448365879,1.81585367960455e-35,38.9283649504718,0.418362125776955,93.0494481979615,3.64892207816039e-107,1
"10787",930,"Pannonian","mod1",-0.0566261204541698,0.00272706669585274,-20.7644794827664,1.52770275434073e-40,38.1633119617022,0.403731293229615,94.5265145449043,3.90721070598625e-110,1
"10694",940,"Pannonian","mod1",-0.0591599590418692,0.00354270717758071,-16.6990823899448,2.71562635444307e-32,37.1016926979169,0.502897384132015,73.7758713180687,1.99169542620228e-97,1
"10887",950,"Pannonian","mod1",-0.0449486740524965,0.00256978942905661,-17.4911895676205,6.94986288193229e-33,37.9398224705995,0.386061568213386,98.2740205044943,3.56810333717822e-105,1
"10788",952,"Pannonian","mod1",-0.0503417242552227,0.00242023350776924,-20.8003583512168,2.79005890836187e-41,39.7206642538109,0.379643083492021,104.626334525717,3.28123553718502e-118,1
"10888",955,"Pannonian","mod1",-0.0539103218983799,0.00240376057501925,-22.427492346216,3.51363569504304e-44,39.1572863417606,0.367425622216879,106.572007976753,2.30860036870769e-118,1
"10975",965,"Pannonian","mod1",-0.0537186063251644,0.00272024727262894,-19.7476923754982,2.80728353637098e-38,38.819074961233,0.415198476701805,93.4952249092977,3.95584947057473e-108,1
"10789",968,"Pannonian","mod1",-0.0457440119530647,0.00261523725270917,-17.4913430533607,2.5751136373243e-34,38.512733039999,0.393305901331616,97.9205572802402,2.32075346688461e-113,1
"10976",979,"Pannonian","mod1",-0.0534904150725551,0.00260207854925279,-20.5568025945702,1.76356571743222e-40,38.8948317747739,0.394372308725164,98.6246521732323,1.02077556990088e-113,1
"10977",989,"Pannonian","mod1",-0.0439207542192048,0.00277449926095695,-15.830155313884,3.09313916083182e-30,38.8595620984482,0.427543564163819,90.8902983359109,4.77988383618829e-106,1
"10591",1006,"Pannonian","mod1",-0.0517800835596047,0.00248741484097088,-20.8168266534077,5.97093900603593e-40,38.8010956525031,0.38478516142696,100.83833666717,3.18650765485914e-110,1
"10695",1007,"Pannonian","mod1",-0.0499235119141012,0.00279818127681929,-17.8414144672033,2.97123475565326e-34,39.0390724541401,0.433906986737658,89.9710621109295,7.69158656337481e-105,1
"10696",1008,"Pannonian","mod1",-0.0515901635395589,0.00284599055067707,-18.1273137141251,8.02636492972756e-35,39.0935366269516,0.438136073222683,89.226929751302,1.89434682385558e-104,1
"10697",1009,"Pannonian","mod1",-0.0453114573915582,0.00323947659949443,-13.9872772652933,1.71588579439334e-26,37.7108442788064,0.475613550943317,79.2888348198068,1.46185936603178e-101,1
"10889",1011,"Pannonian","mod1",-0.0497469187417329,0.00240366781271719,-20.6962536497492,2.05641955763255e-40,38.5637113538942,0.3629399054705,106.253709698585,7.35052850094394e-116,1
"10978",1011,"Pannonian","mod1",-0.0488096901993203,0.00290189118924358,-16.8199587842035,1.51560741841521e-32,38.9489498048449,0.447455822428889,87.0453525298239,2.09909602322504e-105,1
"10890",1020,"Pannonian","mod1",-0.0461897433082388,0.00280492987530495,-16.4673433424845,4.96586397789728e-32,39.1965733218014,0.43424623414714,90.2634732084286,1.34856131312538e-108,1
"10592",1034,"Pannonian","mod1",-0.0487089461443963,0.00275517841516774,-17.6790533332597,3.4179613462472e-34,38.5875054018504,0.418540210095366,92.1954557079666,1.86008292731388e-107,1
"10891",1035,"Pannonian","mod1",-0.0500119807124318,0.00286821489630288,-17.4366226104247,1.92945346560984e-33,38.2120391017935,0.43202608013201,88.4484545241283,4.90211126897384e-104,1
"10698",1054,"Pannonian","mod1",-0.0454011469703306,0.00271849764338128,-16.7008226329968,1.06480592151531e-31,40.0676574907738,0.439161960682416,91.2366303960216,4.91201942531449e-104,1
"10699",1057,"Pannonian","mod1",-0.0556860180763352,0.00275401562914944,-20.2199353870528,7.59364600702523e-39,38.3954653724761,0.417533167290541,91.9578811466217,7.17982972070349e-106,1
"10790",1071,"Pannonian","mod1",-0.0493571846545015,0.00294942692667694,-16.7344999152467,1.33933443560773e-32,37.9201393387493,0.435316377450941,87.1093790699908,7.60144874523316e-107,1
"10979",1081,"Pannonian","mod1",-0.0529136419148472,0.00273697203092191,-19.3329129114352,6.23463833999689e-38,39.7564535079498,0.430571714303988,92.3341041392268,1.02895449798695e-109,1
"10791",1117,"Pannonian","mod1",-0.0508306559311814,0.00317843778319087,-15.9923394442385,3.02180836818526e-30,37.8978580256176,0.475025918823159,79.7806109601487,7.81961964052776e-98,1
"10792",1125,"Pannonian","mod1",-0.0549395692296207,0.00258619444098759,-21.2434024135637,1.21167845079479e-42,39.4322943164456,0.398674983759969,98.9083737949976,1.33229946871135e-117,1
"10980",1130,"Pannonian","mod1",-0.0509540008438484,0.00254042022749131,-20.0573118936964,1.14395033301683e-39,40.3806408591054,0.410355564111886,98.404029068058,2.34809452840303e-114,1
"10892",1133,"Pannonian","mod1",-0.0439681995190186,0.00264378683455278,-16.6307657426761,4.94103132085576e-32,39.4620370048293,0.413835172405755,95.3568948125504,4.4669939116351e-109,1
"10593",1143,"Pannonian","mod1",-0.0532298916908722,0.00308314389048815,-17.2648094223213,3.20672441136296e-33,38.8650755805166,0.470218023017779,82.653309056695,1.5587990127078e-101,1
"10594",1152,"Pannonian","mod1",-0.0514991554671587,0.00269371979059984,-19.1182303544983,1.18876068574944e-37,39.9197853856895,0.428853728372388,93.0848509518515,7.67768389509578e-111,1
"10595",1164,"Pannonian","mod1",-0.0492523081792548,0.00260112060194477,-18.9350344395529,2.77611388821276e-37,39.4321774428015,0.407238543275176,96.8282057137128,8.39473788884535e-113,1
"10700",1169,"Pannonian","mod1",-0.0531852256978971,0.00272223098909902,-19.537366928403,1.7349411543948e-38,37.8293602913079,0.398165418071899,95.0091559294504,7.37284787307269e-112,1
"10701",1170,"Pannonian","mod1",-0.0522527544448421,0.00272941537644699,-19.1443028040906,7.54004107852177e-38,38.8678555025917,0.414421491585491,93.7882235641092,6.04722566403592e-112,1
"10702",1171,"Pannonian","mod1",-0.0452327229362096,0.00272652174854021,-16.5898999193487,1.03287894021989e-31,39.4024243999777,0.429688282543697,91.7000206910941,9.73979073233027e-106,1
"10793",1180,"Pannonian","mod1",-0.0499891454762856,0.0027034903618488,-18.4905950402945,4.18481221519991e-36,39.2896532804694,0.423597954212261,92.7522262319089,3.29661919598893e-109,1
"10893",1183,"Pannonian","mod1",-0.0483013800653913,0.00230871954516319,-20.9212852061584,7.73263027248354e-41,40.345703379343,0.374046128665011,107.862908575845,1.34707045861695e-116,1
"10894",1184,"Pannonian","mod1",-0.0511834566782246,0.00260389195373176,-19.6565209262508,2.04700373222471e-38,40.1113000909193,0.416917894385386,96.2091112689005,5.35866905501608e-111,1
"10596",1185,"Pannonian","mod1",-0.0462835047727908,0.00263373083505053,-17.5733617713835,1.02320568661941e-33,40.057039826049,0.427299458246306,93.7446539025545,8.87694464011444e-107,1
"10895",1221,"Pannonian","mod1",-0.0488539027105477,0.00260631752732642,-18.7444170552244,9.33131754896473e-37,40.537367353489,0.42387447897895,95.6353103662608,1.90681067288661e-111,1
"10703",1224,"Pannonian","mod1",-0.0502204810151578,0.00272154961438248,-18.4528993150664,7.62628655565492e-37,39.2271860371434,0.416370621854322,94.2121849578236,2.35725511248804e-114,1
"10981",1231,"Pannonian","mod1",-0.0506677537220852,0.00267841736424445,-18.9170494481086,4.20002533639627e-37,39.6469060811381,0.424452956922536,93.407067696253,2.77268358217124e-110,1
"10704",1232,"Pannonian","mod1",-0.0455015396054008,0.00262191992729775,-17.3542826886771,4.99409042443865e-34,38.3337598542879,0.391927169898616,97.8083756331669,2.64662303567531e-113,1
"10794",1235,"Pannonian","mod1",-0.051207899744982,0.00284473344843209,-18.0009483043854,7.63099178407155e-35,38.972039935477,0.435752920536007,89.4360957754192,5.34471535445662e-106,1
"10597",1247,"Pannonian","mod1",-0.0523473614278408,0.00272752392686008,-19.1922647909098,1.66809203100217e-37,40.2172094643243,0.441232996315985,91.1473298690542,2.34873565878878e-108,1
"10705",1252,"Pannonian","mod1",-0.050551363361149,0.00299510119955921,-16.878015129702,5.08146198828753e-33,38.7674694270729,0.455298022080932,85.1474584710182,2.04635176819342e-106,1
"10795",1252,"Pannonian","mod1",-0.051615598752452,0.00255854398706432,-20.1738172231606,6.75411224388431e-40,39.5508123429651,0.399298050743317,99.0508525381952,1.10084620174247e-114,1
"10598",1260,"Pannonian","mod1",-0.0506145266305758,0.0025101266854677,-20.1641323219291,1.67740246768822e-40,40.039532286467,0.395017067543018,101.361524795651,7.11840705604328e-119,1
"10599",1265,"Pannonian","mod1",-0.0475750769389697,0.00255404880584944,-18.6273170778923,1.60710278631081e-36,40.3216791243919,0.414012169923769,97.3924972587549,2.40975180045614e-112,1
"10706",1273,"Pannonian","mod1",-0.0505871984662325,0.00277044591995399,-18.2595870584879,3.55466859094273e-36,40.2996142055707,0.446130801998634,90.3313871739663,8.96039801999579e-111,1
"10796",1273,"Pannonian","mod1",-0.0463892732370628,0.00256925201764261,-18.0555558265657,1.2772878904222e-35,39.7104431413995,0.403615180171086,98.386892000858,2.39585514645747e-114,1
"10982",1276,"Pannonian","mod1",-0.0482886018969264,0.00282990458667042,-17.063685512359,2.04995092041773e-33,39.7793848347331,0.448648541371439,88.6649151095745,2.00582668500898e-108,1
"10707",1283,"Pannonian","mod1",-0.0506140776805404,0.00260055200994368,-19.4628207730544,3.45116374565797e-38,40.149155638551,0.417333769532386,96.2039465043464,9.72412619658698e-112,1
"10983",1296,"Pannonian","mod1",-0.0483811190675181,0.00242244972287266,-19.9719806816653,1.1785073785821e-39,40.5344289032707,0.392210056430468,103.348775072668,1.37691497581763e-117,1
"10600",1307,"Pannonian","mod1",-0.046556809810763,0.0024945448299341,-18.663448839279,9.83777341156303e-37,40.0398612172968,0.397724105735349,100.672452687441,9.67089782882723e-115,1
"10601",1316,"Pannonian","mod1",-0.0489585343427849,0.002575714400034,-19.0077495944964,2.76540542617682e-37,40.4654826507193,0.418117818106977,96.7800961794124,4.93451430949829e-112,1
"10984",1317,"Pannonian","mod1",-0.0475152880136928,0.00278289960503741,-17.074021616764,1.94917594043213e-33,40.2501614415407,0.449565817792234,89.5311873113588,6.59892822901678e-109,1
"10797",1335,"Pannonian","mod1",-0.0486589359553838,0.00275933344467107,-17.6343080425296,4.21441442199418e-34,38.9974730400961,0.425856714248182,91.5741650544204,3.9278731188795e-107,1
"10708",1338,"Pannonian","mod1",-0.0487594678157294,0.00242869990027788,-20.0763658820716,7.31852791989657e-40,40.6988379586241,0.395618250648432,102.874015270826,2.35665731723899e-117,1
"10798",1344,"Pannonian","mod1",-0.0500726790753388,0.00282085941854557,-17.7508594530231,5.5175683058986e-35,40.1645995981188,0.450293974117862,89.1963959251338,1.9832300178977e-109,1
"10602",1346,"Pannonian","mod1",-0.0507641454737484,0.00269474840373542,-18.83817628517,8.41501188164041e-37,39.7284451994025,0.426078057278059,93.2421759834388,1.82219355069861e-109,1
"10709",1347,"Pannonian","mod1",-0.0501441388214032,0.00256702032271283,-19.5339859126673,3.55180672060775e-38,40.3431390852415,0.415193111319736,97.1671686868949,1.75523435683189e-111,1
"10799",1351,"Pannonian","mod1",-0.0486526107503395,0.0024533204169162,-19.8313316168849,1.5806827582752e-39,40.5819622249883,0.398252753413601,101.900016703318,1.24033110236338e-117,1
"10896",1352,"Pannonian","mod1",-0.0463534590272641,0.00318024629005947,-14.5754305797484,4.51534402362446e-27,38.1148829194272,0.481888884653853,79.0947542747444,4.39199319943253e-96,1
"10985",1364,"Pannonian","mod1",-0.0517592231794846,0.00264678647005384,-19.5554963594898,3.22386369373763e-38,40.3927788270075,0.430056621881518,93.9243271043873,8.02237606131414e-110,1
"10986",1365,"Pannonian","mod1",-0.0472789782851287,0.0027251328522553,-17.3492379448587,5.11757003741334e-34,39.6406111608952,0.42768220284218,92.687072077028,1.25352862642437e-110,1
"10710",1418,"Pannonian","mod1",-0.0498132128851746,0.00264846070585089,-18.8083639584038,1.34543653434502e-36,40.0996660417981,0.426626535810969,93.992432902874,4.02461928819176e-109,1
"10800",1424,"Pannonian","mod1",-0.048886234050881,0.00255143069834092,-19.1603221214942,1.37238816909965e-37,40.5544360121624,0.41645964489813,97.3790294185224,2.44791986097718e-112,1
"10897",1427,"Pannonian","mod1",-0.051041849392238,0.00246123821422983,-20.7382808771357,3.68262607844463e-41,39.5589054364001,0.383160790972373,103.243615652867,1.55064490873657e-117,1
"10987",1428,"Pannonian","mod1",-0.0483262550324597,0.00256886765068993,-18.8122790286532,3.54968359523145e-37,39.8531134283641,0.405578594176902,98.2623688738892,2.77363261194656e-114,1
"10898",1429,"Pannonian","mod1",-0.0492195602695745,0.00282351115990176,-17.4320402796945,1.08976730155989e-33,40.3302790535123,0.459867250797904,87.6998285560371,4.65794800759399e-105,1
"10899",1433,"Pannonian","mod1",-0.0462431960503899,0.00272492076987304,-16.9704736231815,5.57648658237086e-33,39.9472000142204,0.43548276954442,91.7308394451776,1.14579205480207e-108,1
"10603",1435,"Pannonian","mod1",-0.0503988061447558,0.00258196997429372,-19.5195167436221,4.78406028493644e-39,40.18747918823,0.409327697869745,98.1792324276534,1.77914346180215e-116,1
"10711",1449,"Pannonian","mod1",-0.0500320630068122,0.00265693669747464,-18.8307320435472,4.50792970300898e-37,40.0766300525684,0.426324912641026,94.0048982929452,2.4898128426092e-111,1
"10900",1455,"Pannonian","mod1",-0.046981058575488,0.00270171819690618,-17.3893260330731,2.40353469094551e-34,40.1328554164812,0.430122030243406,93.305742544203,2.06461387009755e-112,1
"10604",1458,"Pannonian","mod1",-0.0513345980813397,0.00258246308438747,-19.878153686567,3.68805571047642e-39,39.7999396960677,0.408103820673509,97.5240555954229,3.69490195301253e-113,1
"10605",1486,"Pannonian","mod1",-0.0492136355249424,0.00256309617288965,-19.200854047337,5.79938143627579e-38,40.4612911549963,0.416013861327791,97.2594783881865,9.07960064184305e-114,1
"10712",1490,"Pannonian","mod1",-0.0492136355249424,0.00256309617288965,-19.200854047337,5.79938143627579e-38,40.4612911549963,0.416013861327791,97.2594783881865,9.07960064184305e-114,1
"10801",1490,"Pannonian","mod1",-0.0492136355249424,0.00256309617288965,-19.200854047337,5.79938143627579e-38,40.4612911549963,0.416013861327791,97.2594783881865,9.07960064184305e-114,1
"10988",1490,"Pannonian","mod1",-0.0492136355249424,0.00256309617288965,-19.200854047337,5.79938143627579e-38,40.4612911549963,0.416013861327791,97.2594783881865,9.07960064184305e-114,1
"10901",1498,"Pannonian","mod1",-0.0492136355249424,0.00256309617288965,-19.200854047337,5.79938143627579e-38,40.4612911549963,0.416013861327791,97.2594783881865,9.07960064184305e-114,1
