"","replicate","area","region","model","a","a.std.err","a.tval","a.pval","b","b.std.err","b.tval","b.pval"
"1",1,1,"Anatolian","mod1",-0.148290920711098,0.0163582258996598,-9.06522025192116,5.68694940348323e-12,17.9733837488769,0.831762327344738,21.6087975590983,2.22353933985973e-26
"2",1,2,"Anatolian","mod1",-0.148635541832071,0.0151266783073331,-9.82605293853672,2.33819002335323e-13,17.602086309653,0.747041163900818,23.5624048047639,4.47643647334581e-29
"3",1,3,"Anatolian","mod1",-0.121204032741299,0.0114970947063498,-10.5421444144805,2.78821896211512e-15,20.1181137911459,0.701143297895148,28.6932982908645,9.7058217132977e-37
"4",1,4,"Anatolian","mod1",-0.125738965695608,0.0115794362944874,-10.8588157918765,1.07259510145591e-15,19.7787376450642,0.683678878647014,28.929864974337,1.5028423212298e-36
"5",1,5,"Anatolian","mod1",-0.123316590604825,0.0114482373921986,-10.7716660984737,2.8861148551757e-15,20.2641873428198,0.712934630088498,28.4236260767756,5.86401005249184e-35
"6",1,6,"Anatolian","mod1",-0.118025185554495,0.0104070412999718,-11.3408972014759,1.16399136902626e-16,20.6687776260609,0.659752116037643,31.3280959979242,2.64266343880501e-39
"7",1,7,"Anatolian","mod1",-0.121736515957711,0.0102966594641301,-11.8229136723223,2.00758543375335e-17,20.6810337749216,0.650497163459394,31.7926578879119,1.1329946602534e-39
"8",1,9,"Anatolian","mod1",-0.120423417817885,0.0101426331152616,-11.8729935756706,1.01357038138869e-17,20.706964862521,0.640657670677213,32.3214187705463,6.21025104977623e-41
"9",1,10,"Anatolian","mod1",-0.119278441491353,0.0101752268697161,-11.7224355799234,2.88908302505589e-17,20.9994508688223,0.664695257735753,31.5925992015586,1.6294273093145e-39
"10",1,11,"Anatolian","mod1",-0.120880763564754,0.0102659652224813,-11.7749048379824,3.07712074974167e-17,20.8157895470512,0.66273561572304,31.4088892360814,5.96462556337596e-39
"11",1,12,"Anatolian","mod1",-0.10961151630601,0.00847598819665089,-12.9320043590104,3.15020232461368e-20,23.1435957370185,0.625482686463575,37.0011772314121,1.08079564971032e-47
"12",1,13,"Anatolian","mod1",-0.0958687099618226,0.00621421243619986,-15.4273306466569,2.89195794510439e-25,29.4945521509833,0.654311392649811,45.0772407179663,4.15368659904572e-57
"13",1,16,"Anatolian","mod1",-0.0963360485949727,0.00633335883813332,-15.2108937859214,2.53610053634865e-25,30.1897600135085,0.685451548464883,44.0436090357088,7.38788923047625e-58
"14",1,17,"Anatolian","mod1",-0.0941426118652493,0.00634988147896607,-14.8258848888906,2.12215751172481e-24,30.9293519203506,0.722701426602392,42.7968601995952,6.28806035503263e-56
"15",1,20,"Anatolian","mod1",-0.0911054520772228,0.00647239865525554,-14.0759951495333,5.41909370298603e-23,32.0562357861131,0.789095962351458,40.624001788816,9.07971951513079e-54
"16",1,21,"Anatolian","mod1",-0.0903779825199381,0.00621485921758174,-14.5422413212934,4.80910652674135e-24,32.0229860026685,0.751064714148811,42.6367866835023,2.71838895733186e-56
"17",1,22,"Anatolian","mod1",-0.090016581037093,0.00611165499722486,-14.7286751424887,1.70797586376424e-24,31.9414772026604,0.735836250670393,43.4084039398164,2.25539011858105e-57
"18",1,23,"Anatolian","mod1",-0.0909389860041231,0.00623206218901352,-14.5921178650045,3.94522346102705e-24,31.9908669318257,0.744779458424503,42.953476455297,1.55162594590654e-56
"19",1,24,"Anatolian","mod1",-0.0913267319748673,0.00627013241253613,-14.5653593841613,4.38721758219887e-24,31.8703893972522,0.74517685311226,42.7688934031489,2.15042540441556e-56
"20",1,25,"Anatolian","mod1",-0.0876341972242801,0.00620395362245893,-14.1255403501141,3.36202977358698e-23,32.3976021253794,0.760692802938802,42.5895999018487,9.04281033819878e-56
"21",1,26,"Anatolian","mod1",-0.0830644224491768,0.00609140577622371,-13.6363305123093,1.43258856422172e-22,32.6836584797382,0.751191676715444,43.5090796301766,1.88784456434127e-57
"22",1,28,"Anatolian","mod1",-0.0833234976784752,0.00612502685066215,-13.6037767196837,2.1160437707843e-22,32.5685819156632,0.754210599615286,43.1823444701998,1.03709720746968e-56
"23",1,29,"Anatolian","mod1",-0.086124277029762,0.00644603180968961,-13.3608209783112,5.73820556012396e-22,32.3027845546482,0.783761305024354,41.2150795753363,3.53509234099554e-55
"24",1,30,"Anatolian","mod1",-0.0836939859514401,0.00577525147397409,-14.4918340488901,1.43843541251584e-24,32.8356928980795,0.722891560188414,45.4227088908345,6.72763038238345e-61
"25",1,31,"Anatolian","mod1",-0.083969830057514,0.00561764985820812,-14.9475015668381,9.31675795119354e-26,32.8567069658586,0.696462653052214,47.1765525715782,9.32313297827842e-64
"26",1,35,"Anatolian","mod1",-0.0837876914187976,0.00568738654232131,-14.732195674641,3.04129394776303e-25,32.7173813540412,0.704301863007924,46.4536345457218,1.07563907961267e-62
"27",1,37,"Anatolian","mod1",-0.0824114931315444,0.00564172865986672,-14.6074896720558,6.75248353928712e-25,32.7756145086038,0.702679057444603,46.6437901647407,2.45202195642806e-62
"28",1,38,"Anatolian","mod1",-0.0830603102677549,0.00573156013996217,-14.4917453955745,1.43896592941258e-24,32.628536660026,0.711056914214554,45.8873769564115,2.95652884175379e-61
"29",1,40,"Anatolian","mod1",-0.082222073103759,0.00560924137067337,-14.6583232330914,4.14896093152751e-25,32.8350564993796,0.700108607334598,46.8999468873648,4.87468435449904e-63
"30",1,41,"Anatolian","mod1",-0.0824440453102881,0.00553352117322568,-14.8990204843164,1.14265457621942e-25,32.814694861997,0.690058450968515,47.5535004548393,4.7859100576979e-64
"31",1,43,"Anatolian","mod1",-0.0800956105747538,0.00511551203702384,-15.6573985155458,3.58262316382337e-27,33.4374841333406,0.656676331734231,50.919277149878,4.46011867971181e-67
"32",1,44,"Anatolian","mod1",-0.0807432879982987,0.00510659444011936,-15.8115724569683,1.39350118546755e-27,33.2812133492998,0.648807149373722,51.2960027974805,6.9284734350077e-68
"33",1,49,"Anatolian","mod1",-0.0763335013891911,0.00502766169389169,-15.1827044134516,2.6086064745452e-26,33.7081076300596,0.650510782724636,51.8179075969727,1.00483416915087e-67
"34",1,50,"Anatolian","mod1",-0.076596263682074,0.00501428368177024,-15.2756143336176,9.96820189531281e-27,33.7508186723733,0.646204244411689,52.229336102706,4.21446785231211e-69
"35",1,52,"Anatolian","mod1",-0.0765442251333263,0.00525651962980354,-14.5617691027603,8.17565817831124e-25,33.658932581861,0.686413627686321,49.035932889786,4.0615424005612e-64
"36",1,53,"Anatolian","mod1",-0.0738468760798781,0.00488093195425711,-15.1296671971568,4.33827667329439e-26,34.5013251285002,0.667084293767209,51.7195884401081,4.11298829877703e-67
"37",1,54,"Anatolian","mod1",-0.0765924670067717,0.00500474331793007,-15.3039750774771,3.78750132664279e-26,34.2896125880305,0.677598526856625,50.6046150175382,3.05014791206318e-65
"38",1,62,"Anatolian","mod1",-0.0744776172583286,0.00487438041519983,-15.2794018755869,4.18831715654197e-26,34.2528303706446,0.657260272064802,52.1145607402047,2.70685133422169e-66
"39",1,64,"Anatolian","mod1",-0.0731106883711991,0.00450722502257075,-16.220776199343,3.52419182313874e-28,34.8165190074188,0.617206501432951,56.4098384034943,7.09550713261312e-71
"40",1,67,"Anatolian","mod1",-0.0717004417537409,0.00446062616098586,-16.0740755145224,8.82486928128954e-28,34.8864451269648,0.613247385581152,56.8880454237962,1.31117277199782e-70
"41",1,68,"Anatolian","mod1",-0.0726390913092935,0.00455863629000918,-15.9343906133708,2.1388717348691e-27,34.7875768048284,0.626387771874432,55.5368070176856,3.75978507401268e-69
"42",1,69,"Anatolian","mod1",-0.0690762541635592,0.00429115178556133,-16.0973691016905,3.11513842748151e-28,35.3143646742144,0.599393164202447,58.916862559158,1.11723150496438e-73
"43",1,71,"Anatolian","mod1",-0.0685510599116445,0.00453745530979612,-15.1078204040151,1.1364810662246e-25,35.484095048073,0.653430212483265,54.3043378928271,3.35572000295201e-67
"44",1,78,"Anatolian","mod1",-0.0664975437936355,0.00449531711828078,-14.7926257578614,3.12104591381334e-25,35.6160828941594,0.650535060971447,54.7489059866715,4.61477139657844e-68
"45",1,80,"Anatolian","mod1",-0.0686397267969348,0.00436860171566219,-15.7120587465892,9.87613285837047e-27,35.1520544483527,0.613529115185159,57.2948431921507,4.1784472205609e-69
"46",1,86,"Anatolian","mod1",-0.0677398041523454,0.00424909854306598,-15.9421588993008,2.85409953925681e-27,35.1571331312566,0.593942129911447,59.1928596418952,7.17836955392795e-71
"47",1,90,"Anatolian","mod1",-0.0669877755628613,0.00398572644299235,-16.806917514532,6.57156602349408e-29,35.5571949980074,0.564508543408947,62.9878775319946,9.6569414329102e-74
"48",1,92,"Anatolian","mod1",-0.0699927981855194,0.00405861290598643,-17.2454973674086,8.23936927367027e-30,35.1295728695597,0.561700191581986,62.5415006012726,4.19229083687558e-74
"49",1,99,"Anatolian","mod1",-0.0653081017195345,0.00421569703409695,-15.4916497061616,7.14244206879811e-27,36.0520980390394,0.610813747763608,59.023062547361,1.46009705125388e-72
"50",1,102,"Anatolian","mod1",-0.0636251585578185,0.00423413937513148,-15.0267038755291,6.67907505994933e-26,36.1143149136834,0.616124562073918,58.6152819360425,1.0374339634613e-71
"51",1,103,"Anatolian","mod1",-0.057327990714386,0.00386100616496985,-14.847940734856,4.7956706417895e-26,37.4506422749529,0.584223259267387,64.1033058524848,1.59705472336834e-77
"52",1,104,"Anatolian","mod1",-0.0548972798515736,0.00373048824159194,-14.7158431541247,2.39822094386534e-26,37.5673952137861,0.563950550786882,66.6146972662199,3.58383849897906e-82
"53",1,110,"Anatolian","mod1",-0.0544281614158615,0.00369558413840516,-14.7278912825267,2.91271602204955e-26,37.5064815869199,0.557516256942791,67.2742384098202,6.08211445703937e-82
"54",1,116,"Anatolian","mod1",-0.0551693192118413,0.00372241127855531,-14.8208553766399,2.47306944380208e-26,37.4841049885679,0.561383979619658,66.7708847230798,5.2310112480946e-81
"55",1,119,"Anatolian","mod1",-0.0547348922657927,0.00365046181377485,-14.9939637936365,8.82106216499987e-27,37.4287997462119,0.549470323781304,68.117964021491,1.90619945950096e-82
"56",1,120,"Anatolian","mod1",-0.0550585721298347,0.00366627994684835,-15.0175581046845,7.93780769231705e-27,37.3101202809399,0.549229315181116,67.9317713924945,2.45950843474525e-82
"57",1,121,"Anatolian","mod1",-0.0544387361887185,0.00357356309608107,-15.2337414297843,5.19544807153662e-27,37.2285820651803,0.534997750380681,69.586427304956,5.20080142804264e-82
"58",1,122,"Anatolian","mod1",-0.0516092926862284,0.00338495415516526,-15.2466740524315,1.68375872275478e-27,37.7336602589929,0.515303598364748,73.2260756158817,1.04584746137476e-86
"59",1,134,"Anatolian","mod1",-0.0526000270398345,0.0034073362329583,-15.4372869137621,3.23177379137724e-28,38.07002090651,0.525212969713436,72.4849215495985,2.9559026738508e-88
"60",1,135,"Anatolian","mod1",-0.0529165819367719,0.00338156813587875,-15.6485334053518,1.23113089477842e-28,38.0104317169813,0.519941368622815,73.1052268790628,1.28056584163347e-88
"61",1,136,"Anatolian","mod1",-0.049773836020627,0.00340655838801839,-14.6111794812302,1.8774755868259e-26,38.357155374143,0.534315805216978,71.7874242154726,3.41323559781127e-87
"62",1,140,"Anatolian","mod1",-0.0499107247841747,0.00338709835757982,-14.7355404287218,8.29628845323743e-27,38.2399609901679,0.527477813895513,72.4958661441308,2.91242268009854e-88
"63",1,141,"Anatolian","mod1",-0.0511301411685361,0.00333947656633137,-15.3108249610225,9.69589917873348e-28,38.4299251569158,0.52395290174959,73.3461443358555,1.94084772256116e-87
"64",1,142,"Anatolian","mod1",-0.0493718514576549,0.00310475162369407,-15.9020293542553,5.13858276626161e-29,39.0609799894233,0.499012139909417,78.2766126621967,7.52038618925148e-91
"65",1,157,"Anatolian","mod1",-0.0474400252564029,0.00292117405529386,-16.2400542927014,2.7357619604726e-29,40.4131198321213,0.49692245656826,81.3268132642139,2.39287210943658e-90
"66",1,170,"Anatolian","mod1",-0.0478155046873299,0.00279123636001108,-17.1305824803529,1.20710951805134e-31,40.297598011675,0.464408114455404,86.7719506988603,1.1251590949799e-96
"67",1,172,"Anatolian","mod1",-0.0470357351219975,0.00276934120295873,-16.9844492515928,2.29949800292704e-31,40.2964582543475,0.46096933394897,87.4167873796315,5.37868897302872e-97
"68",1,176,"Anatolian","mod1",-0.0457931210122072,0.002660685658182,-17.2110226066678,2.21196144463459e-31,41.0178128308296,0.45691519646748,89.7711723049443,6.50477887889813e-96
"69",1,192,"Anatolian","mod1",-0.0464042398365726,0.00276567018195159,-16.7786600656148,5.72498292126789e-31,41.84369291493,0.492278223781262,85.0000891640553,8.79153748336386e-96
"70",1,195,"Anatolian","mod1",-0.0468968497294718,0.00271594224232602,-17.2672485440293,3.53071345910122e-32,41.6547036109474,0.478240625546883,87.0998852582086,2.72285399021872e-98
"71",1,196,"Anatolian","mod1",-0.0466903414337613,0.00275491159307263,-16.9480362096434,1.98994705018833e-31,41.6695920681534,0.487778122938709,85.4273492568861,1.018181253987e-96
"72",1,204,"Anatolian","mod1",-0.0466903414337613,0.00275491159307263,-16.9480362096434,1.98994705018833e-31,41.6695920681534,0.487778122938709,85.4273492568861,1.018181253987e-96
"73",1,206,"Anatolian","mod1",-0.046602574724647,0.00277552568919305,-16.7905398628092,2.22233866910305e-31,42.1065805491781,0.496658965094717,84.7796647366428,8.2113007608205e-98
"74",1,207,"Anatolian","mod1",-0.0462410140258706,0.00272496043835052,-16.9694258217787,9.88433956834243e-32,42.0331005008799,0.486564072148313,86.3875960164758,1.1955671383143e-98
"75",1,208,"Anatolian","mod1",-0.046569345332656,0.00270526372850167,-17.2143458111009,3.28137042726328e-32,42.0060056615219,0.482614411576167,87.0384403240979,5.53535475931501e-99
"76",1,227,"Anatolian","mod1",-0.0457605091939008,0.0026081368203483,-17.5452870558339,2.91889662373759e-33,42.4231655670972,0.470893318554563,90.0908207772362,1.0137496017961e-102
"77",1,228,"Anatolian","mod1",-0.0450836146469034,0.00248032110396747,-18.1765234246439,1.22738587933014e-34,42.3462982751785,0.445217670341089,95.1136962797012,5.79522652081772e-106
"78",1,233,"Anatolian","mod1",-0.0452046399024743,0.00249812356932145,-18.0954378949128,2.44830827211491e-34,42.6430794894347,0.45256264405418,94.2258050894929,8.83695303766521e-105
"79",1,234,"Anatolian","mod1",-0.0459088399441644,0.00242383567578553,-18.9405743973489,7.36494767680699e-37,42.6464764706235,0.431355208321374,98.8662606777902,1.42345676120328e-111
"80",1,236,"Anatolian","mod1",-0.0461309684049417,0.00246706786470085,-18.6987026441348,4.32250052935247e-36,42.5607449893605,0.439585785645266,96.8201119762911,4.68083778803994e-109
"81",1,240,"Anatolian","mod1",-0.044628865255302,0.00247214168890802,-18.052713343876,6.00335491783737e-35,42.6564708244515,0.441341528260677,96.6518401124866,1.00397956929581e-109
"82",1,244,"Anatolian","mod1",-0.0440150194239361,0.00242466465408817,-18.1530338019005,2.75549815996131e-35,42.6704147777813,0.433033933273943,98.5382703271605,2.06333287997289e-111
"83",1,245,"Anatolian","mod1",-0.0486918465941323,0.00256406512122033,-18.9900974788652,2.33220890946904e-36,42.9250858071468,0.46783840606557,91.7519494992693,4.95627021302069e-105
"84",1,246,"Anatolian","mod1",-0.049531492353637,0.00263179340677965,-18.8204333311425,3.50876724939335e-36,42.7584193881251,0.475394419732407,89.943040164824,7.95608501140738e-105
"85",1,247,"Anatolian","mod1",-0.048062167520209,0.00262704554567206,-18.2951405617574,3.74065037947482e-35,42.8961819037706,0.478989397410301,89.5555979645743,1.2710907567642e-104
"86",1,273,"Anatolian","mod1",-0.0480009279894161,0.00263294816198336,-18.2308670875076,1.33801458938005e-34,43.0396360459129,0.486366625119544,88.4921658334064,6.71451090525298e-102
"87",1,274,"Anatolian","mod1",-0.0500300983305155,0.00270847347195745,-18.4716959012185,6.30367748452487e-36,43.7742642090789,0.504056895990988,86.8438951182636,2.71696072424043e-105
"88",1,276,"Anatolian","mod1",-0.0503498916563912,0.00274669594294451,-18.3310758461365,1.20668228955023e-35,43.720033725274,0.510980965574539,85.5609830321485,1.424347069453e-104
"89",1,284,"Anatolian","mod1",-0.0494811475118511,0.00269807329441476,-18.3394378552582,4.24856294809537e-35,44.2970666405774,0.51734294516517,85.6241822847992,8.37151168277537e-102
"90",1,285,"Anatolian","mod1",-0.048709168186962,0.00261464656966666,-18.6293508086532,5.91503076936604e-36,44.6759945845431,0.50544135111136,88.3900663970408,1.01370914369586e-104
"91",1,287,"Anatolian","mod1",-0.0480690711127326,0.00253949119286354,-18.9286228862758,1.53465855619574e-36,44.7873674086311,0.4920583244943,91.0204444862511,4.08643458528469e-106
"92",1,321,"Anatolian","mod1",-0.0462747424612391,0.00251445544738314,-18.4034847423518,1.19203439170174e-35,45.4170487294944,0.500030799486385,90.8285025165355,9.69640809739863e-107
"93",1,322,"Anatolian","mod1",-0.0463703234377155,0.00248874725375271,-18.6319938144764,8.16793937192828e-36,45.290838336278,0.493215211868562,91.8277401961957,8.37352668709977e-106
"94",1,325,"Anatolian","mod1",-0.0476825273757034,0.00252303946456454,-18.8988432584558,1.24828087670385e-36,45.0925714421624,0.494283960151733,91.2280694447785,5.96931288483786e-107
"95",1,328,"Anatolian","mod1",-0.0472945461922302,0.002546783381039,-18.5703057999913,1.07811355340664e-35,45.3556196548627,0.505289046971782,89.7617312836697,9.90405197085964e-105
"96",1,333,"Anatolian","mod1",-0.0476949798636372,0.00256425002767004,-18.5999724476846,9.43329075032339e-36,45.2294003096454,0.506296968406717,89.3337371779637,1.66371774817553e-104
"97",1,334,"Anatolian","mod1",-0.0469152913497716,0.0025719812046232,-18.2409153167372,6.62415771319135e-35,45.5897216376613,0.518422930116731,87.9392461043264,4.76165250931775e-103
"98",1,383,"Anatolian","mod1",-0.0480970276662502,0.00283327808111035,-16.9757525697587,2.95652903413066e-32,46.3065318273244,0.576598705619182,80.3098088428729,3.87423502172277e-98
"99",1,408,"Anatolian","mod1",-0.0475424968331441,0.00277689139593943,-17.1207620516467,1.12660958602317e-32,46.3237884759978,0.564269890754488,82.0950917903099,7.67508369611424e-100
"100",1,410,"Anatolian","mod1",-0.047034241248919,0.00273941677907158,-17.1694360669205,8.98277615723304e-33,46.6708313902062,0.561935351850643,83.0537378303453,2.20839130616908e-100
"101",1,411,"Anatolian","mod1",-0.0465239815946236,0.0026485181061121,-17.5660424926899,7.82839443041168e-34,46.6397747675382,0.540313999951001,86.3197599391609,1.35588358248333e-103
"102",1,413,"Anatolian","mod1",-0.0455804495166425,0.00253442139398619,-17.9845583788072,1.12496446277043e-34,46.6774348994229,0.522278817467956,89.3726364889128,3.022104493355e-105
"103",1,415,"Anatolian","mod1",-0.0455804495166425,0.00253442139398619,-17.9845583788072,1.12496446277043e-34,46.6774348994229,0.522278817467956,89.3726364889128,3.022104493355e-105
"104",1,417,"Anatolian","mod1",-0.0428697665898042,0.00257078919839265,-16.6757222321488,5.22393577349805e-32,46.8879059618576,0.534274774985815,87.7599096141166,2.21819661899017e-104
"105",1,419,"Anatolian","mod1",-0.043180506390893,0.002686617858787,-16.0724407640128,2.0636305193885e-30,46.8288487294065,0.561949589664642,83.3328284078877,7.62663373131392e-100
"106",1,424,"Anatolian","mod1",-0.0441816301013201,0.00273874232006587,-16.1320872641489,7.13059928780055e-31,46.6169546711822,0.564989463248578,82.5094231017051,1.88560158589399e-101
"107",1,425,"Anatolian","mod1",-0.043865391832791,0.00271258652276213,-16.1710572048867,4.569698110021e-31,46.8632065655374,0.56280769346352,83.266819394634,1.42363754445017e-102
"108",1,446,"Anatolian","mod1",-0.0441440503132643,0.00271140533211343,-16.2808746410688,2.67964594537272e-31,46.7290202086883,0.559613649821736,83.5022880938907,1.04280001288107e-102
"109",1,454,"Anatolian","mod1",-0.0432404007150283,0.00266792854941317,-16.2074807904954,2.30238433367029e-31,46.7868774515766,0.550096207324804,85.0521723810964,5.60064303713136e-105
"110",1,456,"Anatolian","mod1",-0.0433720838265697,0.00257212065331414,-16.8623830964871,4.20401566880801e-33,46.5443048108744,0.52370232109342,88.875498419973,3.00515576287486e-109
"111",1,457,"Anatolian","mod1",-0.0426259663824959,0.0024567863261416,-17.3502945408525,5.09145623849369e-34,46.4687532109236,0.504793724436955,92.0549344442715,2.74354165298938e-110
"112",1,463,"Anatolian","mod1",-0.0429355481908152,0.0024896747394729,-17.2454447603486,1.1199254583744e-33,46.3896046905808,0.511530514170034,90.6878542052347,7.92179622829153e-109
"113",1,471,"Anatolian","mod1",-0.0420940166158411,0.00242502217171375,-17.3581986617852,8.65636303724623e-34,47.102126059933,0.509628780322662,92.4243839410152,4.91014831592253e-109
"114",1,474,"Anatolian","mod1",-0.041994320231859,0.00241521914717128,-17.3873746740717,4.25509789974124e-34,47.1992301660186,0.508718894105253,92.7805723611538,1.11688904474919e-110
"115",1,500,"Anatolian","mod1",-0.0430550635555686,0.00248666297328925,-17.3143944386711,6.05850999862671e-34,47.2641182473335,0.523229101583113,90.3315929949775,2.38441721456484e-109
"116",1,522,"Anatolian","mod1",-0.0437419209825676,0.00256941297000662,-17.0240912975756,8.52160023855621e-34,47.1153899764267,0.533277153407426,88.3506628314721,4.70826323910834e-111
"117",1,523,"Anatolian","mod1",-0.0435687169620605,0.0025722479286774,-16.9379928257782,2.89630944550097e-33,47.0273390773034,0.534814281921179,87.9320928161644,1.02846248236326e-108
"118",1,571,"Anatolian","mod1",-0.0425222489421859,0.00243203003663675,-17.4842614201385,2.66461253809478e-34,47.5448064158512,0.516314859563227,92.0849081432043,2.64320162013061e-110
"119",1,578,"Anatolian","mod1",-0.0433038201040392,0.00268252243553948,-16.1429479695406,4.06745219598942e-31,47.539592079757,0.572866491115768,82.9854648805946,4.26826611877137e-103
"120",1,580,"Anatolian","mod1",-0.0431537237097367,0.00267868837500827,-16.110020154772,2.90488183557178e-31,47.5096180825497,0.571771994378643,83.0918942334337,1.59417660791383e-104
"121",1,629,"Anatolian","mod1",-0.0445184984689598,0.00265254536412971,-16.7833127647814,6.21182548432335e-33,47.6142270327251,0.555976925015557,85.6406532184637,2.15537297043404e-107
"122",1,647,"Anatolian","mod1",-0.0449812106341545,0.00275010461799288,-16.3561816302768,2.47310613786128e-32,47.50794632233,0.572051291483647,83.0484032281712,7.02709939147308e-108
"123",1,650,"Anatolian","mod1",-0.0447887514000569,0.00286294198201936,-15.6443098328054,2.35654388341208e-30,47.7544683105455,0.605572413490534,78.8583945482054,1.29236516030196e-102
"124",1,682,"Anatolian","mod1",-0.0437490959407967,0.00268716510454533,-16.2807621559223,9.69925289640757e-32,47.8316121627482,0.571779306358154,83.6539756351154,1.54272064357796e-105
"125",1,699,"Anatolian","mod1",-0.0436996616924069,0.00258818705356461,-16.8842748951321,1.71693487980263e-33,47.7627427598275,0.544834454755305,87.6646884993325,1.18284549274895e-110
"126",1,711,"Anatolian","mod1",-0.0428866365532823,0.00259160341762748,-16.5483022061082,1.54364057731536e-32,48.2726732791679,0.554311904459209,87.0857596433241,6.31016637076934e-109
"127",1,744,"Anatolian","mod1",-0.0426074444311965,0.00257866827549502,-16.5230420818735,1.75156749622349e-32,48.2237005334188,0.550800010260802,87.5521053650399,3.39220646162254e-109
"128",1,763,"Anatolian","mod1",-0.041669014871902,0.00250084276412108,-16.6619890981217,1.90974368230851e-32,48.6383760232981,0.545404511357444,89.1785363165465,5.31351632960499e-108
"129",1,765,"Anatolian","mod1",-0.0419618264346854,0.00247911372278175,-16.9261401964251,1.3917056434262e-33,49.2262722637994,0.552469005069224,89.1023239532349,1.72953432517239e-111
"130",1,766,"Anatolian","mod1",-0.0406518493149741,0.00229180343407397,-17.7379301865825,4.39338949311022e-35,49.8916591015248,0.524363951375745,95.1470042336564,2.12046136302198e-113
"131",1,769,"Anatolian","mod1",-0.0406925277964875,0.00237032915534937,-17.167458664824,5.44965514409547e-34,50.0350544446416,0.543707088025201,92.0257534739413,1.97463274466422e-112
"132",1,798,"Anatolian","mod1",-0.0404219411381088,0.00244238361422166,-16.5502015746984,1.18771275027689e-32,49.9133176668943,0.55907079693919,89.2790643692365,6.90748648295295e-111
"133",1,800,"Anatolian","mod1",-0.040596682323251,0.00238609101334654,-17.0138867696892,5.32038491511575e-34,49.9224485292132,0.541236425223032,92.2377840860236,1.07842453813792e-114
"134",1,821,"Anatolian","mod1",-0.0406289614357889,0.002355597252283,-17.2478386941622,9.63942980000877e-35,49.8431678927374,0.531636566313644,93.7542130300569,5.56460136592275e-117
"135",1,822,"Anatolian","mod1",-0.039967739902308,0.00233769492934114,-17.0970725908931,2.69270373920134e-34,49.8615801402112,0.529785405036268,94.1165605284988,1.81536448096694e-116
"136",1,839,"Anatolian","mod1",-0.04211581505101,0.00241305769979629,-17.4532979690313,4.44231361187579e-35,50.4561033443644,0.55446051569673,91.0003542469778,1.07726506907418e-114
"137",1,850,"Anatolian","mod1",-0.0417281184286982,0.00236089620217747,-17.674694207315,1.10967083920939e-35,50.4154797360984,0.540653925541997,93.24907737525,1.07728951509755e-116
"138",1,871,"Anatolian","mod1",-0.0406859011232535,0.00235229345967908,-17.2962692881032,5.79723888317789e-35,50.4888154725491,0.54018912326884,93.4650723195364,1.56933621170525e-117
"139",1,879,"Anatolian","mod1",-0.041462209930845,0.00238941954389449,-17.3524193508797,2.5833827196651e-35,51.536817972354,0.564577119547556,91.2839294898364,1.13954353345758e-117
"140",1,882,"Anatolian","mod1",-0.0410358138659263,0.00238028691905831,-17.2398602611154,7.73724735047234e-35,51.8660260571652,0.571974063283226,90.6789824689701,6.52922214847462e-116
"141",1,919,"Anatolian","mod1",-0.0410764808784886,0.00236229078126522,-17.3884100993225,2.78432745975101e-35,51.7808843041829,0.566002169311433,91.4853106785381,4.34838195365137e-117
"142",1,938,"Anatolian","mod1",-0.0417051122418153,0.0024584855120154,-16.9637413106521,2.48829664105178e-34,51.4933746465063,0.583462898875696,88.2547540653081,3.76356495286118e-115
"143",1,951,"Anatolian","mod1",-0.0417647068174173,0.00244669057935154,-17.0698768245907,1.43641354326178e-34,51.405209117849,0.578689953080012,88.8303120595935,1.68063774475847e-115
"144",1,976,"Anatolian","mod1",-0.040866903479509,0.0022160952338611,-18.4409509370708,3.20803181627144e-38,51.8861045440454,0.525056914439724,98.8199624023842,6.65088193629124e-125
"145",1,990,"Anatolian","mod1",-0.0411422525856678,0.00232723341715909,-17.6786102684497,2.17837762685923e-36,51.9388271525084,0.553823733800537,93.7822342789204,2.90880178965632e-121
"146",1,1038,"Anatolian","mod1",-0.0411294005066222,0.0022484435213105,-18.292387652526,1.60009560259461e-37,52.1044835889951,0.53871024990027,96.7207948960338,1.54013797905287e-121
"147",1,1056,"Anatolian","mod1",-0.0399179885038345,0.00216867836461753,-18.4065969187065,1.19608050348046e-37,52.3223653632245,0.525255189653595,99.6132287578749,2.02513866371354e-122
"148",1,1062,"Anatolian","mod1",-0.0387421649235942,0.00210214075793003,-18.4298624045249,1.90696460627224e-37,53.0291742877103,0.523183569278535,101.358638538357,7.0993103587855e-122
"149",1,1063,"Anatolian","mod1",-0.0391012366375728,0.00211950319789818,-18.4483027326158,1.29755052443469e-37,52.9724517998672,0.52555117535708,100.794088727659,2.55157687221703e-122
"150",1,1065,"Anatolian","mod1",-0.0382778959200276,0.00214955995942729,-17.8073171451454,5.6950810107985e-36,53.008391767445,0.53635137232302,98.8314647874536,8.7600944313965e-120
"151",1,1069,"Anatolian","mod1",-0.0365351418040326,0.00207724708415234,-17.5882503736629,3.48972084131398e-36,53.9757307082541,0.525425084510035,102.727738548279,2.44365784218654e-126
"152",1,1091,"Anatolian","mod1",-0.039321816437798,0.00210740485973667,-18.6588809720746,3.37029415866543e-39,54.5261755467338,0.537891238861451,101.370261508904,2.85593332142343e-129
"153",1,1106,"Anatolian","mod1",-0.0387886533830094,0.00206979041409207,-18.7403773439661,1.25719644968972e-39,54.5131123552806,0.526675875466632,103.504099759615,5.93824178312027e-132
"154",1,1121,"Anatolian","mod1",-0.0392685358954131,0.0021050810528068,-18.6541681343123,4.57396276244669e-39,54.3706896429391,0.53603030367252,101.432119173912,1.42010368726077e-128
"155",1,1124,"Anatolian","mod1",-0.0377712422308246,0.00193545937626553,-19.5153887981386,1.20802938081817e-41,55.1726694187808,0.499315245159227,110.496665090181,2.53737229910727e-137
"156",1,1166,"Anatolian","mod1",-0.0370374972713361,0.00192449767358717,-19.2452803553147,6.65949191585602e-41,55.1944959832067,0.496721000378685,111.117701770467,6.82488094931516e-137
"157",1,1193,"Anatolian","mod1",-0.0375014731353832,0.00195418633132572,-19.1903261906157,5.00427768047531e-41,55.1495894341519,0.500844632384361,110.113168572063,7.12878148152204e-138
"158",1,1198,"Anatolian","mod1",-0.0376813773013884,0.00199038676789279,-18.9316859965269,3.46333959145898e-40,55.1194953297622,0.512002142234764,107.654813882573,5.12953553485172e-135
"159",1,1200,"Anatolian","mod1",-0.0378131303043919,0.00201022706768588,-18.8103776494868,4.98264245614168e-40,55.1816399983303,0.517778128628531,106.573910613979,3.64051677930457e-135
"160",1,1316,"Anatolian","mod1",-0.03749145217952,0.00199813821740984,-18.7631925824029,1.11471359158945e-39,55.1210506209168,0.514892867666099,107.053435932739,6.19281009043621e-134
"161",1,1346,"Anatolian","mod1",-0.0363917949209495,0.00200717054607218,-18.1308932577574,3.20149418767835e-38,55.2271180691435,0.519074884323566,106.395280790965,1.42717708418861e-133
"162",1,1382,"Anatolian","mod1",-0.0366274644063969,0.00200247851483386,-18.2910648654005,1.04440141892506e-38,55.0931121426317,0.51521833899329,106.931582152686,1.28622318115902e-134
"163",1,1396,"Anatolian","mod1",-0.036224312638132,0.00197181811910662,-18.3710212859513,4.01211074767485e-39,55.1237367204624,0.506270113800629,108.882067532373,3.37898664861352e-137
"164",1,1413,"Anatolian","mod1",-0.0358307005460576,0.00192783204857542,-18.5860073093685,9.6396651829851e-40,55.0737956366689,0.49297847592651,111.716430485454,1.66127686392084e-139
"165",1,1447,"Anatolian","mod1",-0.0350324390881334,0.00192085765553363,-18.2379152287581,6.36872684875802e-39,55.1182935901814,0.491362745673105,112.174343854002,9.39128083645697e-140
"166",1,1499,"Anatolian","mod1",-0.0347473572247909,0.00190846102894509,-18.2070038097648,2.13151878872892e-38,55.3606441120701,0.495481306668467,111.73104487898,1.88785260167442e-136
"167",1,1526,"Anatolian","mod1",-0.0339141419701086,0.0019039570200218,-17.8124514437413,1.37563060579322e-37,55.4209297598751,0.49698341359773,111.514646653246,4.19485347133113e-137
"168",1,1531,"Anatolian","mod1",-0.033562150783505,0.00184014779969221,-18.2388342877233,1.79844899958999e-38,55.6631807542889,0.484094860651197,114.984035730955,3.85773300088064e-138
"169",1,1536,"Anatolian","mod1",-0.0337618219823034,0.00188670386355645,-17.8946058437926,8.81962143486233e-38,55.7201280284826,0.496862988727484,112.143849094471,1.94608460942421e-137
"170",1,1547,"Anatolian","mod1",-0.0344899125308796,0.00195064288967648,-17.6813053344685,1.71444630367674e-37,55.511299341961,0.507390443816259,109.405488452722,1.74006167197619e-137
"171",1,1550,"Anatolian","mod1",-0.0346647072856445,0.00203635125871359,-17.0229507985488,4.15848208270357e-36,55.4208470472703,0.525907198719078,105.381419349755,1.03741170288895e-136
"172",1,1553,"Anatolian","mod1",-0.034645093514724,0.00202874424728514,-17.0771123866826,3.84264083693764e-36,55.3466056197959,0.523819618680801,105.65966536187,3.92387452277325e-136
"173",1,1576,"Anatolian","mod1",-0.0342236520082089,0.00196535646469491,-17.4134578754504,5.91250525607168e-37,55.7105032147193,0.513795921567577,108.429243744769,1.06758085493587e-137
"174",1,1581,"Anatolian","mod1",-0.0348433765468436,0.00201667709855987,-17.2776180042535,5.05015939814687e-37,56.4284052445448,0.530115125544257,106.445567246569,1.54359353093108e-139
"175",1,1627,"Anatolian","mod1",-0.0338355226595397,0.002033064873418,-16.6426182961172,2.32752823832749e-35,56.5259958104435,0.537374134228665,105.189275422755,4.55682418876769e-138
"176",1,1706,"Anatolian","mod1",-0.0332912210824954,0.00202342040685985,-16.4529432290149,1.04114413480221e-34,56.5247614607832,0.536452278489979,105.367734889468,1.05647558370692e-136
"177",1,1711,"Anatolian","mod1",-0.033161727443327,0.00205582412384735,-16.1306247254589,1.19666617298365e-33,56.4563523651813,0.548021548638481,103.018489885011,3.83705156906335e-133
"178",1,1778,"Anatolian","mod1",-0.0328962976720935,0.00197527836969799,-16.654005924807,3.32942188869275e-35,56.5677606757856,0.526154460715848,107.511700269201,6.26475417658809e-138
"179",1,1784,"Anatolian","mod1",-0.0327653272232415,0.00195445056184591,-16.7644696995025,1.43784698904754e-35,56.799853870774,0.52294263720904,108.615840111865,2.66543416750048e-139
"180",1,1796,"Anatolian","mod1",-0.0312273221175438,0.00181171720540456,-17.2363115084347,4.09334551283128e-37,58.3317825927969,0.502433901137841,116.098421027513,1.74574649762007e-146
"181",1,1851,"Anatolian","mod1",-0.0315934617979359,0.00184871877962661,-17.0893821959859,1.4705542922119e-36,58.2345724397656,0.514313768253318,113.227714353319,2.21226423343341e-143
"182",1,1909,"Anatolian","mod1",-0.0311220295997792,0.00182311228334359,-17.0708243722111,1.63432668648589e-36,58.2249244879118,0.507245528153513,114.786471750404,3.1136320723102e-144
"183",1,1918,"Anatolian","mod1",-0.0308536962550199,0.00182748980772459,-16.8831016865894,7.34126961478398e-36,58.1590615394405,0.509994514983249,114.038602045261,2.71881005170759e-142
"184",1,1922,"Anatolian","mod1",-0.0296379232513776,0.00187281491415299,-15.8253349155871,5.53219922514395e-33,58.2611031670587,0.528292559113159,110.281892413668,5.7673439417162e-138
"185",1,1947,"Anatolian","mod1",-0.0297048397519621,0.00186117046234837,-15.9603004415197,1.73302500721476e-33,58.1770885590206,0.521579376572296,111.540239457602,3.58677695443896e-140
"186",1,1997,"Anatolian","mod1",-0.0304384065511888,0.00191536257673975,-15.8917204088845,1.75066018735066e-33,57.946862561684,0.530878513264275,109.152774342626,2.36595248871979e-140
"187",1,2048,"Anatolian","mod1",-0.0301550598072756,0.00192186346070679,-15.690531832155,6.77608997776992e-33,57.8948303523095,0.533423670140902,108.534423185639,2.9633537901477e-139
"188",1,2224,"Anatolian","mod1",-0.0298076301282734,0.00190436208955616,-15.6522912799743,7.02845161535621e-33,57.8486149677254,0.5280649741665,109.548290073648,1.41410120739209e-140
"189",1,2277,"Anatolian","mod1",-0.0284593111437136,0.00175300609639041,-16.234576252937,2.41682389172248e-34,58.6831482277273,0.495624541121717,118.402426350627,2.20200014614011e-145
"190",1,2330,"Anatolian","mod1",-0.0274527575494526,0.00175625543101278,-15.631415034897,7.93619124783849e-33,58.7869560984155,0.498184547248018,118.002367642987,3.56726800803636e-145
"191",1,2335,"Anatolian","mod1",-0.0266235683142861,0.00169217174422629,-15.733372457687,5.28847227066432e-33,58.9379963060448,0.483767943990224,121.831132133128,2.34923364939252e-146
"192",1,2343,"Anatolian","mod1",-0.0268716060989076,0.00170962103016705,-15.7178729231483,4.80024265222552e-33,58.8133898067877,0.486741416391166,120.830872052858,1.21812438132905e-146
"193",1,2364,"Anatolian","mod1",-0.0275465201265614,0.00174913741836446,-15.7486312037844,1.92455325840624e-33,58.5560422900604,0.489398452703983,119.649013940546,3.60209804819207e-149
"194",1,2365,"Anatolian","mod1",-0.0269678346929363,0.00171944742942,-15.6840123353076,2.35822007838197e-33,58.9764982482952,0.48678048035272,121.156251387814,9.4159088687401e-151
"195",1,2366,"Anatolian","mod1",-0.0271377652505311,0.00175346500717315,-15.4766505972545,1.63504831770274e-32,59.1480561577827,0.498773618629325,118.586978036904,2.90757424321536e-146
"196",1,2383,"Anatolian","mod1",-0.0279355614760285,0.00180119800918548,-15.5094339065261,4.71748320514829e-33,59.7309922165262,0.511009306795078,116.888266852015,5.40809978943298e-150
"197",1,2392,"Anatolian","mod1",-0.0231296322201057,0.00172336389739373,-13.4212120000222,3.32310682132118e-27,60.8348366531922,0.509152186371061,119.482618913585,9.87363200662082e-147
"198",1,2395,"Anatolian","mod1",-0.0225982844207563,0.00166114310265501,-13.6040563781877,5.08478357323338e-28,61.2439703811839,0.49201601650778,124.475562433678,4.47577150583186e-154
"199",1,2424,"Anatolian","mod1",-0.0227801660971141,0.00170074513377146,-13.3942268272721,1.28794391998657e-27,61.3236328758102,0.502778836305273,121.969399759254,4.18549704451699e-155
"200",1,2426,"Anatolian","mod1",-0.0225668011808058,0.00160987616764657,-14.017724862525,2.68797212636739e-29,61.5971487992459,0.478327147272816,128.7761925085,1.05866906004373e-158
"201",1,2436,"Anatolian","mod1",-0.0224826485923182,0.00159683620314277,-14.0794957855224,2.40330816823475e-29,61.5897656608028,0.476178747881913,129.341693502198,2.23644945626799e-157
"202",1,2442,"Anatolian","mod1",-0.0226800104259221,0.00163504334556367,-13.8711982697335,1.12714025735794e-28,61.479581500355,0.487969049911362,125.990739600232,4.62261936430427e-154
"203",1,2455,"Anatolian","mod1",-0.0227442955146217,0.00165328457971544,-13.7570360201003,1.74618004333707e-28,61.6270374941314,0.492638198618801,125.095937884869,3.40779858745547e-155
"204",1,2482,"Anatolian","mod1",-0.023945513493263,0.00176989062877182,-13.5293746992036,9.12132500443307e-28,62.1758961072943,0.539528155076618,115.241244636185,2.60255681328966e-148
"205",1,2489,"Anatolian","mod1",-0.0236117732690222,0.00172213842176109,-13.7107290393512,2.64077549803623e-28,62.4467149688705,0.528551352655783,118.146921117689,1.09198605979076e-150
"206",1,2503,"Anatolian","mod1",-0.0238099616154677,0.00169924838625889,-14.0120548637909,2.78398568258972e-29,62.4977107223037,0.518824922262688,120.460116776465,2.79212854749697e-154
"207",1,2508,"Anatolian","mod1",-0.0236026660312759,0.00169696485081609,-13.9087536314762,6.86328605681938e-29,62.7196090924791,0.524244173012008,119.638161607268,2.80425950741343e-152
"208",1,2532,"Anatolian","mod1",-0.0226818733092452,0.00169214706231228,-13.4041974332012,1.36426405203565e-27,62.8233515291249,0.523351174587148,120.040528386478,2.83121219464808e-153
"209",1,2546,"Anatolian","mod1",-0.0217581209823001,0.00169631649570808,-12.8266871408438,4.92139481078715e-26,62.9237430562137,0.526206946997978,119.579841002091,5.06750306390784e-153
"210",1,2589,"Anatolian","mod1",-0.021308942307826,0.00168568824616495,-12.6410932485916,1.56088274002162e-25,62.9087841392922,0.523631918332993,120.139322941896,2.49964576404057e-153
"211",1,2597,"Anatolian","mod1",-0.0215622284716909,0.00170125051328796,-12.6743406119644,9.31350553091768e-26,62.885104604897,0.525900686300186,119.576007871954,2.45850246701615e-155
"212",1,2599,"Anatolian","mod1",-0.0216751360752025,0.00171657678263839,-12.6269540019571,1.38811751150316e-25,62.8091013012041,0.530831102310142,118.322195191395,7.29941514364375e-154
"213",1,2610,"Anatolian","mod1",-0.0208158674123491,0.00167879962512532,-12.3992566479131,5.24563587326816e-25,63.5927157415608,0.529065920617165,120.198094912972,1.10374854424698e-155
"214",1,2616,"Anatolian","mod1",-0.0207948659644141,0.00164631190532321,-12.6311824005983,1.35184273012662e-25,63.5154531216233,0.517204179905783,122.805374722984,2.43287063181246e-156
"215",1,2643,"Anatolian","mod1",-0.0213792542627869,0.00170352737853323,-12.5499915834607,1.37593774472594e-25,63.3412401003899,0.528980238646158,119.742167046735,1.68300415629269e-158
"216",1,2650,"Anatolian","mod1",-0.0205174117351714,0.00159860455056519,-12.8345760856977,3.06561323027463e-26,63.7223766334315,0.505284889064839,126.11177973552,1.07150858965236e-159
"217",1,2671,"Anatolian","mod1",-0.0193407895567888,0.00160643138261405,-12.039598930965,5.49894238664519e-24,63.9705680902987,0.512232944556245,124.885696576423,1.84750583487954e-157
"218",1,2705,"Anatolian","mod1",-0.0198030584191918,0.00156250227935281,-12.6739388997207,1.03429962847185e-25,63.9199112042557,0.497366934491846,128.516607702444,2.26833927341435e-159
"219",1,2759,"Anatolian","mod1",-0.0199300372397848,0.00157745259415061,-12.6343177054498,1.19760632563379e-25,63.8202655767852,0.500546841182328,127.501085464923,1.22113300550995e-159
"220",1,2771,"Anatolian","mod1",-0.02060944688927,0.00164740806691341,-12.5102257923769,2.14795867139869e-25,63.6366144297713,0.514771797367209,123.621019557092,3.93147571516386e-159
"221",1,2777,"Anatolian","mod1",-0.0198396905315489,0.00164971601383745,-12.0261247179139,4.5863066043363e-24,63.7035720940586,0.516559354831969,123.322850507239,5.73550424878894e-159
"222",1,2796,"Anatolian","mod1",-0.019595627446702,0.00158499819378034,-12.363185979389,5.44348358938871e-25,63.9927545043755,0.500132166735599,127.951687095156,1.79927435112354e-161
"223",1,2809,"Anatolian","mod1",-0.0188726749964179,0.00157745183174918,-11.9640261696553,6.23148802119854e-24,64.0545173800955,0.497862750075534,128.658987583179,1.20959766772915e-162
"224",1,2814,"Anatolian","mod1",-0.0190468300422788,0.00153277577857761,-12.4263641874312,4.42398857185443e-25,64.0985403654838,0.486792377268859,131.67531653866,8.39877602515332e-162
"225",1,2815,"Anatolian","mod1",-0.0192221783008724,0.00155828807973003,-12.3354458979129,7.83354626759552e-25,64.0775093474461,0.494703080156526,129.527209184086,1.06793254554915e-160
"226",1,2825,"Anatolian","mod1",-0.0185901663865143,0.00154746939869931,-12.0132691490636,5.4301255319184e-24,64.1278425550236,0.491219860005802,130.548147125538,4.95180695318308e-162
"227",1,2826,"Anatolian","mod1",-0.0185334009912342,0.00153895782024548,-12.0428258314955,5.38891862539183e-24,64.2466247500253,0.492681920385551,130.401831469173,2.42296285805674e-160
"228",1,2830,"Anatolian","mod1",-0.018826456022706,0.00158780182119901,-11.8569306139789,1.45406472128103e-23,64.2903515433148,0.506662518373787,126.889890631075,4.11756112872949e-160
"229",1,2884,"Anatolian","mod1",-0.0191473145130472,0.00163197102254197,-11.7326314306875,2.69979980027113e-23,64.0287652251924,0.514830590737083,124.368610523944,2.5217576302278e-160
"230",1,2919,"Anatolian","mod1",-0.0190910707656491,0.00164279556096134,-11.6210873825818,6.95957128839828e-23,63.9647277977158,0.519683995986276,123.083890001887,2.83250962182717e-157
"231",1,2927,"Anatolian","mod1",-0.018896046768296,0.00164274183698803,-11.5027488451514,1.58275067163087e-22,63.81504912355,0.52030897046007,122.648373844339,2.96048159468021e-156
"232",1,2980,"Anatolian","mod1",-0.0189333822921527,0.0016325993984009,-11.5970778322579,6.89253919412164e-23,63.7368437952631,0.514384003883232,123.909070488381,2.7319514179558e-159
"233",1,3039,"Anatolian","mod1",-0.0189797129033912,0.00165199668149537,-11.4889534077096,1.36327656408857e-22,63.8508155425417,0.52208315368163,122.300087816046,2.10929025483915e-158
"234",1,3040,"Anatolian","mod1",-0.0185843672365965,0.00160647437224661,-11.568418119616,8.25868431093443e-23,64.2094448155981,0.51311657882681,125.13617268498,5.84854652027916e-160
"235",1,3086,"Anatolian","mod1",-0.0186009418241909,0.00160432039665172,-11.5942812065544,7.01524694885426e-23,64.0900126525216,0.511004930345488,125.419558298959,4.10550205523554e-160
"236",1,3133,"Anatolian","mod1",-0.0193488268098138,0.00171676750539918,-11.2704992079372,5.81370982717772e-22,64.9250252772034,0.55422198674687,117.146246142805,1.01318887016581e-154
"237",1,3136,"Anatolian","mod1",-0.0190330799401384,0.00166662134578852,-11.4201585070503,1.94971670769472e-22,65.2467797195569,0.542331679274444,120.307889457697,4.67732315579968e-158
"238",1,3138,"Anatolian","mod1",-0.0189553285742426,0.00168421377603582,-11.2547046247646,5.15762121683127e-22,65.0925724761335,0.544522521487003,119.540643237999,2.19706732252644e-158
"239",1,3142,"Anatolian","mod1",-0.0164524002617578,0.00162523798867753,-10.1230714371532,6.00581268228815e-19,66.7136884717613,0.542914066971229,122.880751357096,4.69801942653072e-161
"240",1,3232,"Anatolian","mod1",-0.0159987403731638,0.00162030731485095,-9.87389257983788,2.69915892157259e-18,66.7035443101319,0.539825168474411,123.565087746171,3.24412703019666e-162
"241",1,3237,"Anatolian","mod1",-0.0168493319657269,0.00172672485301203,-9.75797153572881,7.8072502788767e-18,66.5115358566405,0.580636985196622,114.549258060297,1.04769844302268e-151
"242",1,3240,"Anatolian","mod1",-0.0176028664049824,0.00170748469905038,-10.309238152923,1.87410402467117e-19,66.5724878956532,0.566635469891495,117.48732903784,5.96827062779649e-158
"243",1,3392,"Anatolian","mod1",-0.0171116115712827,0.00168219678866241,-10.172181808104,4.1887624223965e-19,67.0068480635095,0.564586541419888,118.683041744128,2.07225609709365e-159
"244",1,3477,"Anatolian","mod1",-0.0165619397904511,0.00166759750739379,-9.93161702210445,1.79295180673336e-18,67.0558810550724,0.559185611973265,119.917035809352,6.82894995725844e-161
"245",1,3534,"Anatolian","mod1",-0.0160583575913816,0.00166325959778758,-9.65475119623057,1.00549289587642e-17,67.0702790142535,0.558529597489668,120.08366130587,5.45949609040259e-161
"246",1,3695,"Anatolian","mod1",-0.0161911577883878,0.00167787262261795,-9.64981344240847,9.91102892649816e-18,66.9760816756833,0.561607185002311,119.257878930818,2.8928981371103e-161
"247",1,3724,"Anatolian","mod1",-0.0172070938597896,0.00170137866126661,-10.1136180037544,7.08837336057644e-19,66.8577352004808,0.568941121975597,117.512573125886,1.88541785650595e-156
"248",1,3758,"Anatolian","mod1",-0.0184247325970925,0.00169953272899463,-10.8410578288727,4.81193015867077e-21,67.0584995359417,0.568681896999561,117.919173952522,5.6487550340385e-162
"249",1,3774,"Anatolian","mod1",-0.0175954029153337,0.00170005875684259,-10.3498792877091,1.10200869124674e-19,67.1596047232034,0.570461292829266,117.728591873636,7.36536865988821e-162
"250",1,3817,"Anatolian","mod1",-0.0173551469776815,0.00168612293314443,-10.2929309817974,1.35115797002191e-19,67.1781744815763,0.563696798006444,119.174305618121,5.46201948501965e-165
"251",1,3860,"Anatolian","mod1",-0.0172165628763226,0.00167518217997161,-10.2774271850327,1.49172596914916e-19,68.2229767515962,0.567950100034657,120.121427476522,1.4557781790893e-165
"252",1,3955,"Anatolian","mod1",-0.0175012871750283,0.00169414459282874,-10.3304565909608,1.18162984662346e-19,68.0321447710256,0.573847357163835,118.554427273597,4.13701345343041e-163
"253",1,4091,"Anatolian","mod1",-0.0173339218495518,0.0016746074780434,-10.3510357363295,9.82789481195041e-20,67.9997216266967,0.566953483634971,119.938802017271,1.06734568826517e-164
"254",1,4179,"Anatolian","mod1",-0.0174422190645088,0.00170091236192764,-10.2546253733741,1.91329608426117e-19,67.945648678196,0.577206721253221,117.714583313711,1.33733283714147e-162
"255",1,4284,"Anatolian","mod1",-0.0173299786396421,0.0017136771645821,-10.1127441024566,4.47560622851795e-19,68.2214946995954,0.582406962382424,117.137155126932,5.40220286652785e-163
"256",1,4338,"Anatolian","mod1",-0.0169812621542672,0.00170817901386365,-9.94114903440835,1.39133287280319e-18,68.5730833170674,0.586255719897625,116.967870827839,3.82187785537399e-162
"257",1,4353,"Anatolian","mod1",-0.0162170488692665,0.00166234712311226,-9.75551293938224,4.47419175988759e-18,69.3089114337015,0.580073364649843,119.483009662992,1.14125448072406e-163
"258",1,4355,"Anatolian","mod1",-0.0168035503167803,0.00169738059596605,-9.89969506939996,1.89428336477813e-18,69.3719938863287,0.595471321447309,116.499302968476,4.12031239469843e-161
